,_healpix_29,amplitude_g,amplitude_r,amplitude_i,amplitude_z,inter_percentile_range_25_g,inter_percentile_range_25_r,inter_percentile_range_25_i,inter_percentile_range_25_z,anderson_darling_normal_g,anderson_darling_normal_r,anderson_darling_normal_i,anderson_darling_normal_z,beyond_1_std_g,beyond_1_std_r,beyond_1_std_i,beyond_1_std_z,chi2_pvar_g,chi2_pvar_r,chi2_pvar_i,chi2_pvar_z,cusum_g,cusum_r,cusum_i,cusum_z,eta_g,eta_r,eta_i,eta_z,eta_e_g,eta_e_r,eta_e_i,eta_e_z,excess_variance_g,excess_variance_r,excess_variance_i,excess_variance_z,kurtosis_g,kurtosis_r,kurtosis_i,kurtosis_z,lafler_kinman_string_length_g,lafler_kinman_string_length_r,lafler_kinman_string_length_i,lafler_kinman_string_length_z,maximum_slope_g,maximum_slope_r,maximum_slope_i,maximum_slope_z,mean_g,mean_r,mean_i,mean_z,mean_variance_g,mean_variance_r,mean_variance_i,mean_variance_z,median_g,median_r,median_i,median_z,median_absolute_deviation_g,median_absolute_deviation_r,median_absolute_deviation_i,median_absolute_deviation_z,median_buffer_range_percentage_10_g,median_buffer_range_percentage_10_r,median_buffer_range_percentage_10_i,median_buffer_range_percentage_10_z,otsu_mean_diff_g,otsu_std_lower_g,otsu_std_upper_g,otsu_lower_to_all_ratio_g,otsu_mean_diff_r,otsu_std_lower_r,otsu_std_upper_r,otsu_lower_to_all_ratio_r,otsu_mean_diff_i,otsu_std_lower_i,otsu_std_upper_i,otsu_lower_to_all_ratio_i,otsu_mean_diff_z,otsu_std_lower_z,otsu_std_upper_z,otsu_lower_to_all_ratio_z,percent_amplitude_g,percent_amplitude_r,percent_amplitude_i,percent_amplitude_z,percent_difference_magnitude_percentile_5_g,percent_difference_magnitude_percentile_5_r,percent_difference_magnitude_percentile_5_i,percent_difference_magnitude_percentile_5_z,chi2_g,chi2_r,chi2_i,chi2_z,roms_g,roms_r,roms_i,roms_z,skew_g,skew_r,skew_i,skew_z,standard_deviation_g,standard_deviation_r,standard_deviation_i,standard_deviation_z,stetson_K_g,stetson_K_r,stetson_K_i,stetson_K_z,weighted_mean_g,weighted_mean_r,weighted_mean_i,weighted_mean_z
0,2528713666380974602,2.4489412,2.7826805,2.504981,3.0195713,2.506794,3.018135,1.4756527,2.723627,2.150297,1.175176,1.4548203,0.8516495,0.39215687,0.4318182,0.29213482,0.40350878,0.0,0.0,0.0,0.0,0.32386148,0.23286963,0.40783724,0.33467713,0.4091923,0.62270856,0.34849682,0.6781996,3.945301e+06,5.144961e+06,4.0266395e+06,5.501891e+06,0.005810195,0.007596665,0.0031603463,0.0077504,-0.6174655,-1.2965692,0.46603227,-1.0720572,0.295733,0.40502647,0.2759323,0.37054676,3070.1719,2479.9375,5624.0625,5121.125,18.434406,19.25995,19.696863,18.693151,0.07622542,0.08716182,0.056220155,0.088040575,17.963406,18.925642,20.029737,18.647274,0.76547813,1.4157724,0.7775383,1.3228817,0.23529412,0.09090909,0.20224719,0.07017544,2.7662983,0.5767288,0.65782464,0.7058824,3.102745,0.90359265,0.47377646,0.65909094,1.8487816,0.8133917,0.44724858,0.41573033,2.8685646,0.79349923,0.81071025,0.54385966,3.4622478,3.089468,3.737854,3.3547153,0.25206333,0.25652027,0.17137223,0.26700044,144554.7,119217.625,75039.664,60723.863,371.94104,328.7452,235.54878,388.1254,0.7589863,0.19530687,-0.8656773,0.17400719,1.4051704,1.6787323,1.1073607,1.6457558,0.8848014,0.7808415,0.81701934,0.8543943,17.44646,17.356544,17.974993,16.8668
1,2528713666714509580,2.5451775,2.7455091,2.424264,3.0849943,2.4031906,3.3252506,1.2746181,2.9471931,2.6888676,1.5378698,2.00949,0.8327583,0.3529412,0.4893617,0.25842696,0.42105263,0.0,0.0,0.0,0.0,0.33802202,0.23367585,0.3815061,0.34863544,0.31348085,0.5418462,0.42596933,0.64419436,5.6138595e+06,5.4351475e+06,5.5085545e+06,7.287772e+06,0.005337427,0.0070740725,0.0025505295,0.00765983,-0.60563874,-1.311831,1.4883187,-1.1973865,0.26037577,0.3440301,0.3236749,0.3398946,3992.414,2910.7969,6017.5703,5397.4453,19.112581,19.749268,20.356066,19.509394,0.07306033,0.08411553,0.050511826,0.087541796,18.604404,19.471838,20.619581,19.576292,0.61252594,1.3426247,0.5715332,1.3928261,0.3137255,0.08510638,0.21348314,0.12280702,2.792616,0.5282367,0.60663897,0.7058824,2.9939194,0.8026793,0.7416603,0.61702126,1.8321629,0.8327362,0.47384128,0.29213482,2.9599323,0.81543523,0.8573904,0.49122807,3.5293655,3.4593277,3.503502,3.094595,0.24072495,0.2436901,0.15990289,0.26003528,43569.023,35067.797,30197.918,21614.217,202.45605,193.12585,125.73969,244.44862,0.76777595,0.2837288,-1.159631,0.02342736,1.3963714,1.6612201,1.0282221,1.7078874,0.8747852,0.8045795,0.82747406,0.8370465,18.205927,18.160784,18.496145,17.423204
2,2528713666747677535,2.4196024,2.8241715,2.5894914,2.8944864,2.8771982,3.1361523,1.500143,3.496975,4.581808,0.939506,2.676152,1.7128541,0.23529412,0.42553192,0.24719101,0.47368422,0.0,0.0,0.0,0.0,0.34878525,0.22014478,0.39771688,0.31217304,0.33533618,0.59320843,0.3292334,0.6977115,4.719323e+06,5.5633885e+06,3.9598202e+06,5.978022e+06,0.010445255,0.010556202,0.0050038537,0.01209893,-0.73271775,-1.166389,0.9951937,-1.1032228,0.23865965,0.38819495,0.2488401,0.37625757,4859.414,3451.5547,6772.8965,4928.8164,16.229034,17.403925,17.966816,16.433369,0.102202095,0.102743566,0.07073815,0.1099953,15.549349,17.023617,18.353796,16.53541,0.70525837,1.3243065,0.78723145,1.6587944,0.13725491,0.10638298,0.19101124,0.10526316,3.38303,0.51183826,0.7173407,0.7058824,3.0426254,0.8883086,0.95837253,0.5106383,2.0612679,1.0522529,0.4161285,0.42696628,3.1034374,0.7089967,1.0723398,0.49122807,4.1192913,3.1092129,3.9973001,3.590765,0.30087116,0.3188071,0.23796351,0.32014614,958637.4,1.1397109e+06,1.0550826e+06,964399.56,1046.1969,1062.3833,890.8055,1641.4369,0.9050944,0.02454123,-1.1498743,0.31024185,1.6586413,1.7881414,1.2709394,1.8075933,0.89933246,0.8926193,0.8902661,0.9538214,15.184356,15.495383,15.91054,14.750204
3,2528713666765154424,2.26607,2.6611009,2.4917407,2.747439,2.4284096,3.250517,1.4954491,2.7247105,4.1529026,1.4764763,2.001908,1.1230311,0.29411766,0.4680851,0.2777778,0.42105263,0.0,0.0,0.0,0.0,0.34683785,0.22112107,0.37080482,0.31705225,0.30839825,0.4968633,0.5476148,0.69660264,3.2857898e+06,4.0297672e+06,5.8510865e+06,5.119637e+06,0.0066513275,0.009416492,0.0035449455,0.008349807,-0.47770786,-1.2889483,0.57646894,-0.90023375,0.2343295,0.33403733,0.35901663,0.37517792,3169.129,3237.3672,6551.8086,4441.3555,17.003988,17.874756,18.378607,17.205221,0.0815558,0.09703904,0.059539903,0.091377705,16.355518,17.672768,18.6298,17.095411,0.48244476,1.6047878,0.7573824,1.415987,0.19607843,0.12765957,0.25555557,0.10526316,2.8346882,0.37757564,0.659326,0.7058824,3.119524,0.8108808,0.8369001,0.61702126,1.9049644,0.82513064,0.4623189,0.34444445,2.7080917,0.70597225,0.9137044,0.5614035,3.6839066,3.0689468,3.365325,3.425373,0.2629428,0.27836934,0.20177175,0.2726008,327757.2,392351.0,383946.16,289179.94,549.8375,731.4254,505.50613,827.6675,0.9828901,0.32923254,-0.96953845,0.40934402,1.3867738,1.734549,1.0942605,1.5721736,0.88082933,0.8703165,0.8678708,0.93235767,16.154682,16.269783,16.751596,15.73687
4,2528713667032443487,2.0362215,2.2353373,2.2705774,2.7878284,1.4005985,1.8346558,1.4308071,2.0395966,1.6702977,0.9204013,1.6056556,0.26502442,0.33333334,0.30952382,0.32142857,0.3392857,0.0,0.0,0.0,0.0,0.33689272,0.2825491,0.4024812,0.33997384,0.3502049,0.687161,0.36510074,0.77995867,5.202848e+06,1.0740377e+07,4.3926445e+06,1.4255371e+07,0.0017895757,0.0027751138,0.0018064647,0.0030824016,-0.15680027,-0.6144924,-0.020351648,-0.5848172,0.29341963,0.43656448,0.26312342,0.41841993,2124.5938,2714.6914,5158.6484,7036.8086,22.401985,22.465405,22.958632,22.220274,0.042688966,0.053550594,0.043475293,0.058235634,22.103954,22.15577,23.258602,22.190025,0.3448944,0.89741325,0.6936588,1.0279465,0.27450982,0.16666667,0.1904762,0.10714286,1.818203,0.4589219,0.48934773,0.7058824,2.1535854,0.50654006,0.68249065,0.61904764,1.75243,0.63623464,0.42717156,0.3809524,2.1449032,0.6602276,0.773703,0.51785713,2.4851818,3.0337486,2.962328,3.0290108,0.14986499,0.17636237,0.1254358,0.19491345,139.36981,125.93319,127.44833,89.921875,9.41218,8.956008,10.721762,10.270714,0.57866454,0.5575734,-0.6867109,0.21565562,0.9563176,1.2030357,0.99813324,1.2940117,0.7664499,0.7922657,0.7784477,0.8330372,21.878979,21.813772,21.757078,20.793583
6,2528713670952560196,0.9550724,1.1198626,1.9140654,1.5119677,0.7494774,0.83166313,0.6819916,1.1450005,2.8355057,2.238044,0.6984455,3.1110065,0.2888889,0.33333334,0.25925925,0.21153846,0.0,0.0,0.0,0.0,0.33629,0.27167907,0.34155986,0.2881032,0.44033018,0.8343421,0.6970455,0.7128857,4.65552e+06,9.660366e+06,3.411179e+06,4.576249e+06,0.0006587611,0.0011509522,0.0010445612,0.0022141465,0.31531763,-0.5700536,3.747161,-0.010586739,0.318471,0.54433364,0.42013633,0.39807376,1010.0078,1576.832,1810.7539,2503.9375,20.467016,19.505335,18.68326,17.741222,0.025682459,0.03392906,0.032320973,0.04705514,20.257692,19.231674,18.69576,17.439997,0.23816109,0.3362007,0.37341118,0.399786,0.2888889,0.19444445,0.34567901,0.09615385,1.0082531,0.14993791,0.35933006,0.6888889,1.3715248,0.28260705,0.26347396,0.75,0.8931217,0.32466874,0.46585366,0.4074074,1.5846157,0.28036118,0.5760462,0.6923077,1.5627899,1.7064667,2.6621609,2.4010944,0.085181765,0.100255914,0.10154711,0.13720511,1570.2559,5291.6333,22349.693,37485.96,27.075886,58.083576,118.99137,171.54283,1.1401939,0.8913096,0.9249117,1.0644984,0.5256433,0.6617977,0.60386115,0.8348157,0.6911579,0.82019424,0.8284587,0.87231714,20.297245,19.380075,18.498602,17.423565
7,2528713671632037745,1.6260481,1.7455359,2.5568886,2.0570993,1.5819798,1.4908638,1.0207958,1.8022823,2.809377,1.7697704,0.5796791,2.2564151,0.26666668,0.33333334,0.30487806,0.28846154,0.0,0.0,0.0,0.0,0.32710466,0.25502092,0.37114036,0.31156233,0.4861771,0.91651565,0.65442264,0.65634686,9.458373e+06,6.9450735e+06,6.74595e+06,4.974825e+06,0.0019533287,0.0026067588,0.0021276271,0.004215824,-0.36140275,-0.7624097,1.0335238,-0.61804175,0.33184865,0.59140337,0.39806402,0.3740158,2596.8516,2217.8477,5293.1484,3777.7227,21.318476,20.477234,19.982338,18.72609,0.04426739,0.051074725,0.046138972,0.064932026,20.87821,20.077885,20.080334,18.326294,0.39234924,0.6124048,0.52991104,0.70160675,0.26666668,0.22222222,0.29268292,0.09615385,1.8129635,0.26116097,0.5567683,0.6666667,2.0757675,0.45719302,0.46423322,0.7222222,1.4271088,0.5477464,0.62597066,0.41463414,2.2768364,0.47835514,0.7204711,0.6730769,2.6288052,2.5675163,2.973608,2.9481964,0.14372985,0.15550861,0.14969778,0.20133457,592.6774,3011.561,12200.045,14667.746,20.255936,42.11685,93.7416,125.792854,0.94190896,0.7496677,0.28739655,0.7921397,0.94371325,1.0458691,0.9219645,1.215923,0.7979202,0.766615,0.8475507,0.89658064,20.803679,19.971966,19.283476,17.96492
8,2528713671661019567,0.26793385,0.12073994,1.0238447,0.08658123,0.015089035,0.023715973,0.016223907,0.009754181,11.101131,5.320613,27.903862,7.81736,0.022222223,0.055555556,0.024691358,0.057692308,0.0,0.0,0.0,0.0,0.14224547,0.1893502,0.117580056,0.14407875,2.0202575,1.9601824,2.0344634,1.8669317,1.32089016e+08,1.261682e+08,2.5145035e+06,9.256689e+07,1.5260144e-05,5.038983e-06,0.00019516938,1.867882e-06,40.531296,20.214664,63.2094,37.096653,1.0102994,0.99012995,1.0178684,0.93347436,1036.918,459.78516,1525.5859,301.76953,19.504276,18.265713,17.05487,16.4753,0.0039310106,0.002255665,0.013970658,0.001370141,19.492962,18.258972,17.020763,16.473328,0.0081272125,0.011861801,0.008111954,0.0060214996,0.8666667,0.5,0.97530866,0.75,0.50193024,0.016926125,0.0,0.9777778,0.21611404,0.02029689,0.0,0.9722222,2.0132294,0.08257423,0.0,0.9876543,0.15035057,0.0087379785,0.0,0.9807692,0.50209236,0.21685028,2.0224838,0.14942932,0.003353449,0.0050752326,0.0021716128,0.0019459826,161.95312,134.48148,3393.5188,119.71702,3.7349272,5.7869964,14.657018,5.5879264,6.2248116,4.1742663,7.763468,5.6321025,0.07667152,0.041201327,0.23826776,0.022573484,0.34504837,0.49055275,0.26663098,0.5053042,19.502638,18.258587,17.02716,16.47301
9,2528713671667621803,0.7436762,0.7335396,1.9252796,0.9503565,0.37176323,0.42376328,0.48366928,0.719347,3.0200193,1.942983,1.7901213,2.8177192,0.22222222,0.2777778,0.24691358,0.23076923,0.0,0.0,0.0,0.0,0.32539788,0.26126438,0.28966603,0.29329264,0.52368456,0.7580575,0.9712195,0.6974963,8.557476e+06,6.316537e+06,2.0079631e+06,5.595895e+06,0.00031111337,0.00051851384,0.0008024339,0.0009301088,2.3784006,-0.35271692,15.076141,-0.1463008,0.37072182,0.4650811,0.52200323,0.39031896,920.09375,873.52734,1238.9141,1744.1719,20.090862,19.061663,18.093061,17.31532,0.017649643,0.022773376,0.02832818,0.030497996,19.960764,18.922764,18.064259,17.095547,0.12043953,0.2372446,0.2346859,0.25195503,0.2888889,0.1388889,0.41975307,0.1923077,0.8122101,0.16967571,0.30763075,0.84444445,0.92755127,0.19933176,0.15553579,0.7777778,3.109846,0.38094348,0.0,0.9876543,1.0393295,0.2185451,0.32861558,0.7307692,1.2150497,1.0789108,3.100256,1.511837,0.06315596,0.0702849,0.073782735,0.09248275,1505.4061,5454.7495,22632.117,38621.45,24.158833,60.725292,123.02995,159.48671,1.6439476,0.9291265,2.6578503,1.0110682,0.35459656,0.4340984,0.5125435,0.52808255,0.6918947,0.809968,0.8209088,0.84722054,20.061186,19.071379,18.006046,17.23321
12,2528713715772940015,1.6273298,2.0836334,2.268196,2.3530273,1.5786209,1.874857,1.1650658,1.8729572,3.4854448,1.2317638,0.36028862,1.9906381,0.30232558,0.35,0.25287357,0.3846154,0.0,0.0,0.0,0.0,0.347707,0.2606402,0.3688819,0.29333085,0.35933822,0.8162028,0.36938265,0.714196,4.49154e+06,1.1877846e+07,3.4630455e+06,8.975025e+06,0.0017551752,0.0027559416,0.0015490556,0.0031495239,-0.3429706,-0.6352,0.20118713,-0.66175723,0.2530292,0.4831477,0.277463,0.3973607,1319.3125,2656.8164,2988.3633,3610.4219,21.880604,22.124624,22.45542,21.851765,0.042093992,0.053185035,0.040246233,0.05780781,21.471325,21.713717,22.55577,21.49979,0.34718895,0.7579899,0.52702713,0.9222641,0.3488372,0.125,0.20689656,0.09615385,1.8135624,0.207977,0.50867426,0.6744186,2.1414852,0.50724393,0.66999316,0.65,1.4354572,0.49789757,0.59456676,0.43678162,2.3238697,0.51533985,0.7299194,0.65384614,2.6609192,3.1400452,2.5479908,3.4294472,0.1319834,0.16556536,0.14396265,0.16991049,181.73131,209.6297,147.26512,59.61304,10.759794,11.763706,10.828562,8.835204,0.9884359,0.6686612,0.20879391,0.7161378,0.92104197,1.1766989,0.90374607,1.2632027,0.75328034,0.78408813,0.83136827,0.8864113,21.38233,21.45644,21.717495,20.993198
13,2528713715831973783,1.2952204,1.8807259,1.9464235,1.7482796,1.015213,1.809988,0.7924671,1.5054703,2.0190566,2.0125587,0.64165074,2.3988326,0.25581396,0.42222223,0.22727273,0.28,0.0,0.0,0.0,0.0,0.32065064,0.23001528,0.33826038,0.30201292,0.56493664,0.5618676,0.7175922,0.6290111,5.312594e+06,9.858402e+06,3.8253635e+06,3.6844512e+06,0.0010620555,0.0024194755,0.0009960084,0.0023961987,0.6514499,-1.0458257,0.88641524,-0.6858275,0.38895902,0.34133595,0.44745064,0.34944016,1337.1328,3749.5078,2741.4375,1595.9219,21.52807,21.77908,21.88467,21.418835,0.032676063,0.049336307,0.03181761,0.049214035,21.280256,21.300776,21.954464,21.034008,0.3511448,0.62989235,0.40227032,0.60206413,0.18604651,0.17777778,0.26136363,0.16,1.3708134,0.3023014,0.5067426,0.74418604,2.045271,0.3970229,0.46575192,0.64444447,1.0949688,0.40214515,0.4647907,0.4090909,1.9601574,0.3896701,0.6362636,0.66,2.0865192,2.8539848,2.1910267,2.630415,0.11206022,0.14775199,0.10991027,0.1475545,370.32953,329.7958,221.38876,94.89991,14.993184,14.319967,11.927339,9.471628,1.1765873,0.5726481,0.24063295,0.79247785,0.7034526,1.0744994,0.696318,1.0541073,0.7548202,0.77697355,0.8157694,0.90146095,21.217682,21.203115,21.49013,20.842106
14,2528713715922912699,0.0863657,1.3722496,1.407177,0.11976242,0.035337448,0.07744026,0.033147812,0.057886124,1.3495542,10.593442,27.729643,0.6253266,0.18604651,0.11111111,0.011494253,0.34,0.0,0.0,0.0,0.0,0.3029493,0.30241558,0.10552047,0.23241517,0.52155423,0.49786037,2.0390606,1.4101664,2.5805746e+07,1.6430809e+07,110470.15,5.9908548e+07,2.1241751e-06,0.0012619188,0.00022472352,5.942988e-06,1.5971048,5.2403,85.451645,0.42896414,0.3408594,0.2489502,1.0196121,0.72102267,123.48047,3801.3828,247.61124,490.54688,20.212517,20.122862,19.72755,19.666656,0.0016501269,0.03554637,0.015009937,0.002604957,20.205103,19.837202,19.694319,19.66053,0.013114929,0.04826355,0.015167236,0.029327393,0.30232558,0.82222223,0.9885057,0.22,0.057523727,0.020131808,0.026585143,0.74418604,2.10709,0.19860204,0.55712646,0.8888889,2.7499752,0.027671905,0.0,0.9885057,0.09725189,0.029493935,0.030398274,0.76,0.1007061,2.6744194,2.7515984,0.15895271,0.005971514,0.11726676,0.0048038373,0.008209624,13.749231,391.33743,19.008692,11.823209,2.4452152,10.122117,2.8937764,2.8029487,0.55806535,2.5141065,9.2042265,0.6905902,0.033353217,0.7152947,0.2961093,0.051230796,0.6977052,0.5372566,0.6662591,0.8446657,20.223198,19.870033,19.70153,19.687117
15,2528713715936581701,0.8473635,2.3235044,1.0481548,1.3127766,0.6255131,1.3127556,0.5709076,0.9500561,2.1385665,3.8021817,0.33320194,2.6956496,0.25581396,0.11111111,0.29885057,0.24,0.0,0.0,0.0,0.0,0.3441765,0.27777112,0.35549018,0.2927478,0.46809387,0.3803521,0.38266337,0.64584017,5.6510455e+06,7.4548955e+06,3.2322942e+06,3.45862e+06,0.0004645172,0.0032409716,0.0005013043,0.0012840498,0.7013674,2.738971,-0.2528808,-0.3296032,0.34162226,0.21114607,0.27883714,0.3574731,837.0,3826.9531,1712.7305,963.83984,20.999247,21.22678,21.020723,20.71257,0.02159768,0.057203755,0.022427093,0.035894457,20.867836,20.733364,21.078333,20.445099,0.24801445,0.39248848,0.34045982,0.37572193,0.20930232,0.24444444,0.25287357,0.08,0.826046,0.14481013,0.35184535,0.6744186,3.2698708,0.611603,0.8314702,0.8888889,0.76817703,0.261374,0.29526246,0.40229884,1.3904457,0.26842874,0.494762,0.68,1.3351269,4.028841,1.0584316,2.053051,0.07373741,0.21397127,0.07634287,0.10291171,551.03467,471.11618,396.77765,217.15807,16.189474,17.507607,15.869053,13.100119,1.2006096,1.790491,0.009171439,0.94225794,0.453535,1.2142515,0.47143373,0.74346644,0.6941645,0.8049385,0.8264227,0.8872448,20.890234,20.764677,20.89423,20.472223
17,2528713719151147459,1.4184198,1.7996368,1.454958,2.3283777,0.78110504,0.9084282,0.9965782,1.4390182,2.432164,2.034438,0.19942446,2.6909535,0.22,0.275,0.35714287,0.2,0.0,0.0,0.0,0.0,0.31967258,0.2470295,0.39795,0.29087725,0.5198471,0.72925115,0.2835213,0.90946317,1.0059448e+07,1.0434011e+07,3.5458278e+06,9.52961e+06,0.00065983017,0.0016615769,0.0010409148,0.0029781696,1.0092573,0.2095995,-0.5558317,0.6410506,0.39196837,0.47180465,0.2215724,0.48557022,2115.8438,1870.0234,2409.9102,5725.7227,23.157907,22.209568,21.268883,20.244314,0.029180458,0.041244086,0.032310184,0.054669496,22.924496,21.94622,21.311512,19.780727,0.29624367,0.48658276,0.49987698,0.49755383,0.32,0.2,0.20238096,0.18,1.340271,0.28642386,0.5185528,0.76,1.9409256,0.39902207,0.4570705,0.775,1.125803,0.39883265,0.3926078,0.45238096,2.0893173,0.39358392,0.79810256,0.7,2.1099834,2.7351894,1.4887714,3.8649044,0.098772794,0.1265719,0.10488402,0.15143569,18.242397,93.21647,625.42426,734.36743,3.1447248,7.1722717,21.257595,25.242237,1.260954,1.0608362,-0.095087744,1.1646788,0.67575836,0.9160133,0.6872015,1.1067464,0.7008912,0.74415904,0.83872914,0.8803922,22.866486,21.876915,20.880964,19.673653
18,2528713719154564278,0.19702435,0.19037247,0.04250431,0.7372675,0.05256462,0.030643463,0.022302628,0.033330917,1.321738,5.190875,0.18548854,14.805348,0.19607843,0.05,0.32142857,0.04,0.03344773,1.9226369e-05,0.0,0.0,0.17655542,0.20587851,0.29650286,0.13456032,2.1319966,1.1441774,0.872374,2.0530636,9.0004296e+07,6.746198e+07,1.2809025e+07,5.9061896e+07,-3.8855396e-07,7.726901e-06,7.4541583e-07,0.00012479124,3.5663662,15.764946,-0.04152751,44.15877,1.0677402,0.5725068,0.46176824,1.0266184,778.8633,582.21094,84.546875,2921.0078,21.85234,20.55896,19.165552,18.57098,0.002995933,0.003182243,0.00092454144,0.011177816,21.844751,20.54485,19.166,18.537975,0.023252487,0.016521454,0.011269569,0.016441345,0.43137255,0.575,0.16666667,0.96,0.124155045,0.041402604,0.061006296,0.8235294,0.26345253,0.02613759,0.09888797,0.95,0.028022766,0.010987232,0.010634525,0.48809522,1.4251232,0.050225336,0.0,0.98,0.25291824,0.33431435,0.04600525,1.4296265,0.01048604,0.008637581,0.0032174939,0.004245909,1.3963519,2.2152708,8.356825,275.59125,0.9147843,1.114009,2.3938875,5.453564,0.92592615,3.6480358,-0.02286162,6.51951,0.06546815,0.06542361,0.017719347,0.20758301,0.768425,0.73855287,0.81650263,0.34818286,21.846354,20.544577,19.168842,18.55259
19,2528713719177631408,1.205306,1.4182558,1.4037094,2.588107,0.7144909,1.1872005,0.82198906,1.3929119,2.4386628,2.2056017,0.25787655,2.8767414,0.3137255,0.35,0.29761904,0.2,0.0,0.0,0.0,0.0,0.3052397,0.24273588,0.3868462,0.28116935,0.5473057,0.8479789,0.32521236,1.01952,1.3242439e+07,6.964014e+06,4.5938095e+06,1.3009347e+07,0.00069171307,0.001379756,0.0008335077,0.0030218083,0.060175657,-0.637465,-0.3030839,1.8893943,0.34011695,0.52096915,0.25675863,0.5446336,2967.5547,2028.8984,2180.9297,7082.1367,23.079243,22.15327,21.206547,20.18702,0.027812721,0.03750541,0.028913472,0.055130728,22.896727,21.814884,21.278854,19.737774,0.27064514,0.4192915,0.4090805,0.47595692,0.33333334,0.3,0.1904762,0.2,1.3665619,0.2992438,0.31584078,0.78431374,1.7298584,0.3614753,0.27709353,0.75,0.9939823,0.3792135,0.3480904,0.44047618,2.0575676,0.3760038,0.903643,0.7,1.6693192,2.1059093,1.4782753,4.3837223,0.09475555,0.11596269,0.1001706,0.14825279,22.079355,96.9113,593.7565,763.5574,3.382385,7.2858567,19.752892,25.395315,0.99984276,0.823157,-0.17407228,1.4091564,0.64189655,0.8308675,0.6131549,1.112925,0.70730084,0.7304697,0.82150775,0.87089247,22.826595,21.840914,20.899162,19.644869
20,2528713721913731336,1.4464483,1.1999311,1.2963667,1.314167,0.81777954,0.89118767,0.6243439,0.9572048,0.18741454,0.23782387,0.23813225,0.5094525,0.34285715,0.3809524,0.28235295,0.36,0.1536221,0.0015650815,0.00027100567,2.720717e-05,0.20003946,0.3299007,0.29987916,0.27391705,1.9161838,1.0820175,1.2082314,0.9862634,1.9175726e+08,3.910606e+08,2.2936138e+07,3.711871e+07,-0.00083284447,5.4190783e-05,-6.3139174e-05,6.197701e-05,0.56129193,-0.72775054,0.4991262,-0.68200207,0.9653726,0.54325986,0.6623109,0.49530756,5183.6797,5291.508,3956.6562,3002.9688,24.901731,24.397955,23.979265,23.323475,0.023481632,0.028683957,0.019343203,0.024844721,24.882765,24.548573,23.966759,23.3366,0.37986565,0.58208656,0.29130745,0.482543,0.2857143,0.1904762,0.25882354,0.16,0.8929367,0.39259022,0.35653827,0.51428574,1.1376514,0.38351467,0.41134235,0.47619048,0.72262,0.29417253,0.29035833,0.5529412,0.9740963,0.29597294,0.32228047,0.48,1.5213318,1.3831158,1.3708038,1.399643,0.073733136,0.09333499,0.059767377,0.07104912,1.2460768,2.1936395,1.6222082,2.0303028,0.8156557,1.3010327,1.001188,1.2197921,-0.1738005,0.04017015,0.07960912,0.05852064,0.5847333,0.6998299,0.46383578,0.5794652,0.74532264,0.8527621,0.8037242,0.8241042,24.729965,24.142914,23.821907,23.146753
22,2528713726348495643,1.0229692,2.1484537,1.2049751,1.7686472,0.47294998,1.3345623,0.7319851,1.102787,3.0744357,2.0905523,0.22349508,1.5195773,0.16,0.16666667,0.33333334,0.3148148,0.0,0.0,0.0,0.0,0.31190744,0.27791497,0.37177372,0.31660402,0.54945356,0.8631918,0.35940337,0.76098114,6.606814e+06,3.9255508e+07,3.0267845e+06,5.818475e+06,0.0006163986,0.002255249,0.0007598368,0.002088868,2.9482527,3.3388295,-0.37614536,-0.13708973,0.37661323,0.47102335,0.25440302,0.4182559,1236.4414,7313.4336,1971.1172,3362.707,19.50067,19.083101,19.046572,18.866526,0.024830407,0.047492042,0.027566392,0.045709547,19.363783,18.759657,19.070177,18.660442,0.20112228,0.42232704,0.3694458,0.5513935,0.26,0.30952382,0.20430107,0.12962963,1.1525955,0.23403889,0.44544664,0.86,1.6825047,0.32434142,0.76045835,0.71428573,0.8448429,0.29153833,0.33134705,0.4408602,1.661274,0.47531888,0.5114079,0.7592593,1.6315136,3.724224,1.2328949,2.5951366,0.09268623,0.12202384,0.09028707,0.13190547,4574.3394,13659.927,12212.33,8259.689,46.500988,96.29174,93.98318,83.38792,1.7497256,1.592315,0.06662665,0.79871315,0.48420957,0.9062954,0.5250453,0.8623803,0.6990552,0.8141238,0.84305257,0.883018,19.404387,18.86181,18.884542,18.49669
23,2528713726365536886,2.081068,2.177925,2.1266222,3.1401072,1.67206,2.3981457,1.2955647,2.2992039,2.9692721,1.8934559,0.5972883,0.9019481,0.28,0.4047619,0.31182796,0.41509435,0.0,0.0,0.0,0.0,0.3336063,0.2538261,0.40655753,0.35234347,0.38115042,0.6141494,0.3466639,0.5365955,4.7174845e+06,7.270832e+06,5.4683615e+06,5.4501685e+06,0.0026354783,0.0045143673,0.0020017528,0.005277176,-0.029898882,-0.93945646,-0.15098977,-0.56530833,0.27039105,0.41253364,0.24640529,0.28414804,2026.1875,2460.8906,4475.0117,3357.5586,21.311357,21.045765,21.590132,20.957228,0.051435597,0.06726884,0.044830922,0.07335147,20.865417,20.483868,21.817368,21.071735,0.39245415,0.86854553,0.62470436,1.3168564,0.28,0.16666667,0.21505377,0.1509434,2.1635475,0.34428594,0.6379187,0.7,2.7177868,0.60245746,0.6898724,0.6904762,1.6040268,0.63009995,0.48146817,0.43010753,2.5524654,0.6361508,1.009012,0.49056605,3.246254,3.244278,2.683178,3.8000927,0.17147604,0.20343256,0.14684474,0.22385632,634.2554,1896.0278,1231.4265,725.2842,22.793344,34.881516,32.40088,44.33389,1.0164028,0.6725742,-0.43874627,0.46050796,1.0961624,1.4157242,0.9679055,1.5372435,0.836404,0.77031386,0.8172221,0.87081456,20.668901,20.050245,20.564873,19.442793
24,2528713726370142656,1.0969458,1.2712717,1.2915983,1.8504057,0.89115715,1.4321613,0.8881645,1.2652378,4.245873,3.065203,0.23074017,1.9266554,0.2,0.2857143,0.31182796,0.3148148,0.0,0.0,0.0,0.0,0.3435273,0.27316833,0.39304882,0.31383783,0.39227518,0.5964993,0.25462192,0.7605497,2.8135592e+06,8.677769e+06,2.908501e+06,4.4775735e+06,0.00094866706,0.0018653208,0.0009411854,0.0027821418,0.61810637,-0.82209396,-0.41550827,-0.2987013,0.2974523,0.39243904,0.20796666,0.4141341,1078.5195,1947.4336,2020.8711,3029.2969,19.627832,19.12406,19.289572,18.986137,0.030804206,0.043191142,0.03068047,0.052752625,19.369053,18.745083,19.33005,18.739986,0.17778301,0.35055447,0.4011593,0.65031147,0.4,0.21428572,0.15053764,0.16666667,1.1867275,0.13682018,0.42163825,0.7,1.6802368,0.2933384,0.3409131,0.71428573,0.9757595,0.32172433,0.35630688,0.41935483,2.0015106,0.5052211,0.533486,0.7592593,1.8249435,2.0527058,1.3058548,2.6956882,0.107149094,0.1258291,0.10320595,0.16537742,5434.7544,11928.367,11713.268,7525.5254,49.081562,89.49959,91.539604,82.99113,1.2790834,0.85216427,-0.012140122,0.842234,0.6046198,0.82598996,0.59181315,1.0015686,0.6781593,0.813637,0.85249674,0.90430933,19.404282,18.886286,19.059628,18.463776
25,2528713726374696355,0.033729553,1.2498026,0.05709362,0.75547504,0.00803566,0.014503479,0.011943817,0.012731552,1.8086557,15.140416,5.0257845,18.305172,0.3,0.023809524,0.15053764,0.037037037,0.0,0.0,0.0,0.0,0.107581384,0.14991713,0.1330332,0.14887471,1.8845445,2.0754461,1.3445733,2.0555782,6.905961e+07,8.222975e+07,1.4660942e+07,5.4019904e+07,3.0459907e-07,0.00044718853,6.902115e-07,0.000140226,5.7306514,41.15187,14.7406025,50.43797,0.9456274,1.0377378,0.90535736,1.0278012,102.8125,5018.703,137.77344,3068.875,18.531605,17.791891,17.446877,17.379938,0.0005916098,0.021147588,0.00083872187,0.011843094,18.528835,17.730751,17.444427,17.345686,0.0041446686,0.0066184998,0.0053138733,0.005683899,0.46,0.95238096,0.516129,0.962963,0.02141571,0.0054541393,0.01085691,0.8,2.4268837,0.037001353,0.0,0.97619045,0.03861618,0.00758672,0.02379254,0.9139785,1.4882164,0.03712662,0.0,0.9814815,0.049669266,2.4302406,0.09051323,1.4949074,0.0016114146,0.007021822,0.0022536865,0.003531287,13.003364,3593.4207,35.104137,680.56665,2.2986007,14.415788,4.0843177,7.429879,1.7339022,6.3890743,2.9804091,7.0218134,0.010963479,0.3762556,0.014633077,0.20583223,0.65967107,0.25438806,0.69172037,0.30944592,18.53169,17.738083,17.445295,17.351986
26,2528713726480001440,1.8349895,2.0674944,1.9936571,2.4066315,1.15658,2.4655895,1.2024422,2.102459,1.2903275,1.5101963,0.8081302,0.939487,0.28,0.41860464,0.30107528,0.3888889,0.0,0.0,0.0,0.0,0.31045657,0.26331154,0.39953998,0.3489275,0.49262312,0.6308643,0.3774977,0.5439265,7.3881145e+06,1.0356065e+07,3.8626785e+06,4.8543655e+06,0.0017634043,0.0037374978,0.0016381158,0.004376519,0.7318666,-1.080718,-0.13170457,-0.9752846,0.34902117,0.39808857,0.2772535,0.30340236,2183.3125,3842.4727,3959.0156,3504.9688,20.93785,20.659704,21.024786,20.528688,0.042023227,0.061160676,0.04050196,0.06623027,20.766613,20.30114,21.160192,20.343792,0.56100655,0.824255,0.5724201,1.0512295,0.26,0.20930232,0.15053764,0.11111111,1.6175156,0.40957388,0.6616337,0.72,2.3788815,0.5858562,0.55567443,0.6744186,1.4232502,0.5687049,0.4132607,0.40860215,2.3424892,0.5782743,0.7889698,0.537037,2.5822926,2.8445911,2.5594501,2.9272442,0.15053998,0.1790835,0.1320067,0.20307855,1284.7549,3471.9333,2276.9075,1249.1036,32.26831,48.156136,41.89673,44.705864,1.0435162,0.48783842,-0.53880095,0.35937974,0.879876,1.2635615,0.85154504,1.3596206,0.84914213,0.8079634,0.8332658,0.87770694,20.5177,19.80435,20.261452,19.281504
27,2528713726505392318,2.4532366,2.1142607,2.432331,2.6407766,1.6276512,2.6180058,1.299099,2.8471508,1.1351742,1.1209267,0.9281029,1.4629127,0.3265306,0.47619048,0.29032257,0.42307693,0.0,0.0,0.0,0.0,0.28409657,0.26070023,0.39992097,0.38143325,0.6125651,0.49624383,0.4508248,0.6465433,1.5293956e+07,6.6496485e+06,5.3793325e+06,6.2691155e+06,0.002394781,0.0034653023,0.0017062325,0.0046129045,0.2540698,-1.1483119,0.18473577,-1.4208833,0.39325336,0.24822079,0.34448427,0.3596912,4657.961,2052.25,4501.617,3356.2422,22.314959,21.975645,22.722572,21.87134,0.049658664,0.059185226,0.04198175,0.068916805,22.070005,21.750656,22.881805,21.961517,0.74544334,1.0680065,0.6648483,1.3964119,0.2244898,0.11904762,0.1827957,0.07692308,2.0757694,0.52696264,0.70230967,0.71428573,2.4388351,0.68922716,0.47143793,0.6904762,1.6206055,0.6364358,0.47051919,0.37634408,2.6860085,0.64849275,0.6829052,0.48076922,3.4503002,2.6303902,3.007925,2.7029285,0.14665823,0.17421801,0.1218327,0.18745431,188.09401,457.54254,186.28864,151.37161,13.3060255,18.482487,11.5489435,21.874222,0.8611954,0.37359563,-0.63148487,-0.01919307,1.108131,1.3006335,0.9539333,1.5073029,0.8706565,0.77331334,0.79265624,0.8530583,21.588348,20.850832,21.631279,20.136024
28,2528713726530933856,1.589117,2.624652,1.7025089,2.1817398,1.3735046,2.2809772,1.1022701,1.8324871,3.644207,2.3417106,0.34585238,1.3093845,0.26,0.26190478,0.30107528,0.4074074,0.0,0.0,0.0,0.0,0.33843663,0.28100958,0.40242997,0.3376044,0.40502253,0.72074336,0.30832872,0.55785155,3.2125845e+06,2.1966844e+07,3.342667e+06,3.5727522e+06,0.0018383214,0.0041004876,0.0014938903,0.0039450475,0.10916138,0.5251434,-0.4161508,-0.72111344,0.28806165,0.43448767,0.24081492,0.3187548,1541.7734,7813.824,3174.4453,2989.414,20.292988,19.992582,20.29836,19.773333,0.042887267,0.064057365,0.03865943,0.0628265,19.930962,19.404066,20.404428,19.617977,0.31490326,0.5587673,0.4958496,0.9160185,0.32,0.2857143,0.15053764,0.12962963,1.7269917,0.2368038,0.5272495,0.7,2.4945145,0.4913014,0.79248816,0.71428573,1.3001308,0.47120273,0.43301383,0.41935483,2.0741444,0.5231477,0.8468906,0.5555556,2.5288353,4.462385,1.9502277,2.7798405,0.14694566,0.18717569,0.13008136,0.19472022,2742.4968,6577.2866,5732.908,3341.318,42.11834,64.02766,65.88289,67.69447,1.1052537,1.0978801,-0.24603796,0.57145506,0.8703108,1.2806721,0.7847231,1.2422893,0.76235336,0.7732529,0.83035535,0.9023324,19.845774,19.339716,19.701054,18.829802
29,2528713726564042547,0.8438816,1.1538954,1.0070658,1.2046366,0.4027977,0.64365005,0.54907227,0.817606,3.6476398,2.5303693,0.3585888,1.6603087,0.18,0.26190478,0.31182796,0.37037036,0.0,0.0,0.0,0.0,0.33475634,0.267494,0.3714292,0.3162802,0.46149877,0.729238,0.30517423,0.5735811,4.968815e+06,3.102722e+07,2.7282465e+06,4.9309545e+06,0.00043971871,0.0011251458,0.0005402727,0.001251262,2.4378266,0.2305181,-0.27785635,-0.3929906,0.34373164,0.42765138,0.22276938,0.32578388,1075.0938,3540.2148,1525.5977,1350.8477,19.280672,18.711998,18.717726,18.48677,0.0209721,0.03354433,0.023244683,0.035374768,19.141811,18.441628,18.750792,18.361904,0.12629414,0.30387115,0.29738617,0.42515278,0.3,0.23809524,0.16129032,0.14814815,0.9283886,0.18286425,0.3481899,0.84,1.3168488,0.2465599,0.34264907,0.7619048,0.7029228,0.2338624,0.27656627,0.4408602,1.3152199,0.3610234,0.32722962,0.7777778,1.3669262,1.934578,1.1107006,1.7054577,0.076814935,0.10526911,0.07529915,0.108988374,5180.4185,13950.998,12631.205,10137.83,45.83218,97.928764,94.72792,86.38423,1.684488,1.1306826,0.14599223,0.7654432,0.40435615,0.6276815,0.4350876,0.65396523,0.6794191,0.80688274,0.8455404,0.847484,19.21067,18.650034,18.63241,18.31944
32,2528713921314871849,0.32500935,0.3489294,0.31206703,0.3864298,0.1910286,0.36592102,0.17917252,0.30254745,1.8942746,1.2497747,0.6233423,0.7785611,0.24489796,0.40816328,0.3181818,0.3846154,0.0,0.0,0.0,0.0,0.32720557,0.1880281,0.37582737,0.3584951,0.6128118,0.51920927,0.40405685,0.6315965,9.393237e+06,1.0310135e+07,3.9054282e+06,5.85493e+06,5.0520888e-05,0.00010673137,4.8755646e-05,0.00011340628,1.1066306,-1.2222081,-0.3430655,-0.95984674,0.35841107,0.30247122,0.27978653,0.3455622,479.52344,681.2578,637.6797,481.08984,21.49415,20.055826,19.511309,19.163256,0.007402178,0.010366414,0.0069938214,0.010665313,21.462574,20.02012,19.53628,19.17341,0.078401566,0.1653881,0.09270954,0.16549492,0.18367347,0.08163265,0.23863636,0.115384616,0.2996292,0.06779414,0.12805371,0.7346939,0.37236786,0.0985357,0.10008297,0.6122449,0.23258972,0.08036083,0.074235626,0.375,0.3493576,0.08373051,0.1205455,0.48076922,0.45462036,0.40245247,0.35752678,0.42105865,0.026177932,0.030999087,0.022350982,0.031848747,59.362595,281.21246,330.18698,434.0315,4.5871973,15.256237,14.614288,17.840342,1.2221597,0.29831186,-0.32159567,0.25097048,0.15910353,0.20790699,0.1364586,0.20438212,0.6839002,0.8704989,0.80723065,0.83496934,21.530539,20.139061,19.52756,19.234215
33,2528713922084860605,1.5022488,1.8156891,1.8666515,2.108117,1.116066,1.4872055,0.66516304,1.7553616,0.24094285,0.31233782,1.5398877,0.37885043,0.39583334,0.3617021,0.22988506,0.40816328,0.0,0.0,0.0,0.0,0.21973827,0.19342217,0.2556055,0.365135,0.969721,0.8123692,1.105382,0.74763656,3.1510566e+07,2.2197494e+07,1.5283476e+07,1.4214649e+07,0.0007747622,0.0013152715,0.0005384058,0.0020957924,-0.48194432,-0.8899169,2.202486,-0.8179364,0.61172926,0.4380385,0.64364296,0.37451684,4959.75,3357.6875,5544.797,3296.7383,23.600067,23.316643,23.396101,22.780348,0.031090338,0.041751172,0.027720796,0.049641524,23.662544,23.218916,23.446789,22.877474,0.5981531,0.73069763,0.32613754,0.7789459,0.1875,0.10638298,0.28735632,0.14285715,1.2160511,0.42635342,0.42493692,0.39583334,1.6434879,0.48243833,0.54430264,0.5106383,1.2635288,0.5410339,0.4154975,0.1724138,1.9061031,0.63397175,0.6193739,0.40816328,1.6879559,2.0496235,2.2390518,2.3100681,0.097890876,0.13465016,0.08116713,0.1629901,20.930862,32.23622,18.367458,31.073923,3.9089587,4.107052,2.7402902,5.664377,-0.23509452,0.1300652,-0.7914961,-0.21871606,0.7337341,0.97349715,0.64855856,1.1308511,0.81073743,0.7465542,0.70803434,0.8680707,23.158804,22.542212,22.9769,21.509077
34,2528713922235691780,1.9923334,1.5855894,1.7655725,1.85427,0.4908676,1.4868431,1.3555145,1.5798454,1.6451852,0.70202774,0.8834968,0.3715415,0.27272728,0.41025642,0.34848484,0.36842105,1.4077628e-13,0.0,0.0,0.0,0.27743477,0.19765459,0.40705362,0.35868976,1.0237055,0.8897257,0.50408334,0.9281024,4.267938e+07,3.7893196e+07,1.064124e+07,3.429218e+07,0.00038944307,0.00068441074,0.0005759334,0.0009199485,1.5229607,-0.9797535,-0.87314177,-0.96311426,0.5691181,0.57521015,0.3329466,0.5099623,3870.5703,2966.5781,5061.824,5009.742,24.22796,23.77926,24.017794,23.102745,0.032387365,0.03747935,0.03843647,0.04118075,24.170692,23.646801,23.753805,23.1952,0.26000023,0.6865616,0.75802803,0.71133614,0.45454547,0.12820514,0.18181819,0.10526316,1.5686417,0.47690144,0.5867431,0.8181818,1.5643673,0.46887225,0.47591716,0.64102566,1.6176472,0.49527276,0.39124307,0.57575756,1.6320629,0.46168745,0.49375805,0.47368422,2.2632294,1.8305454,1.8711185,1.9494343,0.11922568,0.11109821,0.12895514,0.12464011,3.4604273,5.9935794,4.597253,5.9507504,1.3054168,1.9811574,1.9279772,2.6345901,0.71557045,0.36321217,-0.014506767,-0.01573054,0.7846798,0.8912312,0.9231592,0.9513883,0.7582344,0.8056882,0.8293898,0.8405228,23.913397,23.386278,23.281355,22.200912
35,2528713922359666873,1.2469845,1.3613491,1.1808052,1.4113836,1.1842937,1.437315,0.7035942,0.86325836,0.28561366,0.4210388,0.20460773,0.40738904,0.33333334,0.4090909,0.3090909,0.2631579,1.7100011e-06,0.0011463946,0.8610617,6.8621535e-05,0.1557006,0.32940215,0.21233344,0.27845973,1.8089561,1.4678644,1.3561703,2.462028,5.064098e+07,8.64504e+07,3.874085e+07,3.8807168e+08,-0.00010215847,-0.000638199,-0.00034364784,-0.00024760916,-0.8808296,-1.1777515,-0.18888903,0.20680666,0.90769243,0.742535,0.6891429,1.3115616,2575.0938,2484.004,3801.2656,3361.3867,24.726572,24.329248,24.359348,23.308716,0.027983276,0.036111865,0.02129654,0.029955694,24.71171,24.153502,24.29843,23.389708,0.59174347,0.6392212,0.32029533,0.3425789,0.09090909,0.18181819,0.18181819,0.42105263,1.1596508,0.40021235,0.33751753,0.54545456,1.517004,0.47551274,0.3964989,0.59090906,0.84565544,0.30051938,0.3135671,0.58181816,1.2418098,0.3489042,0.4478249,0.2631579,1.3292236,1.5020084,1.2770119,1.5215454,0.09330812,0.10925438,0.07017746,0.10737806,2.6124043,2.2073247,0.79462063,2.7929678,1.398618,1.3675762,0.7973909,1.2357173,-0.053303257,0.09442231,0.17661716,-0.1701235,0.6919305,0.87857455,0.51876986,0.6982288,0.81043226,0.8239686,0.83615845,0.7752561,24.42841,23.749092,24.123188,22.8693
36,2528713922517609904,1.8189058,2.3362112,2.1201615,3.4280372,1.072979,3.2209663,1.7914047,2.1054497,4.086588,3.2339468,1.7126173,1.8497782,0.19607843,0.41666666,0.34444445,0.2777778,0.0,0.0,0.0,0.0,0.3538925,0.21771921,0.41654944,0.30156034,0.39464664,0.4177629,0.27386254,0.5883386,4.3171615e+06,4.1080552e+06,3.3176928e+06,1.0699689e+07,0.0029406876,0.008289456,0.0037559157,0.008036334,1.3831892,-1.2490048,-0.83497024,0.5393491,0.29144618,0.2714759,0.20431975,0.33768404,2649.961,3273.668,4318.6094,8466.891,17.945175,18.01378,18.399689,17.60009,0.054228373,0.091047,0.061285987,0.08964987,17.55469,17.365673,18.671143,17.133442,0.28678703,0.92093945,0.8313236,0.9473858,0.33333334,0.041666668,0.14444445,0.11111111,2.2979546,0.46028975,0.636203,0.84313726,3.3109322,0.69515985,0.36902952,0.7083333,2.0305882,0.6208808,0.51161426,0.36666667,2.798746,0.6624713,1.1528134,0.6666667,3.0115566,3.5001373,2.7092905,5.436529,0.1928966,0.25524136,0.1880452,0.2649834,69334.77,156052.81,204944.19,128820.73,219.26434,420.68402,520.84186,437.81372,1.494958,0.62695664,-0.4884546,1.0119519,0.9731376,1.6401006,1.1276431,1.5778458,0.80809367,0.8390848,0.921214,0.8733083,17.517916,16.86158,17.146599,16.451515
37,2528713922530141381,1.453989,2.220591,2.0881767,4.6757293,0.64636993,3.2068386,2.0902596,1.9939785,6.7580037,4.595584,1.6453197,4.6838694,0.15686275,0.29166666,0.4,0.14814815,0.0,0.0,0.0,0.0,0.35368797,0.22767559,0.42069256,0.23751229,0.46796876,0.41613305,0.24429756,0.80194867,5.8574135e+06,4.8344645e+06,4.0295955e+06,3.6015668e+07,0.0022053584,0.009312752,0.0046056514,0.011386803,1.9587593,-1.1877437,-1.1037912,6.075548,0.3315002,0.26220867,0.18253672,0.443917,2965.7188,3805.1406,6189.1016,19176.11,17.100067,17.286572,17.629696,16.719162,0.046961345,0.09650282,0.06786515,0.1069269,16.742146,16.438492,17.884659,15.944685,0.12237358,0.62596226,0.87340546,0.48009014,0.50980395,0.041666668,0.11111111,0.4814815,2.0124283,0.2808364,0.48026702,0.84313726,3.43548,0.59579706,0.39617318,0.7083333,2.1463947,0.5572832,0.598308,0.37777779,3.6563616,0.6949288,1.7888892,0.7962963,2.613533,3.7482853,2.3920536,8.687973,0.15144071,0.2631207,0.20674358,0.28199896,108938.81,249183.58,405848.94,209284.33,231.88084,528.64813,773.7571,452.91968,1.7603836,0.740958,-0.2659022,2.1349957,0.8030422,1.6682029,1.1964419,1.7877282,0.75428665,0.8786283,0.93191814,0.85416836,16.800098,16.164146,16.411606,15.727802
38,2528713922540022992,1.5792093,2.580387,2.3565502,3.5025678,0.021343231,4.0127926,2.5287762,1.9542675,14.233367,5.4981594,2.3964694,7.8387947,0.15686275,0.29166666,0.3888889,0.18518518,0.0,0.0,0.0,0.0,0.31345594,0.24478123,0.42614257,0.23258087,0.6991471,0.40282276,0.28022566,0.69036907,1.5049909e+07,4.8515475e+06,4.914466e+06,1.6119416e+07,0.0028602905,0.014169932,0.007383097,0.013076658,3.5405412,-1.2699103,-1.1592296,1.0108619,0.44262308,0.25773045,0.1880807,0.4113781,5473.996,4888.4766,7692.414,13508.885,16.50477,17.025023,17.456673,16.172201,0.05348174,0.11903776,0.08592511,0.114354566,16.14264,15.446479,17.878998,15.007765,0.0072956085,0.08667946,1.0619917,0.017757893,0.84313726,0.5208333,0.1,0.6296296,2.3066502,0.013872087,0.66138786,0.84313726,4.1510487,0.7747064,0.42575425,0.7083333,2.6679897,0.7852632,0.68551135,0.4,3.8936863,0.55744404,1.2647638,0.7592593,3.13138,5.073617,2.8012257,6.9746876,0.16708349,0.32524922,0.25141358,0.33003342,165864.73,447672.84,861496.44,319694.3,168.47978,492.057,1257.9014,349.14517,2.2390816,0.70650244,-0.34367242,1.4465289,0.88270384,2.0266206,1.4999665,1.849365,0.5298296,0.84634346,0.9579665,0.76026964,16.208183,15.6154175,15.823358,15.153285
39,2528713926362382755,1.8079166,2.036006,1.8936253,2.2390375,0.75666237,1.7923794,0.9675312,1.9420738,0.64861816,0.8743399,0.43086118,0.6527095,0.3255814,0.40425533,0.27586207,0.3469388,0.0,0.0,0.0,0.0,0.16740642,0.21161927,0.37939045,0.3644204,0.9495634,0.54078317,0.5840621,0.8057967,4.6939384e+07,8.756048e+06,8.0423415e+06,1.2594778e+07,0.00034024662,0.0017433085,0.0009362992,0.0024081853,0.96367383,-0.8640187,0.3000102,-0.9204445,0.5442594,0.34926057,0.36323377,0.40670046,3677.164,3064.164,4232.0,5060.961,24.23419,23.336033,23.366762,22.447622,0.030072464,0.046951175,0.033388574,0.052862786,24.20851,23.07669,23.465483,22.424286,0.3912716,0.84900856,0.50338364,0.97964096,0.3255814,0.12765957,0.22988506,0.12244898,1.1457729,0.4386392,0.5535325,0.6511628,1.9932442,0.54558474,0.53933537,0.65957445,1.278759,0.52148324,0.4376354,0.37931034,2.0581474,0.5949983,0.5999856,0.5714286,2.2089787,2.691719,2.3027859,2.4574986,0.09581814,0.14279039,0.10890318,0.17253102,5.3812985,25.244719,25.703817,32.302845,1.8533628,3.837733,3.9674275,6.668796,0.59756476,0.45847857,-0.4674022,0.23750243,0.7287818,1.0956541,0.7801829,1.1866438,0.83058316,0.7577902,0.786153,0.8498151,23.7883,22.616583,22.74578,21.367188
40,2528713930729371537,0.15158272,0.15256405,0.46299553,0.05313778,0.02264595,0.020019531,0.016233444,0.02853775,6.1626964,3.7000613,24.804955,0.3093988,0.08,0.10526316,0.022727273,0.3125,0.0,0.0,0.0,8.254033e-08,0.15597473,0.13604568,0.10326509,0.18247634,2.3010077,2.290506,1.9759952,1.9851925,6.6203884e+07,1.2325465e+08,1.7327224e+07,9.047764e+07,4.3398545e-06,5.2439786e-06,2.518233e-05,5.473034e-07,19.73484,19.711723,80.90165,1.5618238,1.1524624,1.1546934,0.988455,0.9963311,570.64453,524.2422,1847.5195,209.82812,20.416176,19.670412,19.38466,19.267204,0.0022653337,0.002418162,0.005033391,0.0010301856,20.407303,19.660336,19.372944,19.267374,0.010725021,0.013009071,0.0076408386,0.014369011,0.6,0.57894737,0.96590906,0.3125,0.16262817,0.01720912,0.09112281,0.94,0.25255394,0.024500642,0.0,0.9736842,0.8968487,0.019602213,0.0,0.9886364,0.03053093,0.014526502,0.010055664,0.5625,0.26446342,0.25598145,0.89837265,0.06822014,0.005957584,0.0047717826,0.0025782215,0.002876361,11.432995,10.884171,42.25318,2.4756744,1.5785997,2.0034466,2.1198864,1.2491091,3.9941792,3.854804,8.841636,-0.63190717,0.04624945,0.047566246,0.097570576,0.019848796,0.46813625,0.60682625,0.3266054,0.79518217,20.40887,19.66208,19.374247,19.268843
41,2528713933282377481,0.2801609,0.2847519,2.9415426,2.1169682,0.24279213,0.2816162,0.14538956,0.33083916,1.7906297,1.0774432,22.616436,8.259808,0.2857143,0.4375,0.011363637,0.040816326,0.0,0.0,0.0,0.0,0.36122176,0.1873123,0.114151075,0.20469038,0.47218055,0.5161786,1.963146,1.8414934,9.518616e+06,7.467159e+06,1.6392195e+07,9.926771e+06,4.610391e-05,6.660307e-05,0.00093875534,0.0010508187,-0.47570968,-1.1151454,82.615074,29.960869,0.3210804,0.29432982,0.98338664,0.92307794,402.9375,339.22656,11386.59,3835.754,21.507603,20.076784,19.606773,19.323664,0.0071104537,0.008208259,0.03100504,0.032589898,21.45298,20.060871,19.56374,19.241526,0.06751442,0.12543774,0.07572651,0.17639923,0.1632653,0.14583333,0.9886364,0.63265306,0.2872753,0.060022403,0.088706344,0.67346936,0.3056774,0.09064197,0.05969997,0.6875,5.6164036,0.105960906,0.0,0.9886364,3.913519,0.29294518,0.0,0.97959185,0.38563347,0.32019424,5.5956135,3.9157887,0.023259575,0.025089959,0.01763697,0.03516083,46.8296,172.80222,190.68988,299.28928,4.4061375,11.678985,11.193051,14.94128,0.7657913,0.30120236,8.950187,5.129202,0.15292881,0.16479544,0.6079088,0.6297562,0.7271192,0.8676407,0.8102731,0.84685224,21.527441,20.14978,19.55913,19.286686
44,2528713937232264345,0.9155836,1.0455494,0.98654747,1.3276243,0.69851494,1.1961288,0.5845051,1.2055187,2.662555,2.1569562,0.73061645,1.22713,0.24,0.42553192,0.31034482,0.4117647,0.0,0.0,0.0,0.0,0.33904928,0.20661297,0.39893454,0.3812976,0.4515197,0.47042075,0.32208288,0.55796236,5.365035e+06,4.8892955e+06,4.0090612e+06,5.446257e+06,0.0005621607,0.0011459155,0.0004906042,0.001601026,0.21223855,-1.1606312,-0.31912732,-1.1003728,0.30954263,0.276916,0.1783879,0.30604017,1228.6523,1748.3125,2046.5938,2288.4336,21.510637,20.26745,19.94532,19.432047,0.02379447,0.033863045,0.022155542,0.040019594,21.305786,20.091364,20.037142,19.442253,0.22034073,0.4458313,0.27558136,0.69291496,0.3,0.12765957,0.18390805,0.019607844,0.95681953,0.16390948,0.36419252,0.68,1.3575115,0.31151906,0.18549685,0.70212764,0.74889565,0.26881096,0.23173912,0.3908046,1.3457642,0.27788937,0.46052986,0.49019608,1.4125576,1.341526,1.1466255,1.5023842,0.08271017,0.10020733,0.072733276,0.12020633,325.39508,1928.5321,2524.95,3308.838,12.276523,34.827084,40.654285,55.90995,1.0791217,0.52096575,-0.3477416,0.32735196,0.5118342,0.6863176,0.4418994,0.77766263,0.6769655,0.7801228,0.83240837,0.9069864,21.311295,20.126862,19.818254,19.122469
45,2528713937601762163,1.2164669,2.1853724,1.1763487,1.694622,1.0462189,1.6141472,0.70479393,1.5808296,1.9456793,1.5779685,1.2784793,1.3223964,0.28,0.4375,0.27586207,0.39215687,0.0,0.0,0.0,0.0,0.33758324,0.19609039,0.4001853,0.39888653,0.4276395,0.5523976,0.38937056,0.52531266,6.260222e+06,1.4630689e+07,5.015773e+06,5.379494e+06,0.00087147235,0.0020161115,0.0006255479,0.002299527,-0.40392804,0.40411544,-0.038145542,-1.3103417,0.28714043,0.3096073,0.21093722,0.28205118,1377.9141,4085.8516,2983.1406,2726.8828,22.631207,21.51426,21.278154,20.652136,0.030177148,0.045077644,0.02506054,0.048009757,22.423359,21.278652,21.42356,20.91951,0.40529537,0.6613035,0.31388283,1.0072575,0.2,0.29166666,0.1724138,0.05882353,1.3132133,0.2781556,0.38878435,0.7,1.8226204,0.42798156,0.5402586,0.6875,0.9053688,0.36500517,0.2433467,0.3908046,1.7667484,0.40227407,0.47116637,0.47058824,1.7237377,3.2847939,1.5591393,1.950798,0.09699737,0.12478149,0.08275957,0.13840719,71.07693,439.35294,461.0331,713.8741,6.6505313,15.366379,17.185162,31.332573,0.81992507,0.817389,-0.64299566,0.02413601,0.68294525,0.96981215,0.53324205,0.991504,0.73425174,0.76041985,0.8140131,0.868901,22.243351,21.086145,21.030144,19.933071
46,2528713937920745557,0.8539829,1.9563837,0.90376854,1.2260952,0.709198,1.1051044,0.53297234,1.0468426,3.7421684,1.9559153,0.6834116,0.98178315,0.22,0.3125,0.29885057,0.43137255,0.0,0.0,0.0,0.0,0.35794592,0.20505077,0.39580414,0.37689266,0.38180622,0.67952216,0.33129275,0.5722042,3.7097632e+06,2.4795704e+07,4.0243692e+06,8.568125e+06,0.0004859095,0.001414248,0.00037910388,0.0012387326,-0.06455207,3.7004972,-0.20118475,-1.0221729,0.23857638,0.36968547,0.18383849,0.31206945,766.6953,4706.582,1860.3672,2533.7422,21.434528,20.230844,19.831467,19.34951,0.022123037,0.03762674,0.01947622,0.03520195,21.226992,20.017015,19.90929,19.312584,0.15457344,0.3911667,0.23210716,0.5517273,0.34,0.22916667,0.18390805,0.05882353,0.92209053,0.11552842,0.2974419,0.68,1.3728943,0.28750724,0.6066224,0.6875,0.6556988,0.22909583,0.21029195,0.37931034,1.1647224,0.28449434,0.40231338,0.50980395,1.3254776,3.244381,1.0557919,1.4415398,0.07186871,0.09137915,0.064644754,0.10581287,306.09607,1805.9744,2200.2048,3111.9653,11.48291,34.77306,37.640987,50.58404,1.0682257,1.5174268,-0.31286952,0.31920397,0.47419685,0.76122075,0.386242,0.68114054,0.68599856,0.80877686,0.83126044,0.8893621,21.278093,20.098543,19.748297,19.157652
47,2528713937924201559,0.40085697,2.7587042,0.43347073,0.57136154,0.30160904,0.51371765,0.2570057,0.54055023,2.9629455,6.8718185,0.6475188,1.0449842,0.26,0.020833334,0.3218391,0.4117647,0.0,0.0,0.0,0.0,0.3500674,0.17492045,0.398752,0.3701074,0.45194793,1.5455519,0.36128008,0.7023951,6.303632e+06,8.833502e+07,3.9702162e+06,2.5508254e+07,0.00011614689,0.0016080918,9.823324e-05,0.000309423,0.25069833,35.089752,-0.3320167,-1.2364086,0.28125647,0.7764569,0.19178051,0.37158516,468.94922,9471.832,914.1953,2781.586,20.839119,19.521147,18.930319,18.55825,0.010828776,0.040221076,0.009914448,0.017594142,20.747467,19.395874,18.969402,18.634933,0.09920597,0.24873352,0.12822723,0.31801414,0.32,0.5208333,0.21839081,0.13725491,0.42461967,0.06664883,0.16062103,0.68,5.057102,0.29240394,0.0,0.9791667,0.32304764,0.10949953,0.10059658,0.3678161,0.5737934,0.12761666,0.17373179,0.4509804,0.6321411,5.0770187,0.5153942,0.6189842,0.036602672,0.04694964,0.031253047,0.04988735,292.12817,1513.0188,1625.2675,2824.2268,10.716119,32.51789,32.53332,45.84623,1.1176139,5.5239153,-0.3667216,0.077879086,0.22566216,0.78516155,0.18768366,0.32651648,0.71791476,0.8423717,0.8241849,0.86004496,20.828634,19.498781,18.932781,18.606625
49,2528713984106748596,0.82152843,1.0567961,0.965744,1.3029757,0.6048832,1.2033463,0.61517334,1.1428185,2.4069376,1.6040128,0.7094218,0.98906755,0.24489796,0.40425533,0.3181818,0.4,0.0,0.0,0.0,0.0,0.33989418,0.20362523,0.40091768,0.3820846,0.40505117,0.48299432,0.30201098,0.5536619,6.393354e+06,5.8431235e+06,3.6908202e+06,1.1365354e+07,0.00041012553,0.0010155806,0.00044235904,0.0012753557,0.2248683,-1.2753273,-0.34913325,-1.1369495,0.29539827,0.27413288,0.16935639,0.30434537,1058.4062,1688.0781,1964.0352,3279.1172,22.353718,21.205137,20.883945,20.34734,0.020624807,0.031924766,0.021061465,0.0357474,22.175636,21.057678,20.982908,20.36923,0.2022667,0.47223663,0.2936678,0.6244812,0.24489796,0.17021276,0.2159091,0.06,0.85183716,0.15334913,0.32978278,0.67346936,1.2953644,0.33693445,0.17429142,0.68085104,0.7480984,0.2713807,0.22673751,0.38636363,1.2571678,0.28828034,0.41415453,0.48,1.2625256,1.276474,1.1841106,1.4336414,0.06946386,0.093582705,0.06858241,0.10335317,69.72179,433.62088,525.78015,610.4176,5.7024817,16.312262,18.390364,23.163134,1.0611966,0.34730428,-0.40917623,0.22227558,0.46104112,0.67696905,0.4398465,0.7273645,0.6841149,0.77387655,0.82748514,0.90169,22.187582,21.064093,20.752253,20.085596
50,2528713984156215277,0.30168915,0.32318974,2.6851473,0.39403534,0.23036003,0.3607502,0.16858482,0.34929466,2.7455883,0.90474784,20.222237,0.877514,0.2857143,0.42553192,0.011235955,0.4,0.0,0.0,0.0,0.0,0.3314308,0.19846645,0.12646164,0.3459568,0.42651978,0.55039996,2.0164204,0.9097193,1.1317324e+07,5.9971905e+06,1.5257845e+07,5.4213596e+07,5.8990478e-05,0.00010107114,0.0007602602,0.00013481092,-0.02411294,-1.2918122,80.432335,-1.1595979,0.3102085,0.28214914,1.0087347,0.47371197,563.34375,413.53906,10356.316,2771.1328,21.509104,20.076466,19.593176,19.181555,0.007872818,0.010089096,0.027882604,0.011627068,21.439728,20.072248,19.56005,19.222174,0.07022667,0.18099976,0.08613396,0.22014618,0.3265306,0.14893617,0.96629214,0.1,0.33172226,0.061123043,0.10705099,0.71428573,0.34561348,0.10140469,0.10614913,0.5106383,5.0294037,0.120019,0.0,0.98876405,0.3891201,0.09116438,0.12130563,0.44,0.47452164,0.32997894,5.0060215,0.43257904,0.02597728,0.029982025,0.019811219,0.034558002,65.89373,261.85577,263.01257,436.84973,5.1445174,14.112196,12.807298,18.013464,1.0334572,0.036309782,8.747313,0.045687467,0.16933726,0.20255339,0.54630876,0.22302523,0.733779,0.8482563,0.7958903,0.84155005,21.520267,20.154808,19.549843,19.25168
57,2528714005710945597,1.3241367,1.3363342,1.3622875,0.9503031,0.7466259,1.4880676,0.59423065,0.97690964,0.6116345,0.6454298,0.5267726,0.6053096,0.3,0.3846154,0.25714287,0.33333334,0.47228163,0.07230228,0.61153144,0.4649928,0.28670946,0.27151716,0.2757658,0.42154932,1.4825499,1.0309047,1.3092214,0.49118814,1.372858e+08,4.416797e+07,2.8532718e+07,4.521381e+07,-0.0011123628,-0.00043721872,-0.0012066811,-0.00056607736,0.051836014,-0.8173928,1.684228,-1.1115959,0.7461949,0.6735849,0.6569077,0.34095436,2658.6016,932.53516,1475.5938,1066.3438,25.08426,24.709066,24.763348,23.854702,0.026529746,0.036845688,0.021909092,0.028125208,25.19463,24.982067,24.747955,23.939442,0.27622414,0.45378494,0.26221275,0.49559975,0.3,0.23076923,0.2857143,0.06666667,1.2587032,0.26583657,0.39555377,0.25,1.7367077,0.3961625,0.3746971,0.30769232,0.79986954,0.4174502,0.29721683,0.6,1.1580391,0.38924903,0.29926664,0.4,1.4454098,1.854641,1.6465054,1.1504021,0.09305144,0.10603157,0.07261456,0.07843824,0.987405,1.6444415,0.9140992,0.98545176,0.7652928,1.0139416,0.57331604,0.8542352,-0.27743205,-0.6960563,-0.6708664,-0.49554473,0.66547906,0.9104225,0.54254246,0.67091846,0.8295159,0.85609204,0.69359136,0.8477056,24.829811,24.54678,24.370628,23.594868
65,2528716939839072842,1.6621513,2.3502216,3.5333672,2.3631926,1.6466007,2.8493462,1.2988434,2.089758,3.863477,3.1417067,0.8787738,0.8421654,0.37254903,0.41463414,0.22988506,0.3962264,0.0,0.0,0.0,0.0,0.34422588,0.22781606,0.3783226,0.3560015,0.36440402,0.5353122,0.6973147,0.5808877,4.549354e+06,4.654097e+06,6.865359e+06,5.4406265e+06,0.0019245117,0.005607621,0.0023929693,0.0043700095,-0.10797,-1.4361869,5.1308355,-0.9106786,0.27939567,0.3165356,0.41821614,0.3129592,1680.7461,3356.5078,9177.113,4322.117,20.88145,20.62758,20.641857,20.003593,0.043909825,0.074917525,0.049637567,0.06613406,20.518936,19.745302,20.802397,20.003382,0.30550575,0.70871544,0.6752815,1.0576668,0.29411766,0.24390244,0.29885057,0.11320755,1.89641,0.276426,0.4604893,0.7254902,3.0172882,0.46611676,0.4996672,0.63414633,1.5636101,0.5713885,0.7337173,0.47126436,2.227909,0.5999536,0.7975796,0.509434,2.6324139,3.8299866,4.7755203,2.560585,0.14525092,0.20564497,0.14861375,0.20903382,1011.8157,2515.65,4545.5747,3303.0066,26.592783,42.715546,63.849796,76.403465,1.0603834,0.5334395,0.9204881,0.31189516,0.9169009,1.5453672,1.0246116,1.3229188,0.783145,0.79416215,0.8184426,0.8778559,20.396612,19.32822,19.80588,18.770863
66,2528716939879958741,1.0324268,1.2327099,0.9710398,1.6171503,0.7194195,1.7143822,0.62254524,1.1415005,4.466149,3.9031312,0.50134724,1.6441773,0.19607843,0.3902439,0.3255814,0.33962265,0.0,0.0,0.0,0.0,0.33838892,0.23894662,0.38729745,0.32083535,0.4629794,0.48394883,0.4011081,0.682176,2.6472372e+06,6.256347e+06,5.0596895e+06,4.3445415e+06,0.0007463567,0.002201179,0.00059499126,0.002005182,0.9847126,-1.4818302,-0.46087217,-0.23847151,0.31268454,0.29314375,0.30013597,0.38130438,732.28516,2116.0547,1974.7734,2473.0586,19.584845,19.009916,18.712074,18.346659,0.027323205,0.046917986,0.024393316,0.04478041,19.37769,18.477093,18.76741,18.182928,0.17773247,0.31838036,0.32131672,0.5758972,0.37254903,0.31707317,0.12790698,0.18867925,1.0806866,0.12865911,0.3782376,0.7254902,1.7592049,0.21967986,0.28972676,0.63414633,0.76322746,0.27773467,0.23978998,0.41860464,1.5397263,0.43174237,0.5256716,0.7358491,1.750082,2.0563698,1.1040115,2.3136501,0.09140232,0.12536824,0.08381774,0.1309098,5126.969,18970.453,16735.129,17298.2,47.030743,107.3206,106.828255,120.482254,1.3843956,0.58252996,-0.33653608,0.79665875,0.5351207,0.891907,0.45644954,0.82157093,0.66676253,0.84685063,0.82746315,0.8857256,19.404343,18.680702,18.610203,18.002108
67,2528716939884804435,0.7360163,0.88484764,0.7720909,1.1128111,0.2983799,1.0976868,0.4793663,0.83610535,3.1916687,2.9352434,0.29201585,1.4491203,0.15686275,0.4390244,0.3372093,0.33962265,0.0,0.0,0.0,0.0,0.31251812,0.22085296,0.37740222,0.32662556,0.60290647,0.5852429,0.46361792,0.63066936,5.1100605e+06,1.2975456e+07,4.714767e+06,4.476552e+06,0.00032500815,0.0010400094,0.00034274382,0.0010964858,2.5005412,-1.4523077,-0.3888774,-0.5423305,0.39092565,0.32438383,0.31452534,0.36228946,733.96094,2381.9453,1526.0039,1868.9531,19.293905,18.596777,18.256706,17.994314,0.018031035,0.032250125,0.018513989,0.033114027,19.175922,18.274254,18.298767,17.862055,0.15101624,0.3027439,0.24268341,0.41677094,0.3137255,0.2195122,0.18604651,0.11320755,0.7150879,0.13072467,0.31196585,0.78431374,1.1677227,0.19133225,0.1893775,0.63414633,0.55892754,0.20693943,0.18480772,0.41860464,1.0039558,0.21528353,0.41330597,0.5471698,1.2349682,1.3603725,0.88378143,1.5298004,0.06395861,0.09010714,0.062124133,0.09830771,4538.274,20690.016,15275.637,19731.207,43.17041,122.305504,101.59732,122.49153,1.6576663,0.49952048,-0.3061154,0.66532093,0.34788907,0.5997484,0.33800447,0.59586424,0.6792127,0.8938862,0.8224212,0.86358273,19.250761,18.594059,18.229818,17.860815
68,2528716939937993652,1.6513615,1.964159,1.6616802,2.4092445,0.81664467,2.632841,1.1554031,1.8396263,2.23969,2.6148424,1.190753,0.905677,0.23529412,0.4390244,0.3372093,0.3773585,0.0,0.0,0.0,0.0,0.31625882,0.20731574,0.4098012,0.346765,0.5294992,0.5214369,0.34854355,0.61251354,6.040224e+06,1.0202381e+07,3.837249e+06,5.548764e+06,0.001429059,0.004488275,0.0015276206,0.0038282713,1.8173242,-1.4988029,-0.31854844,-0.747854,0.36261672,0.31316933,0.26659384,0.34953353,1643.5391,4310.4688,3592.754,4099.328,20.59359,20.254732,20.136797,19.685823,0.03781925,0.06700628,0.039090686,0.061886985,20.372068,19.660734,20.2028,19.625278,0.33285522,0.85907364,0.55251217,0.9777031,0.3137255,0.17073171,0.12790698,0.0754717,1.5201054,0.3317803,0.67027205,0.7647059,2.635706,0.47037163,0.38425067,0.63414633,1.3292122,0.5247149,0.35143578,0.41860464,2.0760136,0.5157665,0.7381283,0.5283019,2.5562592,2.8292408,2.111538,2.9258957,0.14269686,0.18818104,0.12624048,0.1859847,1528.4899,4559.7686,7522.925,4652.0425,31.641932,61.579662,74.849625,82.11632,1.4181125,0.43920624,-0.60743564,0.41291663,0.77883416,1.3571943,0.78716123,1.2182963,0.7893052,0.81928253,0.8290935,0.87776065,20.286297,19.16956,19.553478,18.68443
69,2528716945620198824,2.253562,2.4256992,2.2537289,3.0221863,1.4391003,3.2752953,1.4521942,2.56979,1.2293359,2.0791457,1.1863936,0.844079,0.37254903,0.4473684,0.28235295,0.37254903,0.0,0.0,0.0,0.0,0.2915471,0.2020486,0.4021988,0.36259148,0.46762028,0.6030434,0.4131785,0.6004333,9.390729e+06,8.730453e+06,4.4699525e+06,9.499556e+06,0.0021534504,0.00489643,0.0020038465,0.004765139,0.19681525,-1.3911222,0.10724974,-0.92841005,0.35951903,0.4106183,0.30693197,0.3237927,2871.2617,2945.8984,4732.4023,3978.3828,22.480509,22.049896,22.405848,21.56725,0.04736611,0.070457004,0.04512414,0.07059752,22.256376,21.561577,22.582853,21.669989,0.6540394,1.0664568,0.67723846,1.3084126,0.25490198,0.18421052,0.14117648,0.09803922,2.042965,0.54175615,0.67108655,0.74509805,3.018835,0.62093467,0.41888782,0.65789473,1.6906605,0.7126045,0.4275389,0.42352942,2.649414,0.54458994,0.8767154,0.4509804,3.1961327,3.337803,3.1067429,3.290722,0.15806405,0.1917544,0.14547752,0.21034405,158.30193,212.35086,368.73892,296.669,11.562749,17.442625,16.76044,27.661533,0.8667553,0.4484393,-0.72570723,0.21452358,1.0648142,1.5535697,1.0110446,1.5225943,0.86099684,0.7908529,0.79866946,0.83917004,21.768839,20.511047,21.180897,19.884424
72,2528736414382635223,0.9269552,1.3308125,1.5520258,1.2032747,0.63642883,1.188137,0.46183395,0.98809433,1.5939096,1.522138,1.6969271,0.7332948,0.3255814,0.4375,0.23255815,0.35714287,0.0,0.0,0.0,0.0,0.33927023,0.1972345,0.28136382,0.28952456,0.59217834,0.9826036,0.6000136,0.7200808,1.0660586e+07,3.2451954e+07,4.245659e+06,1.1976472e+07,0.0004949764,0.0007922322,0.00047901718,0.0008189283,-0.088088036,-0.71914554,2.2554624,-0.6390648,0.4306947,0.5493474,0.3603977,0.37733415,1603.2188,4670.0938,2081.9336,2437.8086,22.46709,22.268522,22.163284,22.073551,0.02278499,0.02975045,0.022210622,0.02946945,22.330338,22.057823,22.236599,22.034727,0.3055439,0.4499445,0.20243168,0.47045994,0.30232558,0.16666667,0.39534885,0.125,1.0022526,0.24016275,0.3154829,0.74418604,1.2456303,0.3001203,0.29279655,0.6666667,0.82450485,0.31047225,0.32220688,0.29069766,1.1284313,0.3581542,0.38512862,0.66071427,1.28788,1.9093914,1.8560772,1.4150124,0.07465188,0.08524018,0.07201368,0.09992293,54.657494,48.248104,56.767273,20.424498,5.075146,5.8170905,5.5553336,4.0136847,0.87770617,0.54481167,0.14539303,0.46197572,0.5119124,0.66249853,0.49226034,0.6504954,0.69952655,0.81363565,0.8044747,0.85158414,22.381542,22.18213,22.027975,21.876722
73,2528736414396929360,1.5546713,1.5767593,1.7847214,1.7494621,1.3562698,1.6375484,0.8931351,1.3164749,2.3799126,0.9541361,1.7071338,0.30715615,0.30232558,0.35714287,0.27160493,0.29787233,0.0,0.0,0.0,0.0,0.32385278,0.19485466,0.3743979,0.33128425,0.5820193,0.82275265,0.50026035,0.8977285,9.894947e+06,1.4374194e+07,5.557646e+06,2.3209786e+07,0.0011919279,0.0014560026,0.0007046267,0.00046441215,-0.3434415,-0.7245467,0.6024871,-0.57928944,0.37139866,0.52052194,0.39398977,0.48558834,2900.0625,3438.664,3640.7812,3685.0078,23.285519,23.263163,23.549026,23.025324,0.036916953,0.041045893,0.029777665,0.036887724,22.935993,23.11076,23.730495,22.926056,0.42271614,0.68892,0.36737823,0.6389084,0.18604651,0.16666667,0.2962963,0.14893617,1.6768818,0.3026842,0.48955753,0.6976744,1.7114639,0.46975842,0.5605871,0.6666667,1.2572479,0.49846587,0.35172737,0.2962963,1.4293251,0.4387025,0.48164213,0.5531915,2.4613056,2.0473022,2.260397,2.0695515,0.11169668,0.1336169,0.09252015,0.123740084,17.123428,16.311056,16.826725,5.8874745,3.4075303,3.16019,3.1601377,2.1503894,0.9342916,0.5771545,-0.8044866,0.22780283,0.85963035,0.9548573,0.701235,0.8493518,0.7771693,0.78560454,0.8137051,0.80641913,22.861416,22.930092,22.984524,22.438982
79,2528736529394964294,0.880517,1.0355587,1.0356989,0.86227894,0.60474014,0.7746887,0.601387,1.1319065,0.39710897,0.25868464,0.23394401,0.6611801,0.3478261,0.34615386,0.37037036,0.47058824,0.3189359,0.8909744,0.9573614,0.3027012,0.1882678,0.32440245,0.31265914,0.24346392,2.0290675,0.8600918,1.053888,1.3017921,3.4825462e+08,1.08127864e+08,2.322904e+07,4.928251e+07,-0.0006658968,-0.0011531054,-0.0005230741,-0.0008952035,-0.555552,-0.78515387,-0.41623092,-1.5936642,1.0192717,0.49121016,0.5269514,0.8243711,3773.2422,3611.664,2474.539,1217.2148,25.09813,24.690819,24.617172,23.788683,0.0204008,0.023476958,0.019963253,0.024441129,25.035498,24.790619,24.636024,23.81359,0.30514336,0.42209148,0.3006935,0.5699215,0.26086956,0.115384616,0.22222222,0.11764706,0.85093117,0.3056131,0.31219012,0.65217394,0.96712494,0.3246972,0.30343243,0.46153846,0.7767105,0.3134166,0.28927705,0.46296296,1.0236034,0.22215745,0.27967876,0.47058824,1.0201492,1.2436447,1.0361633,0.9257221,0.06602182,0.073549494,0.06808793,0.067305,1.1160347,0.66963774,0.69173735,1.1481014,0.7942785,0.7231186,0.70172036,0.99880487,0.27290308,-0.14277458,-0.14363135,-0.012681494,0.5120219,0.5796653,0.49143887,0.58142227,0.78613776,0.8283552,0.8280986,0.8015806,24.871561,24.573853,24.383461,23.444355
83,2528736546645114884,1.7779999,1.5473394,1.6119261,1.509965,0.6661873,1.5083008,0.74087524,1.6186638,0.9609379,1.2201444,1.1730198,0.8466613,0.22222222,0.4,0.2264151,0.5,0.0,1.4233059e-13,2.534306e-12,2.4651679e-06,0.16462064,0.27638024,0.24961928,0.36801344,1.2568376,1.0814973,1.1193702,1.2174157,5.028548e+07,2.9471136e+07,2.1847296e+07,6.9933816e+07,1.0893234e-05,4.7038684e-05,-0.0006958657,0.00019104446,1.7145536,-1.1457496,1.9469416,-1.2677884,0.7610853,0.6752125,0.70207095,0.6177683,3523.914,3058.4375,3776.0234,3042.6914,24.302832,24.45475,24.493034,23.212646,0.027688798,0.038141813,0.028363515,0.03615997,24.272165,24.861115,24.502092,23.059511,0.33921623,0.645319,0.36410713,0.7600994,0.37777779,0.13333334,0.24528302,0.13333334,1.0601692,0.47721812,0.45402524,0.7111111,1.6891727,0.46334997,0.31965822,0.43333334,1.4555779,0.6351606,0.42321986,0.1509434,1.5170078,0.4104837,0.30116695,0.6,1.7812405,2.2989273,2.1347198,1.7382927,0.10341921,0.1079514,0.10860761,0.09875155,4.4577274,4.247264,2.9996185,2.6808398,1.3360801,1.598136,1.0984639,1.5750462,-0.11544301,-0.44231346,-1.1296239,0.15221347,0.6729162,0.9327485,0.6947085,0.8393686,0.71158695,0.7848248,0.74557084,0.8455517,23.960766,23.839586,23.857141,22.598665
84,2528736546956913433,1.3797693,2.9711847,1.9663234,2.1468139,0.52838135,2.9222069,2.0127163,0.8573103,7.2493277,3.718043,1.7586977,6.081359,0.12,0.29787233,0.42857143,0.14285715,0.0,0.0,0.0,0.0,0.31845105,0.2678547,0.40935382,0.22500755,0.6502545,0.9136154,0.28659564,0.7949086,1.0230542e+07,2.6874176e+07,4.66538e+06,6.1080775e+06,0.0016791326,0.008285262,0.0038187879,0.004722842,4.1023507,-0.35237503,-1.0999563,2.3635476,0.48709565,0.5049901,0.19684859,0.47813258,3712.3555,12165.297,6000.4375,4165.3125,16.875862,17.444399,17.51763,16.644728,0.04097732,0.091025256,0.061796524,0.06872317,16.598,16.498545,17.59054,16.26077,0.10289383,0.53645325,0.964653,0.40050793,0.6,0.23404256,0.06593407,0.23214285,1.929493,0.2443502,0.49148253,0.88,3.1674042,0.57052565,0.73117405,0.70212764,1.8908272,0.45174047,0.5794498,0.48351648,2.9405708,0.42796847,0.7618949,0.85714287,2.523262,5.403633,2.1747894,3.6586113,0.14341566,0.2407055,0.18355341,0.2325156,92492.54,234040.62,274889.06,113594.32,209.99341,439.94193,636.31274,310.56247,2.1951292,0.90568405,0.17423546,1.827989,0.6915276,1.5878808,1.0825286,1.1438785,0.7315456,0.89141196,0.93448496,0.871337,16.662031,16.48052,16.664381,16.151083
85,2528736547301720134,1.5221729,2.279879,2.2262473,2.330964,0.013799667,3.4194708,2.6176682,0.036390305,15.170117,6.3859134,3.6153169,15.990068,0.12,0.2826087,0.50549453,0.14285715,0.0,0.0,0.0,0.0,0.28511238,0.25534323,0.38220578,0.19371821,1.0255939,0.6514045,0.44226146,1.0132412,2.2514986e+07,3.3220438e+07,7.381112e+06,1.1330239e+07,0.0020933363,0.011184951,0.006307457,0.0069933226,7.010816,-1.0184798,-1.1430684,3.6826942,0.65674007,0.3848719,0.264867,0.6022338,5785.4727,13142.219,8528.445,8060.7773,16.31736,16.922958,17.012447,15.9336195,0.04575305,0.1057591,0.07941961,0.083626255,16.058376,15.612217,17.174551,15.398504,0.007095337,0.023023129,1.26861,0.009551048,0.88,0.5652174,0.08791209,0.83928573,2.161705,0.015047296,0.7249649,0.88,3.7735615,0.52441806,0.46038625,0.7173913,2.3903446,0.4315475,0.7655042,0.42857143,3.6609259,0.054052904,0.8953552,0.85714287,3.0237408,4.534027,2.7040844,4.63982,0.15848534,0.28873193,0.22528969,0.26779857,117836.33,336369.88,702845.75,70294.65,126.4798,404.42508,1055.0443,117.54791,2.837143,0.88423145,0.18403184,2.299405,0.746569,1.7897568,1.351122,1.332469,0.46884716,0.8344215,0.9723695,0.5073185,16.101368,15.821284,15.964057,15.4313135
86,2528736547351683708,2.1188202,2.395834,2.449072,2.5825462,1.0956554,2.8961563,1.5518208,2.1402512,1.5700442,1.4433647,1.0091344,0.73391545,0.22,0.5106383,0.2857143,0.35714287,0.0,0.0,0.0,0.0,0.28875986,0.23808593,0.40955636,0.34085172,0.57232547,0.52723604,0.2967199,0.5791822,9.054629e+06,7.9239295e+06,3.2734368e+06,5.9165805e+06,0.0026503103,0.0065713488,0.0030076453,0.005549446,1.0459709,-1.3250544,-0.3670144,-0.82872033,0.43900007,0.34892413,0.24312285,0.32315215,2711.125,5862.1406,4683.1055,5081.0938,18.759668,19.262646,19.540472,18.70047,0.051482297,0.08106643,0.05484454,0.07449823,18.54216,18.890532,19.747173,18.545523,0.5354023,1.2242718,0.7549858,1.0989876,0.28,0.10638298,0.16483517,0.16071428,1.8698807,0.46672168,0.723472,0.76,2.8806248,0.76292056,0.5726752,0.63829786,1.817503,0.6899928,0.49307004,0.41758242,2.4210796,0.66867936,0.7685195,0.58928573,2.950117,2.8769207,3.068901,2.9601517,0.1850682,0.24356389,0.17866234,0.23703772,39883.402,64720.637,52652.88,37019.945,177.6197,230.31288,225.47064,230.10542,1.1095053,0.26347393,-0.5239409,0.3606456,0.9657908,1.561554,1.0716882,1.3931519,0.84966415,0.8216585,0.8386782,0.86232954,18.348053,18.054726,18.33177,17.373226
87,2528736547383131465,2.1642857,2.4081392,2.0616932,2.559043,1.4383068,2.5759087,1.1066074,2.1730728,0.9727346,0.99221563,1.6005543,0.53606087,0.28,0.4680851,0.2857143,0.3888889,0.0,0.0,0.0,0.0,0.2745577,0.22853366,0.38823077,0.36250523,0.5195786,0.56335896,0.45215705,0.69874865,8.747967e+06,7.793077e+06,5.820442e+06,1.1540813e+07,0.0021744063,0.0038391082,0.0013764086,0.0037025271,-0.14046216,-1.178129,1.457407,-0.9676516,0.41988847,0.33602655,0.34027487,0.36897868,2808.5078,4723.5312,5731.41,4721.414,22.234217,22.48393,22.761665,21.852064,0.04719235,0.06272131,0.03772683,0.061699573,22.056765,22.255775,22.953823,21.838781,0.69370365,1.4096489,0.57842827,1.0888262,0.26,0.12765957,0.16483517,0.11111111,1.9322529,0.56886107,0.6194397,0.72,2.5597725,0.790255,0.48968834,0.65957445,1.4221497,0.67911184,0.35991532,0.3846154,2.286089,0.74313545,0.6626116,0.5185185,2.5014572,2.795847,2.9866295,2.8199387,0.16952884,0.1928207,0.10937433,0.19280301,221.03882,339.60654,228.18684,223.8138,12.938402,15.193685,9.946471,17.192196,0.55274063,0.1964948,-1.0929431,-0.05772049,1.0492849,1.4102217,0.8587255,1.348263,0.8378536,0.76733303,0.7441618,0.8423075,21.641592,21.036129,21.608461,20.106207
88,2528736547508319865,0.20325565,0.30020523,1.5566397,0.31299305,0.08886719,0.3029747,0.13287735,0.2078247,2.6715777,2.0464106,18.412973,1.6327709,0.22,0.44680852,0.032967035,0.26785713,0.0,0.0,0.0,0.0,0.28693348,0.24543832,0.1601079,0.2654595,0.72305614,0.859268,1.7928792,0.65715516,1.1596253e+07,2.5702694e+07,4.5964228e+07,9.661164e+06,2.621434e-05,8.968159e-05,0.00058246247,9.205626e-05,2.789833,-0.8326647,33.413902,0.08190918,0.47049958,0.46659055,0.8967145,0.36502883,322.7578,1200.1055,11695.0,615.41016,17.4876,16.876549,16.672777,16.444437,0.005121134,0.009470478,0.024134401,0.009595058,17.45947,16.832035,16.620691,16.404495,0.035877228,0.12198639,0.06639671,0.10962963,0.3,0.12765957,0.83516484,0.14285715,0.1868,0.0383648,0.07918525,0.8,0.30094147,0.059922703,0.07425482,0.63829786,2.0853329,0.09672627,0.7558741,0.96703297,0.26062584,0.052934024,0.11992599,0.5535714,0.32593346,0.45014,2.9000492,0.4467411,0.016195804,0.025840146,0.024428654,0.031210788,2760.1685,11586.503,17896.65,11227.265,35.43361,95.67781,82.48221,84.90348,1.6361899,0.60441625,5.5130396,0.8830796,0.08955635,0.15982898,0.4023875,0.15778533,0.728652,0.92449474,0.6133686,0.8189806,17.490408,16.907034,16.61257,16.449196
89,2528736547513100076,0.7054291,0.8541012,1.3399839,1.0715246,0.44893646,1.105854,0.53799057,0.69765663,4.64672,2.9652584,1.8009953,2.1671484,0.24,0.38297874,0.21978022,0.23214285,0.0,0.0,0.0,0.0,0.31907326,0.23577525,0.3268203,0.27865577,0.46566755,0.46570733,0.7216527,0.6092109,3.306913e+06,4.0018875e+06,1.5118866e+07,4.913489e+06,0.00037365477,0.0010642932,0.0007038388,0.000987443,1.5918837,-1.1608195,4.7150145,0.4354949,0.3549742,0.28847477,0.39284423,0.34068066,760.58203,1164.5312,6940.547,1533.3984,17.8997,17.526226,17.425667,17.033327,0.019330597,0.03262371,0.026530154,0.03142385,17.76498,17.311012,17.424303,16.9002,0.08401775,0.31490326,0.2662754,0.3220482,0.46,0.08510638,0.2747253,0.125,0.7053051,0.082348876,0.26408303,0.74,1.107708,0.19353735,0.25374797,0.65957445,0.65758705,0.20683604,0.41214085,0.50549453,0.99458694,0.24978997,0.41385886,0.73214287,1.1847992,1.2902641,1.8832264,1.6132202,0.06507636,0.09257912,0.075350344,0.097495966,20590.48,77024.23,48868.844,54473.426,93.8316,236.53847,187.1673,193.36697,1.5286547,0.65801716,1.5472301,1.0827003,0.34601188,0.5717705,0.46230564,0.53525275,0.7317968,0.8869986,0.8480447,0.82486206,17.84279,17.49263,17.335686,16.916666
92,2528736553421498856,1.3404837,1.5880508,1.3261108,1.1579981,0.7470665,1.1000061,0.70524216,0.8376713,0.52897775,0.26039684,0.44400468,0.40588078,0.32258064,0.4074074,0.23636363,0.35714287,0.26489803,0.00028469702,0.6157678,0.9946325,0.1580514,0.27371833,0.2636581,0.23264556,1.5506009,1.0516986,1.254793,1.1164153,1.7094006e+08,3.8262964e+07,4.0127068e+07,3.1340778e+07,-0.00050982967,-0.0001548053,-0.0006789142,-0.0024762528,0.86299396,-0.6128986,0.84604144,-0.32947302,0.7935561,0.5695963,0.6281993,0.55850124,5827.7266,2144.2031,3139.75,2008.1445,24.840229,24.37803,24.556719,23.793566,0.025399903,0.03333841,0.021501146,0.024506165,24.780844,24.461025,24.63231,23.754475,0.37244225,0.50819206,0.3366375,0.3897133,0.29032257,0.22222222,0.23636363,0.25,1.0703049,0.34842682,0.50945014,0.7096774,1.3599949,0.43053457,0.46643203,0.4074074,0.84960365,0.37939155,0.2796973,0.4,0.9496403,0.33274856,0.37221435,0.60714287,1.7934628,1.7265797,1.7009602,1.2833996,0.085383736,0.10504029,0.07268709,0.07463796,1.1468627,2.2413754,0.9325001,0.44112423,0.8584802,1.1744877,0.764434,0.557209,0.86162907,-0.09772714,-0.6317069,0.34878963,0.6309394,0.81272477,0.5279976,0.58308905,0.8026994,0.8258781,0.7552512,0.80119985,24.558043,24.212421,24.332817,23.548626
93,2528736554971002090,1.1552868,1.3550901,2.037672,1.6633558,0.52383804,1.734354,0.76511955,1.2271347,1.9971908,2.0892289,0.6056699,1.7234354,0.2173913,0.4347826,0.26666668,0.2777778,0.0,0.0,0.0,0.0,0.29064295,0.21531065,0.31162894,0.29381996,0.7297772,0.5865603,0.99196476,0.6424276,7.523145e+06,9.013999e+06,1.4970247e+07,4.058135e+06,0.00075961964,0.0021868134,0.0010589849,0.0022195438,2.1561503,-1.3824184,3.6939385,-0.26548624,0.4929354,0.351989,0.53835815,0.37307355,1235.1484,3471.7266,7623.7227,2660.8867,19.142029,19.308393,19.379148,18.994946,0.027562918,0.046765078,0.032545183,0.047115855,19.036896,19.020342,19.413418,18.725119,0.26191902,0.632679,0.34427166,0.6003361,0.23913044,0.13043478,0.2888889,0.12962963,1.1046638,0.24387543,0.44043538,0.8043478,1.7368164,0.37958133,0.2626636,0.65217394,0.95041466,0.34473324,0.46738163,0.45555556,1.5447617,0.31845012,0.62476885,0.5925926,1.7805691,1.8144188,2.834261,2.3851414,0.092944,0.1334043,0.09513361,0.14989842,8337.098,14744.253,10045.538,6094.801,70.92054,102.36581,83.54601,73.27504,1.4728557,0.39438486,0.8641038,0.8001908,0.5276102,0.9029585,0.6306979,0.8949631,0.75988895,0.8353568,0.8300991,0.8751036,19.003048,19.033052,19.140617,18.544643
94,2528736554995413883,0.61281395,0.75752354,2.1212673,0.9540739,0.26346207,0.9226723,0.4450531,0.62838364,3.9995914,2.2571666,3.540458,1.894962,0.1521739,0.41304347,0.15555556,0.2777778,0.0,0.0,0.0,0.0,0.31928593,0.21073602,0.2390436,0.27739298,0.6175162,0.5119016,1.537295,0.64907247,7.8499405e+06,8.267553e+06,2.413103e+07,5.482209e+06,0.00024221005,0.0006899637,0.0007411049,0.0007132605,3.1344967,-1.2254602,27.815577,0.22971559,0.45231166,0.31335917,0.7784597,0.36300704,1010.5547,1870.2422,8382.8125,1600.2148,18.527143,18.393343,18.399036,18.14821,0.015564366,0.02626795,0.027224895,0.026708214,18.420097,18.242243,18.38779,18.026646,0.07202244,0.2978115,0.20774364,0.3048935,0.45652175,0.08695652,0.5,0.11111111,0.61416626,0.104353465,0.27822363,0.8043478,0.9414139,0.19856171,0.1610257,0.67391306,3.5914955,0.3298708,0.0,0.98888886,0.82985497,0.18096922,0.37690058,0.6296296,1.00733,1.0797558,3.5628338,1.4071217,0.057274725,0.073844105,0.06269064,0.08373464,6817.1445,18039.555,10709.159,9753.108,50.32395,116.79544,86.149895,81.56507,1.8493191,0.5347888,4.044341,1.0000932,0.28836325,0.4831554,0.50091183,0.48470628,0.6718621,0.8826582,0.8294812,0.82797545,18.491339,18.42614,18.325657,18.08203
95,2528736555001180748,0.022399902,0.01563549,3.5110102,0.1448965,0.00920105,0.007663727,0.010393143,0.0062408447,0.36311424,0.33708096,33.59565,14.43545,0.2826087,0.32608697,0.011111111,0.018518519,0.0,0.0,0.0,0.0,0.14936471,0.23714338,0.103981934,0.13160871,1.4492527,1.7656966,2.0243607,2.0636876,1.0829378e+08,1.6067531e+08,3.2582878e+07,5.2858828e+07,1.8615492e-07,8.940726e-08,0.0017924058,4.790182e-06,2.1859107,1.330595,88.32724,50.73264,0.82332945,0.8828662,1.0158949,1.0344923,58.023438,65.125,14372.082,581.1094,18.005535,17.568602,17.47288,17.334696,0.00045781175,0.00033353185,0.04242196,0.002195065,18.005222,17.569027,17.384466,17.32875,0.0049552917,0.0038061142,0.005250931,0.0033054352,0.1521739,0.1521739,0.9777778,0.962963,0.012685776,0.0046285377,0.0059433007,0.54347825,0.0092487335,0.0041009896,0.003115863,0.45652175,7.000107,0.07087209,0.0,0.98888886,0.27552605,0.006546367,0.0,0.9814815,0.029367447,0.019592285,7.010742,0.2763672,0.0013535069,0.0010577306,0.0015159416,0.001357254,8.59571,6.0869274,466.82623,100.61589,2.4480538,1.9979593,6.290795,3.1036913,0.69915444,-0.6255532,9.36204,7.019464,0.008243145,0.0058596884,0.74123377,0.038050782,0.8262783,0.80068445,0.31427568,0.3268168,18.00492,17.568804,17.38863,17.331926
96,2528736555046547730,0.87569237,1.1306705,1.0834293,1.3909683,0.537508,1.4784489,0.68275833,0.9166088,3.978246,2.6704023,0.28633422,1.9335082,0.2173913,0.39130434,0.30337077,0.2962963,0.0,0.0,0.0,0.0,0.32920682,0.22314136,0.3798336,0.2771938,0.5247431,0.48301783,0.23893459,0.62817776,4.4029465e+06,4.7592535e+06,3.476637e+06,4.980627e+06,0.0005494615,0.001609756,0.00060611917,0.0014605536,1.6613503,-1.1997621,-0.30079627,0.19356203,0.39038855,0.299496,0.15494563,0.351969,1097.4688,1668.1172,1643.7578,2096.289,18.801994,18.825115,18.845428,18.50077,0.023441888,0.040122677,0.024620542,0.038218882,18.642986,18.561924,18.890223,18.351883,0.12309742,0.44180202,0.3271942,0.4423504,0.32608697,0.10869565,0.17977528,0.14814815,0.8851471,0.112259865,0.3537899,0.73913044,1.4769974,0.28832796,0.2836136,0.67391306,0.76639366,0.24548748,0.2801794,0.42696628,1.2044601,0.27295524,0.5511216,0.6296296,1.4629631,1.6683769,1.1147289,2.0398273,0.08133846,0.11353559,0.0835524,0.11808956,9549.922,19584.414,12553.235,9427.856,64.28494,121.638824,94.51643,88.0573,1.5449102,0.6132816,0.04145624,0.9873983,0.44075426,0.755314,0.46398467,0.70707875,0.68514806,0.8712231,0.8535047,0.87326723,18.687195,18.67925,18.738802,18.255835
100,2528736907708172911,1.0559149,0.85592365,0.89050484,0.96512794,0.43265724,0.7800617,0.38373756,0.6787739,2.183438,0.37620342,0.5696038,0.6205289,0.28947368,0.3617021,0.22988506,0.33333334,0.0,0.0,0.0,0.0,0.31416923,0.19329418,0.33014724,0.25380534,0.9794626,0.89350057,0.6695776,0.89923716,1.1283017e+08,3.7994588e+07,9.024625e+06,2.05848e+07,5.198514e-05,0.00025474094,0.00012828894,0.0003744121,0.91536236,-0.75829935,1.5555062,-0.47097898,0.6441361,0.51450056,0.33641616,0.5043059,5718.633,2434.2969,1590.3984,2976.0703,23.586119,23.091423,22.617823,22.352564,0.01961244,0.019671328,0.012455384,0.021396693,23.451761,23.09236,22.633532,22.282513,0.1642561,0.39517593,0.1777668,0.30485344,0.39473686,0.14893617,0.29885057,0.10526316,0.97911644,0.21076868,0.2864339,0.7894737,0.7531986,0.2786122,0.23262173,0.59574467,0.44948006,0.17271778,0.18324706,0.3678161,0.7865696,0.21453361,0.3212387,0.5263158,1.4717159,0.8892555,1.019598,1.1427917,0.05982086,0.0660118,0.0381031,0.0707722,5.5397162,6.764872,7.785124,7.4687963,1.4890347,2.1537578,2.1112163,2.2335174,1.1258342,-0.013711115,0.09934498,0.44365546,0.46258134,0.45423898,0.28171366,0.47827095,0.6653542,0.8197963,0.77279776,0.80951685,23.510233,23.086088,22.592232,22.276304
103,2528736921498370866,1.4624643,2.6636724,2.8838205,1.9532442,1.0583458,2.3628597,1.0519123,1.6516132,3.9760332,2.2419908,0.5346343,1.5210426,0.2826087,0.31914893,0.25555557,0.35185185,0.0,0.0,0.0,0.0,0.3276601,0.19849077,0.33435547,0.30026078,0.48305026,0.97468895,0.94247663,0.6366847,4.7697785e+06,2.3682132e+07,1.4828179e+07,4.1726492e+06,0.0015627824,0.004559051,0.0018327918,0.0032531796,0.61692595,-0.5358608,4.0199537,-0.5757537,0.37338537,0.5496363,0.5183222,0.35592845,1661.3281,9582.445,10899.035,3163.957,19.536861,19.974253,20.13002,19.477152,0.03953595,0.067795135,0.042850833,0.05704673,19.233871,19.369015,20.20642,19.298862,0.22370625,0.7281456,0.5085716,0.80941486,0.36956522,0.14893617,0.2888889,0.11111111,1.6011944,0.2108933,0.48989612,0.73913044,2.543047,0.46838602,0.6988961,0.63829786,1.3116875,0.45085576,0.6461508,0.4888889,1.9101562,0.45177317,0.7411806,0.5925926,2.3781872,4.3237896,3.9203453,2.555706,0.13668703,0.18333921,0.12832925,0.17690317,5958.5195,8383.546,6022.4917,3891.8164,56.796513,77.23116,69.16871,71.74835,1.2904824,0.7213146,0.9620265,0.66780204,0.77240837,1.3541572,0.8625881,1.1111078,0.72563696,0.8273593,0.82958263,0.89394164,19.206675,19.250505,19.62624,18.727272
104,2528736921513873283,1.6920824,2.4523487,1.6181784,2.0964575,0.9600048,2.5752354,1.0736504,1.8296642,1.5936046,1.9624614,0.78630435,1.1366508,0.3043478,0.42553192,0.31460676,0.37037036,0.0,0.0,0.0,0.0,0.30198506,0.21921843,0.40338263,0.31824052,0.5930387,1.0591966,0.31266454,0.6138908,7.210697e+06,2.3174596e+07,4.0045755e+06,4.7134745e+06,0.0015815613,0.0045311903,0.0014149139,0.0034086015,0.71525145,-1.145025,-0.38990664,-0.7981353,0.42258132,0.59333396,0.22855447,0.3479771,2111.4844,10044.82,3371.7852,3685.289,19.931835,20.408625,20.540995,19.90425,0.039775208,0.06744645,0.037628125,0.058405045,19.717363,19.950638,20.700481,19.698406,0.41106606,1.0070496,0.47189713,0.9333677,0.26086956,0.14893617,0.15730338,0.12962963,1.5742588,0.36927488,0.5389704,0.76086956,2.612297,0.5432849,0.5332045,0.63829786,1.2937889,0.49156764,0.38822034,0.41573033,2.0387268,0.50767857,0.6707664,0.5925926,2.5345554,3.558733,1.9113693,2.6334877,0.13023409,0.18776716,0.1286543,0.18171696,4909.575,5421.8145,3468.6765,2402.5657,60.49382,62.57324,52.771145,54.481133,1.0965557,0.4725718,-0.39909983,0.48626992,0.79279286,1.3764893,0.7729191,1.1625086,0.8213811,0.80142814,0.8376423,0.8765594,19.584045,19.587595,19.98931,19.028791
106,2528736933512516146,1.2720432,1.167695,1.2839746,1.5392323,0.9834156,1.3286266,0.8578491,1.0651798,0.55731755,0.60100305,0.25752816,0.2143122,0.25,0.42105263,0.37142858,0.375,0.7724071,0.0059043635,0.0013550777,1.9616246e-09,0.17152478,0.32351482,0.31818458,0.3101214,2.3784208,0.7063504,1.1014591,1.3731068,9.744747e+07,1.0622252e+08,2.0055432e+07,6.8444136e+07,-0.0011313672,0.00026496509,-0.00019731626,3.6364043e-05,-0.55996203,-1.3926804,-0.41816115,-0.57797456,1.2075051,0.458225,0.55577,0.69588834,2128.0156,2036.8828,3595.1094,5886.914,25.098227,24.167587,24.2794,23.19246,0.028347628,0.03341081,0.023075344,0.03127513,25.346916,24.342432,24.22017,23.153204,0.38299656,0.708725,0.41547108,0.53004074,0.1875,0.15789473,0.14285715,0.175,1.2500343,0.39739183,0.32380444,0.375,1.4174957,0.28037775,0.42021123,0.47368422,0.9270878,0.32874668,0.29451394,0.5285714,1.1871052,0.40570804,0.4196613,0.525,1.5538139,1.3239365,1.4138184,1.7283134,0.09024482,0.09316436,0.072943054,0.09358695,0.7144459,2.0333903,1.5883278,2.9504645,0.7758808,1.2222786,1.0138634,1.5218508,-0.42031264,0.13537388,-0.10514436,0.11994665,0.7114752,0.8074587,0.5602555,0.7253472,0.8651229,0.864543,0.8060198,0.81968886,24.866087,24.260979,24.008053,22.723972
109,2528736942806001355,1.2910767,1.0178413,0.91633797,1.2764721,0.7160454,1.4467239,0.47315598,1.0722637,1.7194952,2.0972657,1.5956491,0.80889463,0.2173913,0.46938777,0.2826087,0.3392857,0.0,0.0,0.0,0.0,0.2541377,0.19569337,0.38046083,0.31700638,0.84533185,0.56139016,0.3339507,0.54455024,1.2060272e+07,3.0674542e+06,4.0010245e+06,6.0381905e+06,0.0007073937,0.0011101034,0.00035646308,0.0011364472,1.7454515,-1.405974,0.21646905,-0.9377644,0.4876016,0.35124567,0.1836556,0.30431977,2910.4922,1237.3828,2056.9414,2268.4062,21.20714,20.937597,20.950129,20.543064,0.02663405,0.033353228,0.018914904,0.0337642,21.007563,20.72333,21.063751,20.491825,0.3215046,0.46310234,0.2145977,0.5331545,0.2826087,0.14285715,0.18478261,0.125,1.0438881,0.23429443,0.45067826,0.7173913,1.3247166,0.32174608,0.21162438,0.6530612,0.6729069,0.28281343,0.19242299,0.35869566,1.1936054,0.34170502,0.37893927,0.5714286,2.1142673,1.2688122,1.1975384,1.4011631,0.08367686,0.09509753,0.06575106,0.10219276,556.47845,694.8654,398.31516,386.39948,17.897583,21.911753,15.163982,18.0848,1.2988366,0.3281446,-0.6940531,0.28154728,0.56483203,0.6983365,0.39626968,0.6936201,0.74343455,0.82020855,0.7960886,0.8642382,20.987726,20.82156,20.859001,20.259935
110,2528736942810859009,0.6757765,0.7689867,0.696743,0.9007139,0.45200348,0.9825878,0.37760925,0.7179966,1.6786212,1.9307333,1.0796539,1.1414987,0.2826087,0.42857143,0.26086956,0.3392857,0.0,0.0,0.0,0.0,0.307001,0.19494411,0.37471056,0.295061,0.5701866,0.5269263,0.31910852,0.55263406,4.9601545e+06,4.5598285e+06,3.6376015e+06,5.652845e+06,0.00029900108,0.00063568976,0.00022832667,0.0006357241,0.38008285,-1.3472567,-0.0010743141,-0.73604155,0.37334368,0.32549345,0.17343871,0.3135917,583.84375,1331.0156,1457.2227,1536.4922,20.37601,20.008823,19.85759,19.575583,0.017303906,0.025223091,0.015117926,0.025225943,20.23483,19.93717,19.914585,19.491844,0.19984627,0.41745567,0.1768713,0.35994434,0.23913044,0.14285715,0.25,0.125,0.63497734,0.13828672,0.25977302,0.67391306,0.9701252,0.24016163,0.12622006,0.67346936,0.5189495,0.19210422,0.16626118,0.32608697,0.85334015,0.21625225,0.3049367,0.58928573,1.043314,0.89102364,0.7721596,1.1265392,0.059762392,0.07188903,0.05197473,0.07814565,1152.5223,1704.215,1169.4376,1107.5037,24.491648,34.57742,26.599756,28.451086,1.0375297,0.35836136,-0.4504973,0.51979417,0.3525846,0.5046844,0.30020556,0.49381253,0.75524414,0.8475103,0.8045828,0.8510779,20.301867,20.043396,19.83195,19.508034
111,2528736942890860070,1.1416826,1.3005104,1.1477585,1.5006666,0.99863815,1.7033749,0.5817375,1.2315197,2.3839912,2.0675473,1.4038692,0.69039047,0.39130434,0.46938777,0.26086956,0.35714287,0.0,0.0,0.0,0.0,0.305984,0.20302227,0.39015588,0.31613278,0.52266634,0.52913284,0.30333775,0.5467262,4.5817005e+06,4.2537135e+06,3.958503e+06,5.7009515e+06,0.0008718535,0.0016026713,0.00049816887,0.001479163,-0.4372723,-1.3535688,0.25785875,-0.85115933,0.32447174,0.33543894,0.17116071,0.2951341,1068.2188,1814.6953,2390.2383,2452.414,21.472149,21.227459,21.287111,20.775164,0.029593412,0.040083434,0.022374097,0.03853551,21.237747,21.009659,21.418571,20.737686,0.29886913,0.63142776,0.24830055,0.6163645,0.23913044,0.12244898,0.18478261,0.10714286,1.2439537,0.22739817,0.33927876,0.6956522,1.6433067,0.39413258,0.21310857,0.67346936,0.83316994,0.32606524,0.25017628,0.3152174,1.3562393,0.36319923,0.48189658,0.53571427,1.7086678,1.638937,1.4849682,1.674797,0.096401915,0.114761524,0.075586446,0.12238138,445.7564,555.8909,349.00787,316.70282,16.220104,19.333559,14.2806635,17.294514,0.86578447,0.38975996,-0.67107975,0.3350177,0.63543415,0.8508695,0.4762799,0.8005815,0.741752,0.8188429,0.7972842,0.8631789,21.158724,20.968851,21.109764,20.35951
112,2528736942904447370,0.35273075,0.41757488,0.3675909,0.44790077,0.27633858,0.5271282,0.18160248,0.38966942,1.896911,1.7566433,1.5506057,1.018885,0.2826087,0.46938777,0.26086956,0.35714287,0.0,0.0,0.0,0.0,0.2890633,0.19486122,0.37616453,0.300625,0.6212357,0.5143965,0.3208578,0.53902906,6.17585e+06,5.9021365e+06,3.8230022e+06,9.805403e+06,9.498186e-05,0.00018200929,6.2614505e-05,0.000169528,-0.17569494,-1.3491163,0.16305089,-0.9665191,0.38859615,0.31845754,0.17058893,0.2971509,344.66406,629.4531,707.3633,1355.1211,19.928284,19.444513,19.191265,18.979862,0.009756078,0.013500365,0.007918667,0.013029845,19.852867,19.408968,19.220364,18.953491,0.12046814,0.22160721,0.0836401,0.19446468,0.1521739,0.14285715,0.20652173,0.08928572,0.3469429,0.059330508,0.12995562,0.6086956,0.49851418,0.13193329,0.06967392,0.67346936,0.2695179,0.101539366,0.080511354,0.3043478,0.42382622,0.10430835,0.14782359,0.53571427,0.54530144,0.4661007,0.4238987,0.53362274,0.032323785,0.0388824,0.026868,0.03992256,815.08136,1133.7523,689.2277,876.5424,21.012852,29.961435,20.444426,25.14392,0.87023246,0.32340595,-0.6104839,0.37501505,0.19442189,0.26250803,0.15196924,0.24730466,0.796221,0.90279424,0.790045,0.84519655,19.916203,19.530556,19.203781,19.022963
113,2528736942938401317,0.63687897,0.7693186,0.6797657,0.8890047,0.4556179,0.9872322,0.35329437,0.71535873,1.5246897,1.744143,1.041509,1.0479213,0.32608697,0.4489796,0.26086956,0.35714287,0.0,0.0,0.0,0.0,0.28996858,0.19467103,0.37618434,0.2973451,0.633049,0.52788925,0.30677265,0.545619,6.969886e+06,5.59819e+06,3.5510278e+06,5.688082e+06,0.00027725793,0.00059910014,0.0002159371,0.0006030112,0.29872274,-1.3164021,0.05402422,-0.7252219,0.40690085,0.32773888,0.16575417,0.30914345,689.8164,1377.9141,1400.2422,1438.2812,20.420118,20.036444,19.891201,19.596842,0.01666418,0.02448764,0.0147028975,0.024569545,20.3045,19.972044,19.945807,19.513348,0.23095989,0.4086094,0.16873455,0.35066128,0.17391305,0.1632653,0.20652173,0.125,0.5957718,0.122297764,0.24847671,0.6304348,0.9370079,0.24065447,0.12681241,0.67346936,0.48981476,0.20173214,0.15557134,0.35869566,0.83677864,0.2220699,0.29036197,0.60714287,0.97115517,0.8692608,0.77677727,1.097805,0.057260476,0.07172721,0.049601108,0.07636003,1090.4241,1539.2457,1044.3344,1020.4949,24.344545,32.73392,25.146011,26.976343,0.9804607,0.3282404,-0.5198441,0.5006598,0.34028456,0.49064523,0.2924583,0.4814855,0.75516057,0.84744644,0.7955247,0.84156686,20.354147,20.075298,19.869038,19.533394
115,2528736952328892985,0.6397314,0.7932968,0.7584591,2.1128006,0.33659172,0.929163,0.41923904,0.67933655,2.9955294,3.039568,0.34216323,4.7504544,0.20833333,0.29166666,0.28735632,0.13114753,0.0,0.0,0.0,0.0,0.27399096,0.22019646,0.37736094,0.2062593,0.8654666,0.4729812,0.28175688,1.4995087,2.0538662e+07,5.92026e+06,3.7628665e+06,2.5222312e+07,0.00019692724,0.00055401,0.00023840276,0.0018121743,1.8234978,-0.9694383,-0.052302122,9.2847595,0.48897228,0.29423133,0.15526639,0.76031685,1930.043,1115.8359,1144.1484,8271.93,22.045141,21.05657,19.871021,19.251028,0.014348409,0.023602515,0.015447872,0.042683393,21.929222,20.881828,19.920149,19.021297,0.11699772,0.27577496,0.20376968,0.3309822,0.35416666,0.14583333,0.20689656,0.29508197,0.7961273,0.16777854,0.21017328,0.875,0.98140526,0.17903423,0.21557534,0.6875,0.5030384,0.1642871,0.1890351,0.42528737,3.6138916,0.512722,0.009609481,0.9672131,1.0112667,1.2149754,0.8275547,3.7319298,0.05352821,0.06791083,0.05222046,0.09176789,63.36804,244.46617,1029.4536,2180.9712,4.794401,13.217185,26.472797,37.94008,1.5148212,0.7415706,0.10491102,2.722801,0.3163127,0.49698803,0.306965,0.8216992,0.6450151,0.8639758,0.84086853,0.8162465,21.980375,21.054964,19.848518,19.066372
116,2528736953047231785,0.39127827,0.075852394,0.028288841,0.99000263,0.039669037,0.033008575,0.011180878,0.013301849,7.5681047,0.46917436,0.4337886,20.388546,0.041666668,0.3125,0.26436782,0.016666668,9.948719e-08,6.782943e-09,0.0,0.0,0.15930673,0.20086786,0.23854524,0.12679788,1.7756556,2.528452,1.4337425,2.0399365,4.6988572e+07,1.4589493e+08,2.7477416e+07,3.9068732e+07,2.0036654e-05,1.1499172e-06,2.0656286e-07,0.0001915686,35.71139,0.5989194,0.89691687,56.886066,0.8906686,1.2643303,0.7200161,1.0199689,1201.8594,310.6914,114.28906,3996.707,21.466852,20.255394,18.94041,18.380562,0.004801502,0.0015677335,0.0005309909,0.013845393,21.459114,20.254753,18.940937,18.343388,0.024059296,0.01753521,0.0057468414,0.006668091,0.7291667,0.29166666,0.25287357,0.95,0.6663246,0.037471715,0.0,0.9791667,0.05169487,0.017560858,0.022620903,0.29166666,0.0153923035,0.0062513044,0.0067084986,0.44827586,1.9463863,0.040630475,0.0,0.98333335,0.66018295,0.08423805,0.030134201,1.9511204,0.0064047254,0.0053754835,0.0017763445,0.0060192044,2.4629052,2.6431327,3.901522,250.10867,1.1333932,1.290416,1.546284,4.33913,5.5590167,0.19338702,0.120586425,7.4673767,0.103073135,0.03175506,0.010057186,0.2544861,0.7182201,0.79269946,0.77723324,0.29892504,21.454454,20.256523,18.941353,18.351482
117,2528736953253021265,2.0199966,2.2956886,1.879302,2.6419659,0.9366245,2.5965862,1.2443161,2.1027927,2.2080414,1.6458023,0.6984187,0.7521777,0.25,0.42857143,0.29885057,0.3559322,0.0,0.0,0.0,0.0,0.30036813,0.22164711,0.40026584,0.33715793,0.63696307,0.5578206,0.30915508,0.60533786,1.0388174e+07,4.9230875e+06,4.2071945e+06,4.849155e+06,0.0019893039,0.0047798627,0.0017399582,0.0043254504,2.150865,-1.2023473,-0.3488648,-0.8312404,0.4135416,0.35183635,0.1729477,0.32954478,2725.1172,3034.5469,4243.2227,4471.1836,20.48796,20.743704,21.105078,20.546577,0.04461538,0.069169216,0.041748263,0.06584554,20.215477,20.352287,21.200603,20.281403,0.43925953,1.0025387,0.6267872,1.0209942,0.27083334,0.1632653,0.13793103,0.118644066,1.8001881,0.39148667,0.7921311,0.7708333,2.7360516,0.6762559,0.4843686,0.67346936,1.4564934,0.5803065,0.4306695,0.43678162,2.3346348,0.6086135,0.7757068,0.55932206,3.2761116,3.020773,2.155285,3.3335094,0.15754347,0.2065835,0.14272815,0.20124908,2733.5447,4273.2173,1980.5662,1292.501,46.358753,53.072277,40.570324,41.385048,1.4806131,0.40380144,-0.43087277,0.36910024,0.9140782,1.4348258,0.8811003,1.3529005,0.82929593,0.7846958,0.85601604,0.8767758,20.01153,19.736828,20.292564,19.286325
118,2528736953267442845,0.53215885,0.6135721,0.63946056,1.8806152,0.26634407,0.7105255,0.35746765,0.5579262,4.7383804,2.1926641,0.23448871,3.3333356,0.125,0.3877551,0.31034482,0.13559322,0.0,0.0,0.0,0.0,0.29096615,0.21355544,0.36287645,0.23242451,0.819504,0.5108707,0.36687905,1.2807326,1.3651719e+07,7.91995e+06,3.5131498e+06,2.2491426e+07,0.00021675056,0.00045924596,0.00023327983,0.001076843,2.6075263,-1.0859416,-0.06717181,14.125924,0.4896939,0.30751565,0.19227129,0.6585664,1457.8477,1596.9922,994.97266,6618.6953,18.242449,17.998116,17.979765,17.898872,0.0147232,0.02143065,0.015274093,0.03281671,18.12837,17.87542,17.979116,17.725973,0.069633484,0.23506927,0.18258667,0.26010704,0.35416666,0.08163265,0.2413793,0.33898306,0.6997566,0.12487708,0.18998554,0.875,0.7563782,0.1685688,0.13332464,0.6938776,0.43181038,0.15579858,0.18174332,0.50574714,1.112854,0.24441102,0.78233,0.8135593,0.92294884,0.8772526,0.76016617,3.3634987,0.051984183,0.0638321,0.053635836,0.07475202,10015.768,19190.045,12077.294,12473.938,61.61619,122.00482,90.02418,90.22255,1.8165686,0.5917418,0.26676503,3.0349627,0.26858723,0.38571134,0.2746246,0.58738214,0.6956295,0.88829595,0.8152353,0.8290175,18.20357,18.061132,17.959352,17.826136
119,2528736953291862845,0.34040928,0.02543354,0.013541222,1.9684877,0.0070114136,0.008178711,0.0071544647,0.011871338,16.349737,0.84211326,0.37281373,22.112314,0.020833334,0.30612245,0.29885057,0.016949153,0.0,0.0,0.0,0.0,0.14094266,0.123046845,0.18907836,0.12771672,2.0467951,2.129586,1.7053276,2.0381894,5.57713e+07,7.528673e+07,2.1468396e+07,3.9836924e+07,2.9238376e-05,2.480341e-07,1.01334095e-07,0.0008802249,47.44104,1.8070252,0.097503185,58.485798,1.0235698,1.070877,0.86534566,1.0190971,1362.3086,68.24609,37.0,8044.1406,17.778963,17.347008,17.193508,17.22989,0.0054085986,0.000514631,0.0003337977,0.029669875,17.76469,17.34592,17.19299,17.156046,0.00385952,0.0040836334,0.0034294128,0.0049152374,0.9791667,0.36734694,0.21839081,0.9661017,0.66438484,0.0071931737,0.0,0.9791667,0.016349792,0.0054675196,0.0066254237,0.7755102,0.009332657,0.0032756815,0.0037756208,0.6091954,3.918518,0.033209555,0.0,0.9830508,0.664814,0.029424667,0.0150260925,3.925949,0.0014894006,0.0014878619,0.0011476493,0.0059259282,569.05524,22.34542,11.427029,394.668,6.110698,3.3817098,2.6417947,6.388419,6.8689823,0.6541438,0.37018585,7.633105,0.09615927,0.008927308,0.005739154,0.5112087,0.27157408,0.731795,0.7802144,0.33679104,17.76851,17.34859,17.193304,17.161663
120,2528736956131075702,0.6394987,0.7469597,0.7716446,1.8916187,0.44986343,1.0199928,0.4183159,0.7312355,3.6264298,3.4063654,0.44414198,3.1112914,0.25,0.36734694,0.25287357,0.18644068,0.0,0.0,0.0,0.0,0.30719626,0.22822769,0.3624876,0.24809438,0.6227082,0.52972376,0.296408,1.0419582,6.58775e+06,4.8877475e+06,3.8762865e+06,1.5423094e+07,0.00034296064,0.00084543286,0.00030808966,0.001425413,0.90245533,-1.2925266,0.19905186,6.080266,0.38206425,0.3173881,0.17282969,0.54468906,1218.5469,1456.4297,1202.7188,6137.336,18.377085,18.212156,18.221418,18.05607,0.0185199,0.029076895,0.017553128,0.037756078,18.229225,17.94382,18.255032,17.858116,0.09649849,0.24636841,0.20223808,0.32465363,0.29166666,0.1632653,0.1954023,0.22033899,0.69687843,0.117099375,0.23226716,0.75,1.051424,0.18800956,0.1667566,0.67346936,0.5069504,0.18519545,0.20301029,0.47126436,1.4056377,0.30650714,0.69700444,0.8135593,1.0780697,1.1892071,0.83841705,3.281311,0.06369225,0.08134991,0.06292453,0.10154862,14434.3125,27602.752,12958.7295,14846.485,80.86835,144.82677,93.65018,99.86528,1.3308716,0.6158732,0.18231612,2.0395222,0.34034178,0.52955294,0.3198429,0.6817264,0.7311531,0.89862776,0.8274916,0.8236834,18.30525,18.223637,18.187696,17.89498
121,2528736956137526990,1.2027798,1.5601473,1.4105501,2.307579,0.7318115,1.9846134,0.9008179,1.4174271,3.7983398,2.924016,0.23067828,1.8837438,0.20833333,0.3877551,0.33333334,0.2881356,0.0,0.0,0.0,0.0,0.33298853,0.22774202,0.39157403,0.29035094,0.4664351,0.47386256,0.25365666,0.7549264,4.4823285e+06,4.2101755e+06,3.229084e+06,8.519333e+06,0.0011387297,0.0029150024,0.0011240055,0.0031690574,1.2808728,-1.127675,-0.4656422,0.4111054,0.31544363,0.29523277,0.14530663,0.4054476,1514.1797,2483.3438,2437.0352,6157.074,19.060453,19.155182,19.3456,18.969467,0.033746343,0.05399224,0.033527963,0.056300465,18.786907,18.737392,19.428753,18.738525,0.19519997,0.5394287,0.4676628,0.68388176,0.39583334,0.10204082,0.16091955,0.118644066,1.2219849,0.16993253,0.53237027,0.7083333,2.0626755,0.40202942,0.35110214,0.6938776,1.0558052,0.3945736,0.35864237,0.47126436,1.8871422,0.4702824,0.8046762,0.6779661,1.9937191,2.359909,1.5144863,3.48975,0.12044671,0.15673086,0.11328906,0.17105052,13932.886,17415.168,14456.334,7915.254,84.01922,116.00336,103.32584,91.920944,1.4470346,0.661913,-0.12640716,0.99930596,0.6432206,1.0342312,0.6486186,1.0679898,0.7103816,0.873497,0.85105336,0.88794965,18.797209,18.782194,19.024698,18.363602
122,2528736956257735830,1.7121983,2.1345015,1.5909348,2.2699814,0.9292984,2.6209583,1.1969986,1.9676399,1.8321811,2.1302814,0.91582406,1.0562451,0.29166666,0.46938777,0.28735632,0.33898306,0.0,0.0,0.0,0.0,0.29901692,0.22514701,0.40364572,0.33234146,0.61629194,0.5560569,0.33387583,0.5602607,7.294824e+06,7.9289945e+06,4.375298e+06,3.9709375e+06,0.001749561,0.00445652,0.001491083,0.0039363406,1.171556,-1.2700605,-0.48101783,-0.8767462,0.3953722,0.34272456,0.18389507,0.31189355,2363.125,4587.9688,3757.75,3650.0508,20.049322,20.30929,20.613916,20.055996,0.041833293,0.06677104,0.03862856,0.06276947,19.86922,19.844904,20.715443,19.822329,0.41528225,0.8926449,0.53328896,0.97709846,0.20833333,0.18367347,0.09195402,0.10169491,1.6292381,0.3630407,0.6438673,0.75,2.6344242,0.5890711,0.39838418,0.67346936,1.3271828,0.5232836,0.36390194,0.44827586,2.1913815,0.53230345,0.7216303,0.55932206,2.5906487,2.9155445,1.9195614,2.80793,0.15433629,0.19318579,0.12794818,0.19620453,5968.633,6241.383,3723.0469,2377.7896,71.20767,65.069916,54.465717,55.783417,1.2375985,0.45130372,-0.468447,0.4083781,0.83872914,1.3560724,0.79628587,1.2589042,0.8157783,0.8140418,0.84034294,0.8744321,19.603693,19.512518,19.94297,19.003008
125,2528736999038560214,1.5679369,1.2596588,1.389266,1.0245743,1.3754807,1.7987766,1.207077,0.79776955,0.5096459,0.7926261,0.24097776,0.40763736,0.39130434,0.5,0.3181818,0.33333334,8.619301e-10,0.20562781,0.15654129,0.94639564,0.23086216,0.33064806,0.30041733,0.2032432,1.4763944,0.89099926,0.6574705,0.9925487,1.727756e+08,2.806535e+07,8.925331e+07,9.166687e+07,0.00041040676,-0.00083997776,-0.00058049196,-0.0019251966,-0.9846587,-1.6432333,-0.516099,-0.11670041,0.9686068,0.54318535,0.433736,0.5776561,4679.129,1158.6562,3090.4922,2030.5469,24.666567,24.339828,24.37904,23.732855,0.034595355,0.038189553,0.031172283,0.021061614,24.93368,24.152035,24.360409,23.800156,0.6344967,0.7801933,0.58475685,0.4391632,0.17391305,0.14285715,0.27272728,0.2857143,1.5038013,0.4131148,0.3766774,0.4347826,1.7404118,0.4180296,0.15661606,0.64285713,1.289774,0.36583987,0.4917516,0.3181818,0.8126259,0.21727516,0.3334674,0.42857143,1.8930092,1.4791317,1.4453545,1.0576706,0.103649445,0.10249615,0.1064415,0.068147756,3.98355,1.2971785,1.3070023,0.5496658,2.029823,0.9821101,0.89600974,0.59409297,-0.22578888,0.29221305,-0.10629068,0.3279032,0.8533486,0.92952716,0.75995034,0.49985224,0.7967551,0.84030175,0.8275446,0.7833357,24.034187,24.20577,23.900032,23.56181
126,2528737000615799125,2.0528364,1.5012426,2.234827,2.0755568,1.232935,1.2522488,2.1351871,0.9944496,1.1858636,0.7527069,2.3600745,1.4295726,0.3043478,0.35897437,0.36363637,0.25581396,0.0,0.0,0.0,0.0,0.34911197,0.2829352,0.43915278,0.28526422,1.012115,0.7017489,0.21972334,0.7751937,6.069337e+07,3.5953384e+07,4.4531945e+06,3.1542538e+07,0.00034078493,0.0010462854,0.0020712593,0.0008908865,0.546453,-0.6611731,-1.0347993,0.861243,0.534331,0.45019287,0.16313061,0.44902518,8408.418,4209.2734,3513.5,3593.0742,23.818129,23.184856,23.80043,22.756954,0.04033954,0.035855033,0.051253382,0.040278982,23.632786,22.949663,24.259369,22.59146,0.6164675,0.56113625,0.78872204,0.4771576,0.1521739,0.30769232,0.13636364,0.3255814,1.9105244,0.51832765,0.630074,0.7826087,1.4801273,0.39327252,0.47126406,0.64102566,2.2499847,0.6119002,0.47737974,0.37878788,1.7845497,0.46256286,0.66680855,0.76744187,3.0188026,1.9501057,2.994482,2.813549,0.12424811,0.11876033,0.1535881,0.13863452,11.639674,10.926244,23.858828,5.367327,3.4200633,2.5851388,7.3493185,2.0463634,0.9840208,0.4854318,-0.5175449,0.9893952,0.96081233,0.8312938,1.2198526,0.916627,0.8546592,0.7712913,0.8673509,0.8061628,23.266397,22.928604,22.321205,22.105797
131,2528737040650667333,1.3832226,1.5303516,1.3357334,1.2627001,1.1976986,1.4482422,1.252285,1.1543598,0.4133957,0.4952752,1.075849,0.39276806,0.35,0.4375,0.35714287,0.4117647,0.03726261,0.060908962,0.00078048144,0.21247344,0.35236797,0.35647213,0.36129326,0.24759491,1.5811967,0.9594895,0.9214381,1.4749255,5.3974304e+08,3.2322452e+07,3.8411516e+07,6.0778564e+07,0.00022166222,-0.00016529295,-0.00039128648,-0.0007407523,-0.69848824,-0.9373193,-0.716676,-0.25825834,0.88805515,0.52468646,0.5327167,0.90781426,5588.793,1197.8398,2005.3828,1948.1211,24.77201,24.197193,24.185608,23.410433,0.033069167,0.03952868,0.032666374,0.030367821,24.62254,23.995129,24.052822,23.537312,0.6333895,0.60806656,0.49269485,0.64507675,0.15,0.1875,0.21428572,0.1764706,1.4618149,0.3980804,0.43317458,0.65,1.6712971,0.46268216,0.51412183,0.625,1.5383797,0.3641112,0.34030655,0.71428573,1.1725445,0.28929293,0.4579655,0.47058824,1.8338451,1.7125797,1.7141209,1.4560127,0.10356997,0.121301554,0.10441465,0.09442284,1.6482089,1.6169116,2.0864902,1.2608926,1.2200257,1.0698458,1.2543058,1.116036,0.5027942,0.33812958,0.635459,0.46129498,0.8191897,0.95648307,0.7900561,0.71092385,0.8481329,0.7764268,0.81920254,0.88580537,24.331978,23.618517,23.543997,23.080309
132,2528737046829213220,2.8140597,2.9697933,3.7480416,2.771521,2.0373,1.8050137,0.91747665,1.8313522,0.62223834,0.38141793,2.700849,0.39365855,0.375,0.30952382,0.17283951,0.31666666,0.0,0.0,0.0,0.0,0.3015423,0.26742828,0.3069677,0.32355475,1.1025062,0.47626972,0.9563469,0.7994075,6.1609024e+07,6.1998185e+06,1.7436296e+07,1.195117e+07,0.0064505916,0.0072637135,0.0028286113,0.0054241847,-0.77186847,-0.13719106,9.834116,-0.6126058,0.61459476,0.30080903,0.61312056,0.41979414,14411.484,2783.4512,14582.162,8456.715,17.312502,17.25449,17.926573,17.113888,0.0803157,0.08522754,0.053184904,0.07365003,17.04826,17.14691,18.007034,17.064995,1.0758066,0.9025068,0.4594097,0.848259,0.16666667,0.16666667,0.43209878,0.15,2.4553127,0.747192,0.6351323,0.625,2.2901764,0.9928592,0.82769144,0.52380955,1.4373207,0.63054895,0.715717,0.2962963,2.0948277,0.6657328,0.72422814,0.51666665,3.114811,3.3550549,5.019497,3.0735645,0.24162711,0.30105934,0.13466743,0.2279968,846787.8,1.3635752e+06,275584.3,413397.3,858.8578,905.00964,363.05014,668.64594,0.16172145,-0.28048387,1.2531536,0.16331367,1.3904657,1.4705578,0.9534231,1.2604384,0.8373405,0.8382296,0.79838705,0.8660051,16.170437,15.688784,17.184021,15.879439
133,2528737046899095256,1.6396742,1.8480139,1.8454256,1.7545938,1.1093254,1.7417679,1.8467445,1.2946529,1.0342386,1.1827179,1.2952684,1.114914,0.35897437,0.3181818,0.4117647,0.30612245,0.0,0.0,0.0,5.621059e-13,0.3775104,0.30426803,0.43294695,0.32161427,0.49011716,0.5621039,0.3295532,0.69351804,2.1564454e+07,2.426958e+07,4.826745e+06,1.8983048e+07,0.0009361135,0.0013105121,0.0013516054,0.000806725,-0.21460962,-0.90882134,-1.2075286,-0.30286574,0.30013824,0.3677226,0.20571594,0.4072921,2290.5703,6082.6484,3056.1953,2621.379,23.965559,23.71397,23.852083,23.06599,0.03490891,0.04183614,0.044435777,0.03735575,23.70356,23.493015,24.073387,22.813175,0.47554398,0.6451025,0.9036646,0.4942131,0.23076923,0.22727273,0.10294118,0.14285715,1.5829391,0.39992887,0.49898472,0.71794873,1.8528061,0.50710666,0.4016651,0.6818182,1.9093094,0.41853726,0.53302073,0.3970588,1.5393848,0.3845816,0.544479,0.6530612,2.3050728,2.0828304,1.9683285,2.4423428,0.11030761,0.1319668,0.13688558,0.11757465,7.9530144,8.273483,10.040224,3.1997964,2.3695724,2.177827,4.295052,1.6191591,0.77422315,0.35053396,-0.14056607,0.6972548,0.83661157,0.99210095,1.0598859,0.86164737,0.8206658,0.7637772,0.89772826,0.81452554,23.527893,23.353994,22.88042,22.534908
134,2528737047804872195,1.4244394,1.5825205,1.5327406,1.4607105,0.66028976,1.162981,1.0400639,0.93588066,0.2857029,0.86013365,0.7194563,0.13946624,0.34210527,0.36666667,0.3561644,0.3529412,0.0,0.0,0.0,0.0,0.30720806,0.4116959,0.2832343,0.27008897,0.81839883,0.5958712,0.91289496,1.3606204,7.707776e+07,4.3227132e+07,1.064897e+07,4.8915824e+07,0.0001250169,0.00064004405,0.00042403108,-0.0006426114,0.07499027,-0.68433356,-0.49982858,-0.07981801,0.4566827,0.29796758,0.45836195,0.6817397,4230.125,3325.6484,3872.5273,2504.543,23.92248,23.775627,23.528973,23.249866,0.026930096,0.034668718,0.030649982,0.028660448,23.879108,23.504745,23.377571,23.283339,0.36136818,0.49672413,0.5134411,0.44465542,0.18421052,0.16666667,0.24657534,0.1764706,1.0132923,0.36793998,0.4193484,0.5,1.498703,0.40241605,0.42847884,0.6666667,1.2593555,0.38344908,0.4066027,0.6438356,1.0712833,0.36781317,0.41758507,0.44117647,1.7300987,1.8881989,1.8908825,1.5956326,0.08794172,0.10220262,0.09460143,0.09506376,10.855354,20.28026,13.574484,5.831147,2.634715,2.9267886,3.6098528,1.8094527,0.239527,0.47158495,0.39080277,0.10162844,0.64423466,0.8242705,0.7211626,0.6663516,0.79151803,0.7398499,0.8710849,0.75072247,23.547718,22.810072,22.780815,22.50143
135,2528737047814809026,1.2633781,1.6488075,1.3889208,1.358594,1.1311226,1.4097939,0.80713654,0.95448303,0.40010777,0.8590367,0.5476036,0.37471765,0.33333334,0.27586207,0.3478261,0.375,0.0,0.0,0.0,1.0183868e-07,0.39110744,0.26733336,0.2873526,0.21091126,0.4768051,1.032455,0.97287446,1.6929729,7.433488e+07,2.711587e+07,8.241342e+06,9.874562e+07,-5.1984865e-05,-0.00014891615,0.00023771502,-0.0006105496,-0.6264312,-0.843899,-0.34472775,-0.6157336,0.26732233,0.6124339,0.4901252,0.96552557,4664.3203,2324.1992,2604.0586,2254.086,24.31277,24.162525,23.826477,23.61258,0.026877869,0.035545416,0.02806826,0.031088216,24.189941,23.830801,23.862913,23.612831,0.42978477,0.40189552,0.40722275,0.53726864,0.21212122,0.10344828,0.2173913,0.20833333,1.1244602,0.33182877,0.36638415,0.6060606,1.5368595,0.40634444,0.41484317,0.62068963,1.0701256,0.44496968,0.39645994,0.39130434,1.3727074,0.4507381,0.30351064,0.75,1.5378857,2.0072594,1.449522,1.4624081,0.091117,0.110085934,0.09901312,0.096365936,5.0523205,11.527831,12.480335,3.341452,1.8683045,2.3634436,3.6463864,1.6511327,0.35312974,0.33322778,-0.29010794,0.37072,0.65347546,0.858867,0.66876775,0.734073,0.7947207,0.7677897,0.87553734,0.78465617,23.931543,23.09127,22.912004,22.83725
136,2528737048201889504,4.1862373,2.8930173,4.792878,2.369772,2.30373,1.8151836,1.212553,1.8333206,1.2701763,0.74262756,5.2604837,0.309465,0.29787233,0.33333334,0.11111111,0.38333333,0.0,0.0,0.0,0.0,0.30340207,0.28478095,0.27511814,0.31788632,1.0517318,0.52019274,1.2324834,0.71335924,5.3651064e+07,6.06291e+06,2.4080288e+07,9.675564e+06,0.008943563,0.0071705,0.005126767,0.0044392827,1.3315761,0.3663113,14.542267,-0.7450185,0.58297104,0.3123777,0.7628487,0.38535458,15168.727,2807.2988,18568.99,4503.2656,17.218494,17.069302,18.037596,17.00895,0.09458679,0.08467888,0.0716138,0.06662811,16.772455,17.168728,18.078705,16.95811,0.9417114,0.9075918,0.5247307,0.8651724,0.34042552,0.26190478,0.45679012,0.18333334,2.8493595,0.7136739,1.093881,0.63829786,2.529623,1.0762714,0.85868657,0.26190478,6.5722427,0.7906148,0.6900889,0.97530866,1.9074726,0.6844586,0.55103254,0.6,5.878195,3.7344255,6.856823,2.4187336,0.27072874,0.30265406,0.12909138,0.20752397,1.0176706e+06,1.9945735e+06,309561.3,454869.06,864.4661,1072.9451,378.81378,626.4023,0.84727615,-0.69506466,2.7965894,0.0064351205,1.6286421,1.4454094,1.2917408,1.1332742,0.8242695,0.8606745,0.73829377,0.8571009,15.965218,15.386875,17.151546,15.898859
137,2528737048220982602,3.57312,3.0153246,4.5545363,2.9509277,2.2604809,1.6735306,1.091301,1.8676052,0.8509424,0.86758393,4.1579113,0.23246105,0.33333334,0.35714287,0.12345679,0.33333334,0.0,0.0,0.0,0.0,0.31130514,0.28877726,0.28409973,0.31829837,0.84990424,0.4850759,1.1435909,0.90391165,4.6404388e+07,7.6745655e+06,2.2116928e+07,1.4257397e+07,0.008544413,0.0074911495,0.004516118,0.005166389,-0.18897057,0.65015244,12.914438,-0.21337795,0.48401874,0.28962013,0.7151499,0.46961716,14630.586,3567.879,17642.527,8946.021,17.132608,16.973568,17.897087,16.936035,0.0924367,0.086551495,0.06720394,0.071878806,16.77764,17.041061,17.942974,16.941935,0.97489834,0.8367653,0.5393448,0.93918896,0.27083334,0.21428572,0.44444445,0.2,2.7740993,0.8220452,0.8297874,0.625,2.449542,1.169739,0.80640084,0.30952382,5.81896,0.78674847,1.183702,0.97530866,1.9699297,0.65177673,0.76348376,0.5,4.1954536,4.0082436,6.4664,3.3878002,0.28254697,0.30375415,0.13707343,0.213931,1.5316234e+06,2.6832672e+06,341829.88,534416.5,1039.125,1215.5243,405.0456,730.27045,0.26703176,-0.82877785,2.4230375,0.22895558,1.5836818,1.4690877,1.2027547,1.217342,0.8062875,0.8597208,0.7609665,0.8650903,15.781171,15.109277,17.047356,15.753932
138,2528737048295687703,2.7820148,2.7361321,4.289697,2.5115795,2.204008,1.6641808,1.2321053,1.8097,1.3915592,0.6884957,3.2002604,0.31558612,0.29166666,0.33333334,0.12345679,0.37288135,0.0,0.0,0.0,0.0,0.32044113,0.28716055,0.30395377,0.32862666,1.104123,0.51930887,1.0599039,0.5816332,7.149912e+07,7.8600055e+06,2.0681176e+07,6.889843e+06,0.0064753797,0.006385473,0.0045828787,0.0047965394,-0.7721369,0.24597502,9.310661,-0.71724725,0.62936586,0.31357524,0.62776035,0.31826133,16570.422,2869.5762,16259.371,4013.7148,17.357508,17.210228,18.17659,17.114584,0.08046988,0.07990926,0.06770465,0.069257244,16.838974,17.356281,18.302603,17.067509,0.86311626,0.83549786,0.50751114,0.899292,0.29166666,0.26190478,0.44444445,0.20338982,2.5498714,0.6371813,0.6312408,0.625,2.3342009,0.9933345,0.774533,0.30952382,5.6979904,0.85981125,0.4043791,0.97530866,2.0024204,0.70307827,0.5998019,0.6101695,3.4061375,3.6450377,5.717228,2.5507317,0.25037435,0.2803656,0.15377213,0.21096255,672376.9,1.4995054e+06,278237.8,408621.75,677.0236,956.5647,393.80063,612.71606,0.30751413,-0.66511834,1.9114587,0.084380075,1.3967565,1.3752565,1.2306396,1.1853089,0.818958,0.8511942,0.7670234,0.8631883,16.240364,15.628761,17.223833,15.94592
139,2528737048315451357,2.1534061,2.3112526,2.1693316,2.7916975,1.9802246,2.4114456,1.4853954,2.0989017,1.4901657,0.8586772,2.7699044,0.45578548,0.31914893,0.42857143,0.29113925,0.37288135,0.0,0.0,0.0,0.0,0.3098251,0.22977208,0.40018284,0.33346424,0.82140434,0.6456104,0.29218227,0.55238044,3.1800752e+07,7.511356e+06,4.693921e+06,7.662794e+06,0.0038309498,0.0048451936,0.0023377757,0.0049307803,-0.89650345,-0.976001,1.2730341,-0.8546517,0.5200954,0.4138943,0.23683414,0.30753618,8519.965,2849.7031,5328.8164,5093.5156,19.617588,19.103725,19.957401,19.03242,0.061897974,0.06960937,0.048354585,0.07022339,19.110384,18.993622,20.235338,18.843597,0.7057915,1.0747604,0.5653076,1.0939465,0.27659574,0.16666667,0.29113925,0.118644066,2.2432518,0.5098368,0.5960503,0.63829786,2.4840755,0.7680423,0.47721353,0.71428573,1.7378731,0.7321643,0.35510495,0.32911393,2.2744331,0.70336396,0.68078816,0.5084746,2.7907467,2.431614,3.3842087,2.8014946,0.20576145,0.21880257,0.13664863,0.21269345,22839.646,51738.438,45638.152,41680.633,130.14455,217.5654,144.64305,195.69284,0.48434392,0.3000839,-1.1895964,-0.04478034,1.214289,1.3297982,0.96503186,1.336521,0.8585241,0.839414,0.78746694,0.829373,18.803879,18.038618,18.449762,17.31391
140,2528737052789594354,1.793891,1.4181862,1.5972948,0.9990406,1.0780144,1.328537,1.4592266,0.76664543,0.38303483,0.41769174,0.35522023,0.24614052,0.23809524,0.47058824,0.41666666,0.3,0.0043072617,0.5827995,2.7383055e-06,0.89424664,0.36276373,0.23015143,0.33260348,0.34883234,1.081468,1.3158602,0.63914925,1.0133018,6.2899155e+08,7.789823e+07,5.3692292e+07,8.086448e+07,-0.000108548404,-0.0007651647,0.00021416256,-0.0010774788,0.643559,-0.70236874,-0.95577025,-0.46600413,0.6088891,0.7410248,0.41977552,0.5264841,9465.602,1877.5156,2072.0352,1498.6641,24.842112,24.624973,23.917328,23.596659,0.031879842,0.031794094,0.036738463,0.024443386,24.73184,24.844515,23.769363,23.565857,0.4803295,0.65236473,0.6474943,0.3750744,0.14285715,0.1764706,0.125,0.15,1.3029003,0.4754788,0.45106596,0.61904764,1.3921795,0.3366321,0.41429618,0.3529412,1.4932022,0.4184211,0.48704708,0.5416667,0.9384613,0.3277513,0.36091796,0.6,1.9096985,1.7647991,1.8559303,1.1103802,0.10691471,0.1000793,0.11304196,0.08231903,2.025357,0.8883543,2.94357,0.62072927,1.2712413,0.7301976,1.5922289,0.6840304,0.11620755,-0.28361765,0.2030842,0.30263865,0.79196256,0.7829287,0.8786859,0.5767822,0.79354066,0.78846735,0.81722975,0.8145333,24.420252,24.621342,23.287697,23.278334
142,2528737060758035504,1.0178566,1.5182972,0.5936041,0.70176697,0.6036644,1.218277,0.45449638,1.019289,0.27118656,0.4846464,0.42402658,0.5659627,0.2413793,0.33333334,0.42857143,0.5,0.9638647,0.00034333827,0.9999471,0.9188446,0.27832684,0.23771678,0.32463416,0.38450727,1.8954415,1.9808617,1.5949589,1.000701,1.2575506e+08,8.818671e+06,5.0531184e+08,2.6424336e+07,-0.0012730315,-0.0007952059,-0.002309391,-0.0024011321,0.19636106,-0.10564613,-0.8456104,-1.7786932,0.9478642,1.0246648,0.7997828,0.66682076,2266.7734,408.88672,1833.9375,731.20703,25.008062,24.594505,25.087793,23.787668,0.018717116,0.03789603,0.01608924,0.022128526,24.937857,24.70904,25.044481,23.753231,0.2640972,0.5478878,0.23176765,0.4996376,0.2413793,0.0,0.2857143,0.0,0.74516296,0.2849933,0.29063475,0.5862069,1.5557213,0.6278244,0.25454092,0.5,0.6879997,0.21774676,0.2330751,0.64285713,0.93730164,0.16203244,0.23708212,0.5,1.0276966,2.0482635,0.6841755,0.7819557,0.063728355,0.119062856,0.047203686,0.05836014,0.5760487,3.1034744,0.119473346,0.4766101,0.57017744,1.3601407,0.3004255,0.62785906,0.053095516,-0.686433,0.35844436,0.15199068,0.4680788,0.93203413,0.40364355,0.526386,0.73266125,0.7564335,0.8376234,0.8437259,24.876411,23.941608,24.946495,23.654968
143,2528737060766228679,1.3774538,1.1464806,1.0404787,1.0168152,0.66153145,1.0754757,0.6997013,0.88581467,0.4786145,0.52622896,0.35895216,0.43503317,0.2820513,0.26923078,0.35135135,0.375,1.5604629e-11,0.0023831027,0.46555832,0.92783207,0.15457626,0.19535378,0.28842315,0.2528858,1.2179646,1.3965927,1.103922,1.1007082,8.072717e+07,2.0621382e+08,2.6022328e+07,6.812084e+07,-0.00024668797,-0.0007449161,-0.00053708616,-0.0010190083,0.96675277,-0.5444417,-0.42783618,-0.7474377,0.89736044,0.7045737,0.5550671,0.63002104,3994.7734,4200.133,5926.758,2256.6133,24.634205,24.549564,24.465937,23.78107,0.023888038,0.027223444,0.019964805,0.02343543,24.674803,24.678146,24.53769,23.727816,0.34959793,0.37783718,0.3564911,0.46896267,0.20512821,0.15384616,0.1891892,0.125,0.8993263,0.46818376,0.30045843,0.43589744,1.1737347,0.4143243,0.32462895,0.34615386,0.8061371,0.30234286,0.26042295,0.43243244,0.996809,0.3136385,0.28515303,0.6875,1.7051067,1.448225,1.1509953,1.2400436,0.08042891,0.089798816,0.0628309,0.07092075,3.344427,1.9842099,1.0051821,0.6566893,1.2313318,1.1234037,0.8152558,0.666974,-0.7916138,-0.5785528,-0.2768682,0.42666095,0.5884628,0.6683237,0.48845765,0.55731964,0.6704351,0.8098701,0.79276603,0.81004393,24.437227,24.289139,24.218105,23.659977
144,2528737061384253289,0.85851,0.9524803,0.767107,1.0204086,0.50626945,0.8427105,0.27430534,0.5070629,0.22964004,0.43086898,0.62958014,0.7717769,0.29787233,0.3409091,0.26666668,0.25862068,0.0,0.0,7.038955e-10,5.017961e-07,0.19105504,0.20557424,0.23705976,0.18787056,1.8380563,1.3874937,1.3128073,1.5477543,7.719028e+07,1.0032092e+08,2.074857e+07,4.372729e+07,6.5232416e-05,-0.00015622715,4.1941148e-05,6.0513263e-05,0.14333749,-0.795141,1.3520443,0.7256088,0.9196478,0.6961402,0.65940684,0.7750427,2437.2812,4354.5312,2267.1406,2733.336,23.90182,23.396162,23.180515,22.984436,0.015285497,0.021490967,0.010909348,0.018749924,23.872004,23.321308,23.206703,22.876892,0.24324417,0.37493134,0.13982964,0.24457836,0.10638298,0.18181819,0.32222223,0.22413793,0.5886116,0.1857007,0.24476379,0.5319149,0.84557915,0.26591784,0.28432137,0.5681818,0.40289497,0.1818346,0.1554108,0.34444445,0.8011265,0.24794143,0.29436183,0.7586207,1.0566425,1.0284519,0.87314415,1.348196,0.047272068,0.068510786,0.03396278,0.0597313,3.8993719,4.837024,2.189113,2.1968164,1.5044991,1.7358987,1.124689,1.1204985,0.43112996,0.19549842,-0.41514444,0.78146636,0.36535117,0.5028061,0.2528843,0.43095642,0.7500143,0.7732172,0.7703542,0.75297165,23.854036,23.294157,23.160439,22.887674
147,2528737071643078872,1.5833988,1.3718204,2.8857956,1.4616909,1.3640594,0.8695221,0.9179802,0.89471626,0.79024196,0.7019004,1.1589489,0.20880646,0.39285713,0.4,0.23214285,0.3611111,8.9595e-14,0.002816499,0.0,0.39355645,0.35925537,0.23130399,0.31331897,0.33265615,0.9612546,1.2028722,0.82474685,1.0010946,2.1861429e+08,4.030941e+07,1.0119352e+07,3.9392896e+07,0.0007048666,2.2576103e-05,-0.00014558512,-0.00029619006,-0.98918295,-0.478513,4.4483786,-0.16423321,0.48440024,0.68996555,0.5176347,0.60447913,9669.344,2140.5117,3245.5156,2287.961,24.62183,24.072048,24.524883,23.685654,0.039396334,0.031415384,0.03954933,0.02822069,24.637821,23.933735,24.59658,23.606335,0.8097105,0.3796959,0.45943928,0.45762062,0.071428575,0.3,0.30357143,0.16666667,1.659872,0.2505813,0.62470436,0.4642857,1.4179764,0.43062118,0.35751918,0.73333335,1.48246,0.5516663,0.7202708,0.3392857,1.0841103,0.35657346,0.43011582,0.5555556,1.9067364,1.6081448,3.986065,1.7291698,0.11819137,0.11144159,0.112474464,0.0894102,4.4622693,1.8800492,4.6016493,1.0462502,3.0667224,1.0863295,2.0744953,0.8739597,0.43901613,0.40440992,0.88626695,0.35081646,0.97000986,0.7562327,0.9699427,0.6684255,0.82965493,0.77838314,0.882663,0.8328519,23.737452,23.923923,23.337248,23.445189
148,2528737072220129182,1.2866535,1.2522287,1.3919725,1.207159,0.7275429,1.3679047,1.6125355,0.63977623,0.3691766,0.41593736,0.7276717,0.6340349,0.3125,0.375,0.44,0.33333334,0.52847254,0.12400087,0.002121082,0.83905643,0.32028326,0.39848286,0.43446755,0.24183038,1.4614092,0.8345284,0.46059358,1.1536138,1.05293096e+08,2.5297123e+08,4.743171e+07,6.6734976e+07,-0.0007776394,-0.00023447863,-0.00049556897,-0.001059554,-0.14071012,-1.0911391,-1.3331351,-0.23210287,0.7632739,0.43324807,0.3649214,0.72675955,1831.9453,3739.5156,2019.5898,1713.2656,25.289658,24.380703,24.352333,23.842518,0.029223211,0.03142536,0.03727258,0.0283665,25.28748,24.2443,24.179184,23.651924,0.39409828,0.5574169,0.68662834,0.3532257,0.1875,0.125,0.08,0.2777778,1.4702072,0.4870472,0.19692819,0.8125,1.3065948,0.35060468,0.42813975,0.5625,1.6083546,0.421484,0.39100736,0.56,1.3691635,0.366756,0.25521493,0.7777778,1.3321228,1.3946247,1.5864258,1.5396652,0.09912255,0.095677555,0.11221473,0.0948734,0.9307478,1.4278585,2.0253189,0.66630733,0.83161294,0.9422337,1.3057466,0.6286628,0.34280276,0.26715535,0.10302911,0.6878619,0.739045,0.76617235,0.90767425,0.6763288,0.8066752,0.7611558,0.8100988,0.74828434,24.844746,24.25548,23.758223,23.564644
149,2528737078837028033,1.6088943,0.37355328,3.4068222,0.40983486,0.28158188,0.2983532,0.21113396,0.26062393,5.8930326,0.96133137,19.73908,2.287254,0.04347826,0.36734694,0.011764706,0.22413793,0.0,0.0,0.0,0.0,0.23114194,0.20380192,0.12551486,0.26496676,1.6720892,0.6301901,1.0401293,0.5158707,1.6547794e+08,1.6107403e+07,1.8801078e+07,5.1503285e+06,0.00033661223,8.137191e-05,0.0012707049,0.000114756906,28.84824,-0.84002423,77.41216,0.45912623,0.83704394,0.36073267,0.9764261,0.2981555,9906.07,828.8594,13783.094,636.3047,22.654722,21.403578,20.33004,19.66826,0.0203407,0.009406173,0.035681803,0.010749636,22.533287,21.351513,20.246899,19.58339,0.08298874,0.12927818,0.10612106,0.11094093,0.6304348,0.20408164,0.9647059,0.22413793,2.8054123,0.20540628,0.0,0.9782609,0.3623314,0.09492621,0.10295097,0.63265306,6.5389423,0.15319903,0.0,0.9882353,0.36505127,0.074704275,0.16759895,0.63793105,2.865858,0.4450779,6.5451546,0.6468792,0.03065787,0.030581074,0.027069753,0.036325585,12.45114,29.49224,152.70975,232.6778,2.2940266,4.847571,9.975964,11.873187,4.877582,0.40998968,8.606187,1.0906659,0.4608129,0.20132574,0.7254125,0.21142665,0.7197875,0.84641314,0.8052751,0.79138696,22.600414,21.474813,20.271334,19.725935
150,2528737083792224156,0.9352665,0.37502193,4.097625,0.3163929,0.09423447,0.09765625,0.04452896,0.07769585,4.5830646,1.4712903,33.000214,4.362322,0.08163265,0.21428572,0.010869565,0.12068965,5.9945404e-07,0.00012996286,0.0,6.9515075e-08,0.13644262,0.12067362,0.10490748,0.19663396,2.4395115,2.5254555,0.95451033,1.750311,3.329901e+07,2.1866384e+08,1.4766345e+07,5.7139344e+07,6.3845604e-05,1.6188736e-05,0.0015953422,1.8314391e-05,20.552526,4.5097194,91.52624,12.958658,1.2201179,1.2629887,0.9816286,0.8993728,1604.5547,1536.0898,16137.191,1174.3555,22.758303,21.628958,21.145792,20.813135,0.010292593,0.005619013,0.040069688,0.004999609,22.74992,21.619343,21.05663,20.80413,0.046970367,0.04632759,0.022325516,0.03804207,0.63265306,0.3809524,0.98913044,0.36206895,1.3319931,0.13805114,0.0,0.97959185,0.34162712,0.08152078,0.11816946,0.9285714,8.116922,0.042554542,0.0,0.98913044,0.48320198,0.05491997,0.02087112,0.9655172,1.3131924,0.45600128,8.117861,0.49030304,0.018899838,0.018070515,0.0062013245,0.010112441,2.3203661,2.0126321,3.6654112,2.3157933,1.0482863,1.1693673,1.1709325,1.2073395,3.4253757,1.1865534,9.555266,3.1378734,0.23424196,0.1215334,0.8473053,0.10405754,0.68875295,0.816991,0.6085951,0.776461,22.735115,21.624199,21.055958,20.811087
152,2528737096173108128,2.0212975,2.1886969,2.6891708,2.2551785,1.1267757,2.2829018,1.3725967,1.7431889,2.5817394,1.5598418,0.5503329,1.078171,0.22916667,0.40425533,0.29885057,0.31034482,0.0,0.0,0.0,0.0,0.30670446,0.19506525,0.38699168,0.33341855,0.8293671,0.571665,0.6665589,0.60994864,5.2488076e+07,1.3320487e+07,1.1218699e+07,5.3027885e+06,0.001747283,0.0035451567,0.0019674776,0.0034376404,0.97895765,-0.89176893,0.14919138,-0.59266996,0.47978008,0.35639644,0.3562688,0.34498554,11772.234,5507.4375,11014.844,4566.5625,23.051231,22.264482,21.70087,20.6075,0.044150677,0.060175586,0.044460896,0.058717377,22.666027,21.946873,21.81895,20.354828,0.4498577,0.8708782,0.6793499,0.9588671,0.3125,0.19148937,0.16091955,0.13793103,2.3298855,0.5037281,0.60899025,0.8333333,2.5863018,0.622307,0.5835446,0.70212764,1.5962086,0.55262434,0.5585861,0.41379312,2.1116867,0.5116188,0.72477233,0.5862069,3.2066631,2.9415112,2.801302,2.9015827,0.15002543,0.18946598,0.14858699,0.19767411,31.64749,203.37285,694.13135,733.9866,4.793785,11.144246,25.696075,29.666185,1.2990645,0.5880718,-0.08566877,0.5401361,1.0177275,1.3397783,0.9648402,1.2100184,0.82253,0.78005594,0.83306235,0.87222564,22.502172,21.489487,20.874533,19.648615
153,2528737101936994232,2.1939697,2.232232,1.8596907,2.378892,1.8950901,2.6601772,1.282032,1.8518028,2.2206035,2.4564016,0.5739006,1.573874,0.29166666,0.41666666,0.3255814,0.31034482,0.0,0.0,0.0,0.0,0.32372317,0.22344355,0.4060097,0.31894836,1.1228753,0.5424192,0.3035299,0.61992127,6.0132756e+07,4.0548465e+06,3.800973e+06,4.0412508e+06,0.0023615807,0.0039649457,0.0016706419,0.0039967583,-0.3587501,-1.0594056,-0.4914713,-0.3035741,0.62818456,0.36173058,0.23854561,0.35596478,9684.3125,2405.129,3839.1875,4203.25,22.924871,22.14202,21.56526,20.375608,0.05066981,0.063475214,0.040955856,0.06329189,22.473736,21.54236,21.748644,20.178078,0.65868473,0.7541523,0.6762438,0.9226656,0.25,0.1875,0.15116279,0.0862069,2.1562462,0.38326934,0.70553505,0.6458333,2.7614002,0.5623239,0.54025346,0.6875,1.4933624,0.5325517,0.43499893,0.43023255,2.2421227,0.5455394,0.8655811,0.62068963,3.5131607,3.378971,2.4120922,3.1737614,0.15496902,0.19354333,0.13676603,0.20804974,71.36584,216.56581,803.1708,965.5737,8.229843,11.698627,27.225348,39.282894,0.84794366,0.6463686,-0.3734586,0.75168014,1.1615989,1.4054694,0.8832237,1.2896107,0.8392685,0.7628167,0.82364386,0.8698933,22.105577,21.326315,20.792551,19.412004
154,2528737101950375265,1.9366608,0.14333057,2.3875885,0.07324028,0.03791237,0.0341053,0.018066406,0.027524948,16.23514,3.4427166,32.298965,1.1257478,0.06122449,0.14583333,0.011494253,0.20689656,0.0,0.0,0.0,0.0,0.18137592,0.16907562,0.10592394,0.21931702,2.0349941,1.9000969,1.0172251,1.3401029,1.4201264e+08,2.6542038e+08,1.7626414e+07,4.69867e+07,0.001140743,4.672462e-06,0.00077000476,1.8724465e-06,19.442305,19.411793,86.82803,4.54557,1.0177957,0.9522701,1.0111005,0.6904784,11258.367,1132.9141,9733.691,249.39453,20.754622,19.357632,18.32116,17.785404,0.033859976,0.0022294093,0.027750453,0.0013869843,20.584421,19.355179,18.264101,17.78264,0.017381668,0.016180038,0.0077610016,0.014183998,0.93877554,0.4375,0.9885057,0.29310346,2.7306461,0.031441648,1.1534716,0.93877554,0.24238777,0.025540885,0.0,0.9791667,4.7399635,0.015809579,0.0,0.9885057,0.043956757,0.012844228,0.023319418,0.7586207,3.8324337,0.23978996,4.7425423,0.10753441,0.07939037,0.0052919444,0.0029089411,0.004202623,17.222876,12.7794075,203.83217,41.175533,2.4092767,2.50199,5.207377,4.850598,4.4032383,3.692205,9.313735,1.5202435,0.702751,0.043156084,0.50842047,0.024668075,0.57817423,0.691284,0.37072122,0.7788546,20.586975,19.35661,18.268366,17.789326
155,2528737101953965882,1.8620214,0.70081806,2.5497932,0.9088421,0.58245087,0.88277435,0.45811653,0.5534954,5.719314,3.3018649,6.0187974,2.7278645,0.08163265,0.35416666,0.09195402,0.15517241,0.0,0.0,0.0,0.0,0.24983287,0.22165038,0.2518996,0.28220138,1.9226376,0.46964842,0.9902574,0.66103673,1.2202671e+08,5.81532e+06,1.6930594e+07,4.6899005e+06,0.0011096991,0.0005408945,0.0008875087,0.00058823655,9.268444,-0.929816,41.633934,0.9909239,0.9777795,0.30011478,0.76360244,0.36605144,9637.508,1082.7656,10443.953,1386.2344,21.251694,20.03974,19.14652,18.429935,0.03346557,0.023269508,0.029794725,0.024255777,20.921732,19.848625,19.12642,18.306942,0.10671234,0.22934341,0.23314285,0.25835228,0.6122449,0.1875,0.5632184,0.12068965,2.478262,0.35705248,0.7888263,0.93877554,0.9411583,0.17228895,0.18740126,0.7083333,4.460125,0.3129175,0.0,0.9885057,0.85359955,0.20946077,0.36853075,0.7586207,3.5510025,1.1084118,4.4289627,1.4225483,0.106751084,0.06545013,0.05683268,0.079319574,407.99667,1230.2181,3411.2031,5271.747,12.647518,29.765251,50.871197,58.28543,2.7988648,0.7937403,5.4370914,1.2548711,0.71120006,0.46631488,0.5704653,0.4470324,0.7302137,0.86197865,0.8717992,0.81071925,21.021362,20.053734,19.075687,18.391356
156,2528737101957706613,2.097416,0.75807095,2.4596443,1.0064697,0.52877235,0.93553925,0.43088722,0.5992241,5.740071,3.0689468,5.5345025,3.0237908,0.083333336,0.375,0.11494253,0.15517241,0.0,0.0,0.0,0.0,0.25800067,0.21398638,0.24904649,0.27781564,2.0199203,0.56398857,0.995485,0.679469,1.450077e+08,8.738414e+06,1.704732e+07,4.0527745e+06,0.0011237948,0.00060587924,0.0008326156,0.00075413653,15.765765,-1.1420856,38.15742,1.1317878,1.0226334,0.34137177,0.74467564,0.3809691,10515.656,1759.6719,10074.703,1495.0977,21.300924,20.151363,19.240458,18.523857,0.03370812,0.024628341,0.028858405,0.027463814,21.054914,19.918884,19.212843,18.397758,0.18921566,0.25244808,0.22160912,0.30035877,0.5416667,0.16666667,0.55172414,0.13793103,3.027399,0.34608078,1.1288612,0.9583333,0.9909382,0.18043719,0.17075208,0.6875,4.251684,0.3189109,0.0,0.9885057,1.031086,0.2467116,0.415074,0.79310346,3.9454918,1.1758537,4.2304306,1.5527802,0.06726858,0.06998849,0.061095122,0.08796219,372.4345,1208.6876,2997.6907,5174.8955,12.514637,29.720394,46.886868,58.614567,3.5976489,0.6735783,5.1180015,1.314688,0.7180142,0.49629465,0.5552489,0.5087358,0.69977635,0.8608151,0.85236514,0.8179368,21.115961,20.149357,19.16916,18.44309
157,2528737101987483521,2.0405626,1.6540527,2.6393394,1.894783,0.9647083,2.1053371,1.0626717,1.3872929,2.9148357,2.1871252,0.47517434,1.4969794,0.16666667,0.41666666,0.25287357,0.27586207,0.0,0.0,0.0,0.0,0.29992786,0.20291856,0.36633235,0.31734815,1.5623269,0.59963137,0.7599303,0.62163126,1.0152651e+08,7.500218e+06,1.1655156e+07,4.1785508e+06,0.0015558678,0.0024834687,0.0014820745,0.002538509,2.465345,-1.1764379,2.7421546,-0.1465528,0.81911623,0.36311257,0.428579,0.36139187,11358.453,3093.211,10810.734,3307.707,22.264765,21.395302,20.661703,19.728569,0.039872535,0.049909912,0.03851404,0.05039856,21.971775,21.10334,20.7418,19.456425,0.44052505,0.69449234,0.49602318,0.7381811,0.3125,0.20833333,0.21839081,0.13793103,1.9964504,0.41851896,0.72087616,0.8333333,2.0942364,0.45945123,0.33902156,0.6875,1.2376442,0.44593406,0.54362476,0.47126436,1.7115936,0.36508578,0.68323994,0.5862069,3.4201698,2.2019196,3.3144035,2.6876392,0.120492764,0.14711943,0.11712449,0.16971739,125.74557,501.45325,2142.9905,2040.8472,9.358207,18.178326,42.57385,44.50523,1.593855,0.51563776,0.59293103,0.7817148,0.8877526,1.0678376,0.7957657,0.9942914,0.777623,0.81908244,0.8394267,0.87005484,21.82997,20.95423,20.195326,19.146965
158,2528737102706173244,1.1527452,0.5584049,2.416233,0.71454716,0.2820511,0.62174225,0.2870674,0.4125347,3.4098527,2.4563873,10.454223,2.7701607,0.14893617,0.41666666,0.023255814,0.15517241,0.0,0.0,0.0,0.0,0.23830806,0.20844097,0.1915857,0.2812781,1.629606,0.6588852,1.0677047,0.6574286,1.7411322e+08,1.1556098e+07,1.8859242e+07,4.1814328e+06,0.00025789678,0.0002502549,0.00068078854,0.0003435318,13.785532,-1.1177244,57.959984,1.1006551,0.8609804,0.38841835,0.8757529,0.36445114,8637.094,1005.5625,9896.891,1050.6562,22.324463,21.17122,19.885412,19.079136,0.016717678,0.015954226,0.026104603,0.018542625,22.232304,21.038113,19.839094,18.993765,0.122428894,0.15783596,0.15242672,0.2082901,0.4893617,0.14583333,0.7790698,0.13793103,1.9352493,0.24683522,0.0,0.9787234,0.66903114,0.13451922,0.109294616,0.6875,4.3782234,0.21708623,0.0,0.9883721,0.7138138,0.17517701,0.28663725,0.79310346,1.9862366,0.7826481,4.3736343,1.102869,0.038996562,0.04574593,0.039810028,0.06077753,37.91166,118.02642,506.69504,1300.8428,3.9082673,9.216975,19.290697,27.97432,3.1048522,0.58802724,6.9418383,1.2855747,0.37321317,0.33777046,0.5191008,0.35377726,0.68684906,0.85495716,0.8502169,0.7951331,22.293024,21.219542,19.847439,19.094341
159,2528737104407053325,1.3095417,0.44205856,2.7644262,0.18540096,0.34914398,0.23930359,0.035369873,0.036115646,1.8358767,1.1719621,32.487587,2.9628806,0.13953489,0.3043478,0.021505376,0.16949153,0.3632011,0.7203018,0.0,1.9931409e-05,0.14241849,0.18040197,0.10248911,0.10627902,1.9215918,2.1626656,1.1717626,2.4850733,1.811648e+08,2.2757166e+08,1.7717692e+07,9.8439656e+07,-6.84278e-05,-3.3880577e-05,0.0009027689,4.3921596e-06,7.089617,1.9102893,60.625553,9.660501,1.043197,1.0980561,0.9903439,1.2441514,5363.883,3312.9531,10725.965,618.0039,23.941498,22.63611,20.994867,20.148855,0.015711594,0.007669917,0.030224795,0.0025530523,23.924456,22.594307,20.904306,20.144817,0.16901398,0.08048916,0.017585754,0.017911911,0.39534885,0.23913044,0.97849464,0.5254237,0.9873619,0.2598597,0.54251695,0.9302326,0.32315254,0.08360508,0.13468893,0.73913044,4.12788,0.034312937,1.8958164,0.97849464,0.20874405,0.034147095,0.06314609,0.9661017,1.5587616,0.6312046,5.470211,0.25035477,0.047384482,0.022091227,0.0042122738,0.0065125967,1.0617748,0.86821723,5.4049096,1.9513488,0.86530125,0.8311511,1.1862844,1.0945655,1.1937789,1.168495,7.619245,2.104788,0.3761591,0.17361708,0.63456553,0.05144108,0.8035869,0.8554106,0.50640506,0.7606109,23.856314,22.57674,20.902704,20.138168
160,2528737105048062873,1.204607,0.25761318,2.6157656,2.44728,0.2287178,0.2978649,0.116672516,0.21863747,3.5280242,1.2206842,24.03293,13.236519,0.08695652,0.5106383,0.010752688,0.016666668,0.0,0.0,0.0,0.0,0.15581448,0.22371086,0.11561911,0.1442914,1.8926706,0.8346041,1.0748788,1.7687056,2.2458651e+08,5.2921388e+07,1.6224769e+07,3.631784e+07,0.00015944167,4.865439e-05,0.0006466288,0.00087921816,14.700371,-1.292884,87.14227,53.442863,0.98810345,0.5109024,1.0009128,0.8860492,8488.203,1578.375,10620.699,8972.957,22.829954,21.182892,20.581873,20.198448,0.015137373,0.007341608,0.025502939,0.030508712,22.76892,21.159351,20.552904,20.09813,0.115880966,0.14503098,0.051807404,0.10775185,0.5217391,0.12765957,0.97849464,0.8833333,1.0701771,0.1762075,0.6551676,0.9347826,0.28328514,0.0859863,0.04132522,0.63829786,4.982876,0.09291291,0.0,0.9892473,4.6440563,0.14364263,0.0,0.98333335,1.817503,0.2617283,4.958267,4.666971,0.040713727,0.021188535,0.016068185,0.024979576,5.4339595,22.361681,30.354172,48.54861,1.7717113,4.3710237,4.28934,5.799652,3.1043108,0.06402663,9.185755,7.118646,0.34558553,0.15551649,0.52489823,0.61622864,0.7817427,0.89878666,0.78577346,0.81631297,22.803915,21.24298,20.547564,20.186693
166,2528737120601525674,0.9185991,1.1322756,1.1214523,1.3424416,0.65966797,1.3236351,0.53372,0.9055214,1.7941188,2.4568958,0.73632973,1.3998803,0.29545453,0.44680852,0.30120483,0.28070176,0.0,0.0,0.0,0.0,0.3261602,0.21167216,0.375394,0.28919718,0.59078246,0.56741744,0.33391058,0.59464544,7.0895885e+06,6.967625e+06,4.4836645e+06,8.512164e+06,0.0005136082,0.0010884685,0.000435645,0.0009517571,0.45821738,-1.2517393,0.03365898,0.122191906,0.39859238,0.34184524,0.28215203,0.3419938,1250.4766,2270.9531,1691.6758,2311.543,21.240362,21.231688,21.46743,21.438732,0.022728544,0.03305066,0.020952247,0.03112165,21.060942,20.9142,21.54016,21.278912,0.23392677,0.3984356,0.26007652,0.445261,0.20454545,0.19148937,0.24096386,0.14035088,0.90096664,0.19259,0.35047895,0.70454544,1.3770161,0.2931209,0.21084149,0.68085104,0.7702522,0.27214476,0.2647843,0.3253012,1.1216526,0.27823213,0.50246733,0.61403507,1.411459,1.6574764,1.2841225,1.8243408,0.078998014,0.094286546,0.06954076,0.10405209,451.3082,366.0439,177.20862,53.213787,14.675668,16.056805,10.504107,6.36341,1.0873479,0.5345322,-0.3116078,0.8740835,0.48276252,0.70172125,0.4497909,0.66720873,0.693656,0.8373103,0.82341456,0.85278106,21.09204,21.091232,21.356983,21.229479
167,2528737122030336606,0.9270401,0.99505806,0.9754677,1.2794323,0.6950455,1.1484985,0.48854065,0.96164703,3.4749088,2.6178052,0.6181038,1.4769995,0.25,0.38297874,0.25301206,0.2631579,0.0,0.0,0.0,0.0,0.34379816,0.25934896,0.35720032,0.28437743,0.38677406,0.46777615,0.32814756,0.6619818,2.9939682e+06,5.488658e+06,4.8102195e+06,9.7185e+06,0.0005488254,0.0009311067,0.0003675169,0.00088531594,0.30601954,-1.0740306,0.11216354,-0.010743618,0.2947224,0.30166107,0.27539062,0.36448362,755.2344,1771.8203,1776.082,1876.4531,21.136003,21.036201,21.31632,21.421757,0.023481863,0.030559136,0.019238375,0.030033344,20.919426,20.774435,21.396717,21.31194,0.15885544,0.36709785,0.24203873,0.44967842,0.3181818,0.12765957,0.25301206,0.15789473,0.957716,0.11381567,0.33524516,0.6818182,1.2641621,0.24234565,0.24897784,0.68085104,0.65881157,0.2634722,0.24098822,0.40963855,1.1728077,0.309257,0.43591842,0.7017544,1.4943295,1.4802666,1.0814533,1.7443371,0.07774619,0.090867825,0.06825755,0.09573795,453.2921,378.1272,180.38234,52.7027,13.387599,16.602846,10.417623,6.36873,1.172971,0.6648171,-0.18308182,0.8452879,0.49631274,0.64284813,0.41009137,0.643367,0.69145334,0.8706134,0.81096035,0.8571932,20.991344,20.959173,21.23644,21.224318
168,2528737122032741855,0.16523075,0.20716667,0.21820259,0.35778046,0.102005005,0.17528915,0.099723816,0.19895935,1.2673774,1.4310946,0.86959785,0.7815988,0.3181818,0.34042552,0.27710843,0.31578946,0.0,0.0,0.0,0.0,0.34108546,0.2196398,0.36055046,0.28810287,0.4881312,0.770784,0.38361114,0.9508025,1.6933728e+07,2.966442e+07,4.368861e+06,2.9690924e+07,1.6096632e-05,2.5863961e-05,1.6491895e-05,4.550637e-05,0.19031906,-0.7751422,0.4114747,0.06336689,0.35130322,0.44027272,0.31421557,0.48480865,372.96094,816.1992,303.8203,1465.4688,20.4331,20.09467,20.169285,20.466057,0.0041147796,0.005168953,0.004115701,0.0069838003,20.403925,20.07131,20.183006,20.443493,0.045853615,0.067747116,0.049304962,0.097393036,0.18181819,0.10638298,0.26506025,0.15789473,0.15078545,0.036960296,0.06033047,0.6818182,0.19745064,0.048443638,0.042563193,0.68085104,0.1409092,0.05755768,0.044549573,0.33734939,0.23985481,0.06562166,0.094837554,0.57894737,0.23833656,0.27527428,0.26877213,0.44307327,0.014311992,0.015538793,0.014439918,0.021238113,76.792046,67.79627,36.37564,21.0306,5.7925014,7.61485,4.9083023,3.8493938,0.9130475,0.52109164,-0.60216725,0.56115156,0.0840777,0.1038684,0.08301075,0.14293085,0.7017985,0.89838576,0.8057977,0.8318734,20.44537,20.138494,20.188307,20.510155
169,2528737136230175703,0.72592163,0.76260376,0.82195854,0.93429565,0.47888184,0.98781586,0.40432358,0.8211098,2.1051114,1.9544513,0.74999875,1.3102947,0.30612245,0.40425533,0.31034482,0.33898306,0.0,0.0,0.0,0.0,0.32177308,0.24039248,0.36061984,0.3200158,0.46471483,0.54009825,0.57802784,0.5450898,6.1046275e+06,4.5077855e+06,4.577946e+06,4.770472e+06,0.0003081167,0.0006142578,0.0002767796,0.00070593844,0.48299432,-1.3246243,0.16972923,-0.87575006,0.35726357,0.33705044,0.39072126,0.2974527,926.125,1063.7109,1426.4453,1655.6523,20.615301,20.138098,19.961836,19.598204,0.017577864,0.024797091,0.016644724,0.026582064,20.485243,19.987019,20.034285,19.536926,0.15763664,0.34114265,0.22047806,0.4081726,0.24489796,0.08510638,0.25287357,0.084745765,0.6944313,0.13879883,0.25202668,0.71428573,0.95833206,0.2410302,0.14404409,0.68085104,0.56414986,0.2198394,0.1811145,0.3448276,0.91189766,0.22221705,0.31089655,0.59322035,1.060297,0.9832611,1.0082207,1.1587524,0.06093769,0.07120959,0.056152787,0.08198809,692.53314,1284.8828,1062.8739,1160.704,17.63214,31.75354,25.950808,29.500875,1.0802668,0.39828962,-0.5171901,0.50975406,0.36237296,0.49936625,0.33225924,0.5209607,0.6981056,0.85401833,0.8169082,0.85632133,20.559721,20.180403,19.95283,19.519377
170,2528737136401166376,1.599227,1.8712406,1.882474,2.0433388,0.9931793,1.9998322,0.8811474,1.9456844,1.9173174,1.0199919,1.3002872,0.9205553,0.31914893,0.42553192,0.25581396,0.4385965,0.0,0.0,0.0,0.0,0.29574236,0.25134435,0.3798717,0.33844835,0.4604631,0.55802697,0.47866184,0.7977513,8.0056855e+06,1.0218825e+07,5.8176505e+06,2.5536362e+07,0.0011985409,0.002281615,0.0009130144,0.0023874321,0.040013313,-1.1348219,0.98137784,-1.0777137,0.3106853,0.33020967,0.32085764,0.40612656,1792.4219,2773.2812,3919.0703,10716.273,22.89339,22.890266,23.032814,22.357824,0.035954,0.04901838,0.031340756,0.05118065,22.69141,22.64268,23.14579,22.180481,0.29551125,0.7927246,0.43183708,0.9196186,0.34042552,0.12765957,0.20930232,0.10526316,1.6434326,0.37410015,0.45443106,0.7446808,1.9967003,0.54088366,0.5658207,0.61702126,1.2543888,0.5340108,0.3988845,0.29069766,1.9811516,0.49179205,0.63659483,0.5263158,2.1085224,2.4208279,2.2611294,2.316986,0.12843947,0.14457382,0.095256716,0.16277027,36.431362,55.889286,46.462433,33.99936,4.931504,5.859428,4.826507,6.5285573,0.84274924,0.35308373,-0.7259464,0.25819474,0.8231089,1.1220437,0.72186583,1.144288,0.7744348,0.7924635,0.77024776,0.8468612,22.534145,22.304558,22.517197,21.3343
173,2528737148659672059,0.56676483,1.691329,0.6104765,2.2644386,0.45528412,0.7000847,0.37197495,0.59597206,1.8285093,2.4950104,1.4085019,3.9882805,0.33333334,0.083333336,0.30120483,0.05263158,0.0,0.0,0.0,0.0,0.33930913,0.17983894,0.41428092,0.20109825,0.340437,1.5635831,0.22763398,1.5069244,2.6491475e+06,2.0304256e+08,2.7834992e+06,3.3215218e+06,0.00021853788,0.0007298455,0.00017666625,0.0010309815,-0.1785326,13.691091,-0.38935685,25.134695,0.2825824,0.8129996,0.20479997,0.76410604,522.6172,12744.445,877.6367,2001.8555,20.500456,20.226616,20.030514,19.906958,0.014809907,0.027204692,0.013303302,0.032192476,20.4192,20.05489,20.116875,19.803698,0.15859985,0.27055073,0.16122055,0.29170227,0.2888889,0.41666666,0.20481928,0.40350878,0.5802269,0.11695801,0.17510071,0.6888889,2.8743343,0.3653825,0.0,0.9791667,0.46151352,0.16497418,0.12100486,0.39759037,3.9979782,0.36420408,0.0,0.98245615,0.79442596,2.9861794,0.7700844,4.0310974,0.051331356,0.054180983,0.041954726,0.056593567,604.40894,670.1055,603.04065,410.74506,16.474625,23.121948,20.219059,17.196154,0.8450407,2.9344573,-0.5085816,4.2579074,0.30360985,0.5502589,0.26647198,0.64085424,0.7460154,0.88688415,0.8594753,0.8448876,20.493732,20.247206,20.036816,19.860872
174,2528737150519051018,0.5845537,0.649271,0.11042404,0.81039906,0.1810379,0.13419914,0.037498474,0.047878265,1.7525907,3.5504858,3.5290048,14.338437,0.18604651,0.20408164,0.15294118,0.033898305,0.97769594,0.41765356,0.14261629,0.0,0.18274067,0.16072738,0.18384552,0.13230027,1.1350734,1.8754089,1.55253,2.029442,9.757217e+07,1.088401e+08,2.5763644e+07,7.511179e+07,-8.634558e-05,2.2084949e-05,1.0599842e-06,0.00010280227,4.293742,8.081276,7.3222637,44.478355,0.57392216,0.95178926,0.9405355,1.0172541,1861.9297,2268.7578,340.48438,3152.3086,23.60143,22.35663,21.021067,20.479836,0.009193192,0.009581178,0.0017797862,0.010383575,23.561281,22.309387,21.01125,20.43903,0.0802021,0.052150726,0.016256332,0.018655777,0.41860464,0.5510204,0.3764706,0.86440676,0.4517231,0.1132508,0.23539756,0.8372093,0.51786613,0.102091916,0.26554024,0.877551,0.13132858,0.023893889,0.04531465,0.9529412,1.5247517,0.07693604,0.0,0.9830508,0.84025955,1.0135651,0.17375565,1.5397186,0.030661147,0.03028946,0.0045619323,0.007939669,0.6114219,1.0288404,1.1653851,3.5535264,0.6234975,0.89908457,0.86845016,1.1072716,1.6838776,2.3546436,2.2181084,6.418168,0.21697249,0.21420287,0.037413005,0.2126539,0.78783107,0.8266096,0.80432343,0.5743057,23.554811,22.289724,21.012064,20.43491
176,2528737163214688450,0.23069477,0.29527378,0.24326992,0.43247318,0.10778427,0.36042595,0.18902206,0.3618412,1.7451707,2.0992944,1.1916956,0.6284515,0.2857143,0.4489796,0.35227272,0.40384614,0.0,0.0,0.0,0.0,0.26760808,0.2906287,0.35064912,0.32979903,0.7283978,0.6097804,0.37897775,0.6085819,1.0645056e+07,6.9969155e+06,5.3372995e+06,1.3548889e+07,2.3982351e-05,6.914861e-05,3.0753643e-05,0.00010906905,0.73291063,-1.2840478,-0.9337833,-0.8494191,0.36797392,0.3387248,0.23452483,0.3194549,304.04688,421.01562,480.1328,1053.0469,21.193823,20.979803,21.075644,21.128313,0.005175964,0.008531499,0.0057131504,0.010876946,21.165615,20.917976,21.099998,21.105726,0.05867958,0.11887169,0.09662533,0.18183231,0.3265306,0.10204082,0.09090909,0.13461539,0.22281647,0.052041627,0.07339376,0.7755102,0.34326553,0.08332957,0.055311337,0.67346936,0.21037102,0.06344288,0.056585006,0.4318182,0.3930397,0.11186711,0.13271151,0.5769231,0.3328972,0.3863716,0.27147675,0.52861404,0.017177714,0.02376602,0.017350547,0.03317597,54.91095,43.473694,23.12629,19.397476,4.4548516,6.824865,4.0307164,3.7611523,1.0756437,0.4327668,-0.25228235,0.36379904,0.10969847,0.17898917,0.12040832,0.22981152,0.6292204,0.914238,0.828686,0.83759767,21.19175,21.062231,21.10432,21.20793
177,2528737163216115339,0.15737152,0.18960857,0.14844513,1.0321989,0.16200066,0.14679337,0.09436798,0.26265335,1.7330832,0.44725236,1.4922683,4.254909,0.42857143,0.42857143,0.3409091,0.056603774,0.0,0.0,0.0,0.0,0.35847285,0.31511515,0.2465374,0.13973269,0.4967583,0.8394478,0.60912716,1.9960123,1.0274419e+07,2.2824802e+07,1.3771135e+07,8.431351e+07,1.685841e-05,1.8176974e-05,8.041597e-06,0.00017040398,-1.4560405,-0.89444494,-0.14139485,28.257727,0.28643298,0.42426378,0.31435904,0.998122,328.78125,521.0508,747.3672,4064.918,21.114414,20.86105,20.9069,21.030893,0.004396164,0.0046405923,0.0030958983,0.013664256,21.149298,20.872156,20.917847,21.006126,0.07868385,0.07605171,0.04612255,0.111371994,0.10204082,0.20408164,0.2159091,0.4528302,0.16971588,0.037611324,0.036528,0.4489796,0.16125679,0.046799175,0.05838226,0.4489796,0.1197567,0.03927276,0.033785082,0.2840909,1.8071041,0.14621201,0.0,0.9811321,0.18970108,0.19687271,0.19001961,1.7977734,0.011885205,0.013720983,0.009635017,0.022670943,25.929634,14.027908,8.699078,8.60088,4.3456626,3.1445684,2.3175278,2.5990422,-0.16528381,0.09433734,-0.6990256,4.5940623,0.092822425,0.09680762,0.06472564,0.28737152,0.8754269,0.8297997,0.77402407,0.85431606,21.113182,20.906223,20.921618,21.05328
179,2528737170949496762,1.5639572,1.3392715,1.1695986,0.8999424,1.432375,1.1031342,1.0433655,0.86476326,0.3370176,0.9424373,0.5220025,0.29769266,0.39130434,0.27272728,0.4117647,0.42857143,0.0023371452,0.018733608,0.9966319,0.76635504,0.2805674,0.39828694,0.34096202,0.27920902,1.9634702,0.70957524,0.70801127,1.3691419,2.6384643e+08,1.2842264e+08,2.6024026e+07,4.1297155e+08,-0.0008861418,0.00023458336,-0.00146317,-0.001514746,-0.8599682,-0.06924105,-1.0472872,-1.0923243,1.0215594,0.6752763,0.46335626,0.7918545,6673.6797,1136.0664,2187.164,3318.5156,24.935135,24.622663,24.754057,23.80138,0.03719169,0.03581606,0.025649909,0.023528155,25.099607,24.958921,24.77089,23.695805,0.629303,0.22076416,0.5104704,0.5393896,0.13043478,0.27272728,0.0882353,0.21428572,1.6198883,0.37797168,0.549677,0.3478261,1.7708511,0.44777042,0.27626473,0.27272728,1.0950375,0.31311655,0.3231761,0.44117647,0.9518509,0.3115818,0.2412015,0.5714286,1.6684551,2.030054,1.3430653,0.9612198,0.12074427,0.10614831,0.07467268,0.07227,2.0651686,2.135758,0.4596454,0.69898635,1.6499553,1.0268091,0.7069676,0.6902195,-0.08072812,-1.0983659,-0.15457061,-0.035334665,0.9273798,0.8818867,0.6349393,0.56000257,0.87206566,0.8271143,0.90909797,0.79398835,24.146614,24.474724,24.405506,23.639067
180,2528737172483393122,2.0474377,2.1617336,2.130766,2.6877222,1.4505768,2.4353962,1.0652485,2.0782814,1.437968,1.341671,1.3125898,0.79096097,0.21276596,0.42553192,0.32941177,0.3529412,0.0,0.0,0.0,0.0,0.34274864,0.22505027,0.38098022,0.35457987,0.52236825,0.5797603,0.4408765,0.56949234,1.0526486e+07,7.2817375e+06,5.5327825e+06,8.57754e+06,0.0021473758,0.003921106,0.001776097,0.0047129407,0.30201674,-1.2527578,0.40439272,-0.7320554,0.32378462,0.3427317,0.33533704,0.310304,2731.5078,3431.1484,4280.9375,4482.0,22.137415,21.493061,20.727926,19.649384,0.04662565,0.06272375,0.0421593,0.06867073,21.81311,21.108309,20.895094,19.457687,0.6507263,0.9959984,0.49756813,1.0649796,0.21276596,0.17021276,0.22352941,0.078431375,1.8010635,0.38602388,0.7700249,0.63829786,2.5178013,0.6697116,0.46524704,0.65957445,1.5816536,0.62435555,0.47222266,0.27058825,2.3181133,0.5798111,0.8006586,0.54901963,2.951662,2.7176247,2.8972054,3.437807,0.15706128,0.19045079,0.13913952,0.20226778,184.23677,1138.5691,5316.035,6245.0737,12.303525,26.69372,57.379143,93.14286,0.9720089,0.31620482,-0.81174326,0.42217463,1.0321714,1.3481253,0.87387484,1.3493375,0.846732,0.7776061,0.8214873,0.8538344,21.60525,20.558937,19.89765,18.4523
181,2528737172494623867,1.1563206,1.248827,1.3175688,1.587369,0.8019085,1.6542397,0.68577003,1.2805195,2.8184514,2.404554,0.76048493,1.8898705,0.19148937,0.4680851,0.27058825,0.25490198,0.0,0.0,0.0,0.0,0.34327516,0.22319324,0.37216267,0.3090341,0.4735822,0.5739705,0.3773979,0.6471885,3.5492602e+06,7.5328175e+06,4.687491e+06,5.98686e+06,0.00094264996,0.0018898725,0.00086799194,0.0025795398,0.9892223,-1.3894417,-0.063248396,-0.35491395,0.30869007,0.3345461,0.28919345,0.36686793,1140.3438,3049.539,2230.8125,2759.4531,20.44557,19.610954,18.640064,17.805899,0.030714657,0.04347561,0.029462317,0.050789706,20.18865,19.331367,18.724148,17.573446,0.2862587,0.5897541,0.31173515,0.6156082,0.27659574,0.10638298,0.22352941,0.078431375,1.1955166,0.22642988,0.5006149,0.7234042,1.6540508,0.34928587,0.24578884,0.65957445,0.93713,0.34710622,0.31598732,0.32941177,1.5667858,0.33385473,0.6368613,0.60784316,1.88834,1.6926594,1.5161533,2.2544155,0.108379886,0.12426952,0.097540595,0.15825751,1860.9319,7787.002,30634.484,42771.53,30.913654,74.999855,139.89946,199.97533,1.3214071,0.4478187,-0.38066646,0.82072484,0.6279787,0.8525982,0.5491795,0.90435636,0.7341038,0.85281724,0.82598424,0.88252944,20.23485,19.392033,18.466562,17.361586
182,2528737172521930781,0.116906166,0.018370628,0.015025139,0.32947826,0.019155502,0.007946014,0.00784874,0.018756866,5.4514093,0.70845073,0.46208015,11.023984,0.08510638,0.29787233,0.32941177,0.039215688,0.0,0.0,0.0,0.0,0.1390754,0.28651458,0.25373736,0.1407284,2.1153345,1.4594383,1.4921583,2.086796,2.5972142e+08,8.4357816e+07,3.1307696e+07,9.339405e+07,2.5226734e-06,1.6451474e-07,1.2227741e-07,3.186917e-05,27.1603,0.16659284,0.13308907,35.851967,1.0675257,0.73106647,0.8005273,1.0486039,772.78125,55.984375,63.609375,1267.3242,19.282139,17.99814,16.770145,16.245893,0.0016316312,0.0004509099,0.00035939208,0.005646004,19.277643,17.999722,16.770916,16.224411,0.009223938,0.004545212,0.0034866333,0.0072631836,0.65957445,0.25531915,0.28235295,0.8235294,0.18979836,0.015109844,0.0,0.9787234,0.01599884,0.0041027465,0.004896896,0.21276596,0.009977341,0.0034885902,0.0037661884,0.3529412,0.6021919,0.036461595,0.0,0.98039216,0.19025612,0.022790909,0.016607285,0.611866,0.0028337683,0.001512127,0.0011482135,0.0066372263,40.828476,6.780468,19.037754,1638.7712,2.6439352,1.9870285,3.3493333,16.981554,4.616775,-0.56272405,-0.14196895,5.683991,0.03146134,0.008115539,0.0060270573,0.09172438,0.42723495,0.75134313,0.77523327,0.45802233,19.280556,18.000137,16.770214,16.232714
183,2528737172523583282,0.8450775,1.1079121,1.0959549,1.3439922,0.5916805,1.4243851,0.63284874,0.94143105,2.436288,2.8836913,0.5331811,2.5463545,0.17021276,0.34042552,0.31764707,0.23529412,0.0,0.0,0.0,0.0,0.35799906,0.22869742,0.3684769,0.29915687,0.43759674,0.48410144,0.2741814,0.6267479,5.43196e+06,5.287364e+06,3.571147e+06,4.728089e+06,0.00054400397,0.0014635756,0.0006896443,0.0018398663,0.6573837,-1.1273756,-0.24265718,-0.0064530373,0.31087747,0.28989726,0.22447346,0.35068727,1004.14844,2044.3672,1650.0547,2430.1406,20.18792,19.230278,18.227142,17.400738,0.023334121,0.03825854,0.026261497,0.04289397,20.03472,18.986246,18.304237,17.137268,0.26448822,0.41194153,0.28023338,0.43210793,0.21276596,0.08510638,0.28235295,0.09803922,0.84908295,0.16200075,0.3809004,0.68085104,1.4524975,0.26900133,0.28153673,0.68085104,0.79794693,0.28095457,0.28063315,0.3764706,1.3141613,0.26218703,0.5708685,0.64705884,1.343338,1.6278591,1.1302738,2.0866432,0.077272646,0.11109855,0.08738709,0.1326738,2295.9878,9574.1,32374.717,54140.1,33.16464,83.72225,145.70581,202.51883,1.215522,0.66693604,-0.17054936,1.0197093,0.47106737,0.7357224,0.47867206,0.7463867,0.706759,0.8655422,0.8432262,0.859786,20.074312,19.100433,18.12095,17.130196
184,2528737172536985717,1.0436172,1.2745895,1.2382069,1.4849586,0.73472595,1.5852966,0.807312,1.049181,3.5543854,2.761323,0.50474864,2.320833,0.21276596,0.34042552,0.31764707,0.23529412,0.0,0.0,0.0,0.0,0.3684724,0.23699756,0.38616827,0.29479206,0.35107532,0.4604366,0.23983796,0.6779714,2.6476708e+06,4.0253578e+06,3.2228625e+06,5.9293805e+06,0.00087003567,0.0018729672,0.00092000945,0.0022863862,0.34714746,-1.1124287,-0.37259626,0.0149896145,0.2709372,0.28217432,0.20198417,0.3793094,1235.9766,1806.0938,1829.4883,2682.664,20.273018,19.375225,18.432133,17.555958,0.02950683,0.043279897,0.03033213,0.047816537,20.008833,19.095472,18.508558,17.39974,0.21983147,0.47943687,0.356493,0.52861977,0.38297874,0.06382979,0.21176471,0.11764706,1.108635,0.13266633,0.44434658,0.65957445,1.6496449,0.31551468,0.32381433,0.68085104,0.93242264,0.32673186,0.32201472,0.3882353,1.8410873,0.46585834,0.38957042,0.8235294,1.7037888,1.8854198,1.2854939,2.1539001,0.09781437,0.12410464,0.09857659,0.14897558,2404.698,9031.93,37285.11,51187.75,32.592083,83.89949,159.58557,218.03482,1.1887306,0.6601332,-0.17530344,0.99861,0.5981925,0.8385578,0.55908585,0.8394651,0.69893116,0.87243634,0.85337716,0.8831973,20.060518,19.175493,18.261251,17.196856
185,2528737172596991117,2.3209171,2.4929323,2.8590927,3.203061,0.94454384,2.2259922,1.4538937,2.4038982,1.4299643,0.48064807,1.0990106,0.578665,0.25641027,0.41463414,0.28915662,0.35416666,0.0,0.0,0.0,0.0,0.27132022,0.21918668,0.38961202,0.34408996,0.74891907,0.809305,0.470499,0.6886714,1.4633399e+07,1.0502602e+07,6.7763305e+06,9.724208e+06,0.0016745313,0.0032269005,0.002157314,0.005487621,1.457011,-0.7969692,0.5510719,-0.6274717,0.43581274,0.4623347,0.31237796,0.36374724,2813.582,2172.289,5644.6094,4343.871,23.557343,23.00241,22.742662,21.425255,0.043365758,0.06035021,0.048302647,0.07630743,23.381094,23.029234,22.96545,21.254547,0.45533562,1.0847626,0.6988163,1.2024279,0.2820513,0.14634146,0.18072289,0.14583333,2.0639515,0.51559234,0.8101472,0.7948718,2.4976788,0.8398744,0.631221,0.70731705,1.8091221,0.79879224,0.5042266,0.40963855,2.7264729,0.7721621,1.056291,0.5625,3.153881,2.9341698,3.4683723,3.7636929,0.15948914,0.18706155,0.14932366,0.2425815,11.373119,86.89939,357.9239,577.3527,3.0488262,8.39446,15.4259405,29.003223,1.1565454,0.32147133,-0.7215042,0.4403579,1.021582,1.3882003,1.0985308,1.6349062,0.84154075,0.7843844,0.79685223,0.82136434,23.202797,21.791475,21.17044,19.611189
186,2528737172629390726,2.1542425,2.1354094,2.3972807,2.7594614,1.8014545,2.8715744,1.1609936,2.2700634,1.3237563,1.8547717,1.134525,1.0537612,0.3617021,0.5,0.29411766,0.3469388,0.0,0.0,0.0,0.0,0.33675507,0.22285923,0.39096794,0.35851312,0.4503417,0.5968806,0.3641927,0.61492455,6.519093e+06,5.1692215e+06,5.205227e+06,8.657074e+06,0.0027412225,0.0041622855,0.0020584143,0.005192111,-0.44686723,-1.3835847,0.2867868,-0.643414,0.3043598,0.37254453,0.29390135,0.32977593,3633.0078,2846.793,4257.043,4464.0547,22.183983,21.534096,20.963985,19.55408,0.052678213,0.064630724,0.04539708,0.07207989,21.743223,21.040787,21.193802,19.315256,0.7377739,0.9913502,0.5868263,1.1641102,0.14893617,0.17391305,0.22352941,0.08163265,2.098917,0.47425425,0.72859836,0.63829786,2.6666698,0.68205947,0.3076276,0.67391306,1.6445827,0.667758,0.48658904,0.32941177,2.4664707,0.57869947,0.8158224,0.5714286,3.2008934,2.8652897,3.0873604,3.6570892,0.17158891,0.18676832,0.14735454,0.21827324,292.30313,1028.5486,4517.53,6458.674,15.698834,25.162174,56.666946,100.59966,0.7296989,0.33681256,-0.70565134,0.51031315,1.1686126,1.3917642,0.9517037,1.4094559,0.8404753,0.7834129,0.8263273,0.8618667,21.3608,20.561832,19.915714,18.339607
187,2528737172633121623,1.5271826,1.745101,1.7290535,1.9753876,0.96635056,2.1391678,1.0217113,1.6429482,2.343103,2.0763228,0.6888864,1.6131371,0.21276596,0.44680852,0.31764707,0.3137255,0.0,0.0,0.0,0.0,0.3454727,0.2238984,0.38415906,0.33372897,0.4641969,0.54105264,0.34568715,0.6257686,4.538498e+06,6.6049465e+06,4.0667888e+06,5.3048505e+06,0.0015036889,0.0032695823,0.0015949823,0.003878834,0.8857095,-1.3347512,-0.28526926,-0.6406534,0.32925254,0.31796032,0.26406062,0.35052618,1526.3086,3877.3281,3167.7969,3770.0508,20.982674,20.32775,19.45771,18.466446,0.038807128,0.057190713,0.03993902,0.06228208,20.698936,19.994362,19.54624,18.119902,0.4072876,0.83034706,0.4929371,0.83646774,0.19148937,0.12765957,0.14117648,0.11764706,1.5602837,0.3412021,0.6596773,0.7446808,2.2309647,0.50080764,0.376057,0.65957445,1.2755985,0.52799225,0.39771447,0.4117647,2.0004177,0.3853885,0.7534337,0.5686275,2.3720436,2.2423496,2.1404705,2.7473278,0.13790019,0.16704328,0.13158709,0.19783449,894.716,4232.616,22135.516,23585.223,24.308777,54.167347,126.02504,158.0124,1.2646042,0.4185934,-0.48693255,0.6699263,0.8142773,1.1625584,0.7771219,1.1501287,0.7942882,0.836925,0.84498036,0.8787601,20.66008,19.786669,18.955738,17.719337
192,2528737196820777049,1.8680401,2.3746967,2.0580769,2.6757946,0.96821404,2.6257057,1.2495041,1.9498577,2.446952,2.0293336,0.7588124,1.0571893,0.16,0.40425533,0.3,0.3529412,0.0,0.0,0.0,0.0,0.29863796,0.19762087,0.41138566,0.33245605,0.6441715,0.49508223,0.3041148,0.6830996,1.2760021e+07,6.2156005e+06,2.67901e+06,4.9563015e+06,0.0011342843,0.0044496246,0.0018221664,0.0041362424,3.193709,-0.8041141,-0.39839125,-0.5928962,0.50355923,0.29865947,0.23824264,0.3768122,4208.1797,2989.1094,3741.7266,3943.2422,22.296135,21.68387,21.22872,20.37772,0.0380256,0.06697906,0.04273141,0.064374074,22.116367,21.243603,21.313293,20.23942,0.44108582,0.8462143,0.62019634,0.9574642,0.26,0.21276596,0.1,0.039215688,1.5802135,0.3533062,0.8436729,0.76,2.9117146,0.64117724,0.5578434,0.7234042,1.5116367,0.59210294,0.4134892,0.45555556,2.2477283,0.47600263,0.8160948,0.50980395,2.9081192,3.480812,2.4845562,3.5098495,0.14623134,0.20783898,0.13429016,0.19373931,72.65496,665.24896,1558.5111,1447.97,7.576725,20.424171,36.860775,48.94591,1.7020998,0.7149077,-0.46234283,0.4891806,0.8478239,1.4523653,0.90713316,1.3117969,0.83278805,0.76703787,0.8438047,0.8839507,21.941402,20.753864,20.411913,19.279045
193,2528737196827402714,1.2839785,1.5507927,1.55338,1.8152704,0.61052895,2.0229683,1.0056915,1.500309,2.4516685,2.4815364,0.38945258,1.5254544,0.16,0.42553192,0.33333334,0.33333334,0.0,0.0,0.0,0.0,0.29229307,0.18820126,0.39208364,0.32051435,0.70171535,0.5018567,0.36903644,0.65070474,8.511698e+06,3.1461835e+06,3.5680802e+06,4.6175585e+06,0.00075032515,0.0025439577,0.0011775574,0.002820884,2.9810343,-1.114639,-0.47828913,-0.7229748,0.4826022,0.30561763,0.26911393,0.36624396,1804.9258,1909.9062,2700.7695,3299.1602,21.36089,20.642971,20.028332,19.341572,0.027466329,0.050457686,0.034320924,0.05311848,21.188843,20.328522,20.09985,19.126654,0.2908926,0.6152935,0.46502113,0.73864365,0.26,0.14893617,0.14444445,0.05882353,1.114008,0.2339492,0.565988,0.76,2.066843,0.44101167,0.360722,0.70212764,1.1316833,0.4243733,0.36116537,0.45555556,1.7649555,0.33740216,0.6671673,0.5294118,2.0641193,2.1988487,1.7920532,2.411646,0.095028594,0.14451464,0.10976124,0.16016494,247.07655,1828.7297,5429.285,5004.553,12.076844,35.00124,65.176445,75.47573,1.6702304,0.6149969,-0.25838563,0.58741194,0.5867052,1.0415965,0.68739086,1.0273949,0.7593921,0.81648123,0.8380657,0.9016781,21.185713,20.198198,19.639128,18.712326
194,2528737196883658489,1.0729637,1.2194691,1.1838865,1.5536461,0.70062447,1.5704651,0.6866684,1.126852,4.3478875,3.4549782,0.2249925,2.3954828,0.2,0.29787233,0.2888889,0.21568628,0.0,0.0,0.0,0.0,0.32146493,0.22023639,0.38310987,0.28877813,0.4751563,0.50060713,0.29671985,0.69734275,2.7946958e+06,2.32743e+06,3.4490965e+06,3.837691e+06,0.0006201748,0.0017029301,0.0007095051,0.0020727967,1.3134217,-0.9417002,-0.22808146,-0.0800817,0.34818953,0.31481934,0.24397272,0.39679292,812.8125,1646.4961,1839.8711,2487.621,20.86289,20.012379,19.322287,18.644247,0.02493858,0.04127344,0.02663858,0.045529895,20.646591,19.601444,19.387268,18.429289,0.13268757,0.3774662,0.3708477,0.5346279,0.36,0.25531915,0.18888889,0.09803922,1.0358238,0.12310354,0.38419732,0.72,1.6659031,0.28701136,0.33594707,0.70212764,0.83395576,0.2893947,0.31486475,0.44444445,1.4583206,0.32211605,0.6437333,0.627451,1.7625351,1.9738216,1.2026672,2.3341637,0.07801595,0.11801541,0.09206531,0.13235305,544.63464,2997.5527,8031.0654,9880.668,15.170134,45.303795,75.26315,95.14072,1.4309065,0.8037225,0.05012888,0.9474801,0.52029085,0.8259797,0.5147183,0.84887064,0.66873753,0.8385764,0.8414497,0.9082291,20.680748,19.76947,19.160532,18.27331
195,2528737196891265025,1.6282759,2.174656,2.5732288,2.8119068,0.72551537,1.8089466,1.3348846,2.5790653,2.0875423,1.1219603,0.86050934,1.3158576,0.3478261,0.3902439,0.2840909,0.36734694,0.0,0.0,0.0,0.0,0.28103873,0.23519962,0.39906865,0.3543388,0.50218904,0.8630463,0.44640973,0.6037315,1.2615927e+07,1.3229194e+07,5.5719455e+06,6.868977e+06,0.0010783902,0.0030008035,0.0018489186,0.0050152224,0.03680992,-0.58476496,0.44307876,-1.2239949,0.37123087,0.5030315,0.30632186,0.32903203,2183.7812,4318.8125,5674.836,4321.074,23.143398,22.612564,22.755754,21.529673,0.03641078,0.05616692,0.044631973,0.07150369,22.95399,22.528866,22.96867,21.313807,0.33279037,0.9012661,0.6916685,1.326086,0.3043478,0.2195122,0.20454545,0.08163265,1.7971306,0.3932377,0.37507284,0.7826087,2.4175224,0.6668826,0.6772125,0.73170733,1.6731396,0.68220866,0.50909567,0.42045453,2.7362118,0.62629354,0.75616455,0.53061223,2.1421928,2.7072296,3.0139675,3.341446,0.123136714,0.17814577,0.137728,0.20564231,18.28471,130.1482,221.96771,260.48984,3.6628635,9.412129,12.489469,24.067583,0.9236765,0.65035564,-0.5084135,0.23755437,0.8426691,1.2700781,1.0156342,1.539451,0.8056325,0.72981435,0.78412116,0.8391963,22.713833,21.5779,21.486935,19.976095
196,2528737198272284747,0.059131622,0.028327942,0.023020744,0.11152935,0.017253876,0.012514114,0.00705719,0.008111954,2.3169756,0.5099068,0.79611784,13.150061,0.22,0.21276596,0.26666668,0.019607844,0.0,3.330669e-16,0.0,0.0,0.17721905,0.19254167,0.10396644,0.13953893,1.8286955,1.9858922,1.9095249,1.89081,6.0450856e+07,1.1152815e+08,4.536312e+07,4.3150932e+07,7.228704e-07,2.3437815e-07,1.3334048e-07,3.0502815e-06,4.442625,1.5544779,2.051761,47.70003,0.9350392,1.0121764,0.95975727,0.9470945,181.55078,76.01953,127.078125,416.41016,19.946083,18.693722,17.727396,17.308472,0.0010504693,0.0005846022,0.00038910515,0.0017541653,19.942532,18.694153,17.72786,17.303926,0.0095329285,0.00607872,0.0034189224,0.0038471222,0.36,0.27659574,0.3,0.98039216,0.04000473,0.009111457,0.021506745,0.78,0.017133713,0.008683067,0.006488989,0.34042552,0.010421753,0.004535661,0.004694319,0.4,0.21344185,0.0053990763,0.0,0.98039216,0.08549881,0.034252167,0.025108337,0.21380234,0.0034328874,0.001956613,0.0012761304,0.0010795569,4.3386497,3.7090597,9.764197,69.14568,1.4086778,1.509326,2.2432666,2.8006723,1.7604866,-0.6873408,0.1567644,6.8000126,0.02095275,0.010928391,0.006897821,0.03036192,0.6719665,0.7713712,0.71758425,0.35312837,19.942972,18.694921,17.727036,17.306482
197,2528737198279276013,0.6226425,0.73720646,0.7965021,1.0070457,0.36984634,1.0113659,0.41703606,0.7201996,3.1870017,3.490659,0.26558316,2.3892224,0.24,0.29787233,0.2888889,0.23529412,0.0,0.0,0.0,0.0,0.31288874,0.20617247,0.35837993,0.28140023,0.5892796,0.5291711,0.31592497,0.72010684,3.9947812e+06,3.143459e+06,3.5973108e+06,4.6527025e+06,0.00021232055,0.0006878506,0.00030407115,0.0009125706,1.792779,-1.0827641,0.055095196,0.039933205,0.40107006,0.31960583,0.24811709,0.40429652,624.53516,1099.8906,1157.4219,1720.3047,20.522488,19.521141,18.709558,18.141006,0.0146007445,0.026231624,0.017438931,0.030209867,20.419922,19.270899,18.746326,17.997206,0.111722946,0.2272644,0.2063322,0.3296318,0.36,0.17021276,0.17777778,0.11764706,0.57748604,0.089789025,0.24111682,0.72,1.0365334,0.18486606,0.17698719,0.70212764,0.5211983,0.18365966,0.20630479,0.47777778,1.1164246,0.2850674,0.33085877,0.78431374,1.0181713,1.1587296,0.8455887,1.5217552,0.048235647,0.07315148,0.06086428,0.0866412,591.53094,3652.6892,6531.5967,12448.87,14.845694,50.430027,67.14663,94.32949,1.4658312,0.7434202,0.18629085,0.9915853,0.2996436,0.51207125,0.3262747,0.5480374,0.6351421,0.8539788,0.8324738,0.84876835,20.468102,19.506178,18.678755,18.035482
198,2528737198302153365,1.7183151,2.4366999,1.9559383,2.7787619,1.2931271,2.6245098,1.21591,1.9902515,2.1982994,2.3015697,0.5500514,1.3669767,0.3,0.40425533,0.3,0.33333334,0.0,0.0,0.0,0.0,0.30287084,0.21754237,0.40738827,0.31579977,0.52977073,0.6259239,0.33493316,0.75276643,3.6638535e+06,5.0567275e+06,4.029329e+06,6.194487e+06,0.0014938622,0.0039563356,0.0015761119,0.0045449953,0.19173527,-0.78220224,-0.2887466,-0.2892599,0.35993302,0.3833679,0.25373626,0.41256544,1663.8359,2783.6914,3443.0156,4355.3125,21.951597,21.390148,20.918516,19.99096,0.03889399,0.06304119,0.039725907,0.06745829,21.73949,20.898563,21.0131,19.67418,0.4604597,0.76994324,0.6024666,1.010767,0.2,0.23404256,0.12222222,0.078431375,1.677599,0.3298449,0.5219873,0.72,2.6651077,0.5573181,0.54671353,0.70212764,1.3888454,0.52252865,0.42974705,0.41111112,2.3036308,0.42304015,0.90531176,0.5294118,2.5388947,3.7143478,2.299532,4.000683,0.112258695,0.17602606,0.1281326,0.19154108,204.8877,909.28564,2275.8093,2413.415,12.641617,23.332932,42.28439,59.842636,1.0139736,0.71339315,-0.39978155,0.6889623,0.8537852,1.3484603,0.831007,1.3485558,0.8198307,0.77020025,0.82645357,0.881947,21.465364,20.557476,20.211681,18.960995
199,2528737198323391714,1.2162657,1.4789839,1.4573936,1.6066008,0.5726509,1.6988335,0.9020157,1.2422962,3.561757,2.7264142,0.3212493,1.6673642,0.2,0.40425533,0.33333334,0.33333334,0.0,0.0,0.0,0.0,0.31925258,0.20318079,0.3982029,0.30897504,0.55095,0.45695886,0.29401168,0.66334707,6.44742e+06,2.0285301e+06,2.6725995e+06,4.840057e+06,0.0006870833,0.0021995478,0.0011084063,0.0023173408,2.7290764,-0.90753055,-0.587857,-0.6003556,0.43123987,0.2828388,0.22316991,0.3748199,1734.1992,1529.7383,2323.789,3120.004,21.068083,20.312532,19.686558,18.988424,0.026262255,0.04691059,0.0332959,0.048142105,20.893028,19.957493,19.679974,18.875938,0.17649269,0.46399117,0.45100784,0.62900543,0.38,0.10638298,0.15555556,0.078431375,1.2550545,0.25797555,0.49090508,0.84,1.947546,0.3844334,0.31880555,0.7234042,1.0773907,0.3885856,0.35285127,0.5,1.5486965,0.31394672,0.6337174,0.54901963,1.9046574,2.2303867,1.4749622,2.1437187,0.09677647,0.136575,0.10393513,0.14801382,341.69025,2279.06,7470.9795,7273.408,13.0341215,40.72682,75.83384,89.0643,1.6998299,0.7557135,-0.06891538,0.68794435,0.5532954,0.95287293,0.65548164,0.9141427,0.69672436,0.84051234,0.86664027,0.89477134,20.89065,19.996933,19.37277,18.516983
200,2528737198344056892,2.3620996,2.427271,2.4115858,2.6861439,0.64886665,1.838892,1.5017071,2.549776,1.6205785,0.76886714,0.43821397,1.1552199,0.2,0.3809524,0.34117648,0.36734694,0.0,0.0,0.0,0.0,0.24842712,0.22217846,0.3910496,0.35491583,0.71739936,0.90308774,0.4424725,0.6205964,1.5849177e+07,9.455337e+06,5.925891e+06,1.0809993e+07,0.0011075705,0.0027981251,0.0019046182,0.0039730305,3.2738078,-0.5211303,0.08103204,-1.2054372,0.4490802,0.52920085,0.30325663,0.3300333,3407.4688,3680.8125,5947.301,6149.5977,23.594116,22.955145,22.957775,21.966782,0.03660159,0.057567164,0.045262028,0.064420566,23.509495,22.654104,23.034294,21.966152,0.3304634,0.8510866,0.74370193,1.1682949,0.35555556,0.11904762,0.1764706,0.06122449,2.273859,0.5554279,0.73726696,0.9111111,2.1798935,0.54251325,0.9332997,0.54761904,1.6782265,0.7054178,0.52381134,0.45882353,2.5145264,0.6375037,0.62365574,0.5102041,2.9947147,3.328722,3.0588322,2.954094,0.1222984,0.18475476,0.14454013,0.19040263,10.207045,73.645386,147.68176,137.69139,2.5507035,7.1362596,9.583992,16.814394,1.2397774,0.60513055,-0.49919835,0.053682633,0.86358225,1.3214626,1.0391154,1.4151125,0.7815782,0.7500209,0.7624372,0.85306966,23.27055,21.80256,21.745083,20.415924
201,2528737198353805735,1.8955774,2.280118,2.1925583,2.5788708,0.97629166,2.6779099,1.278017,2.316204,1.3323727,1.5037793,1.0335481,1.0355821,0.26530612,0.42553192,0.32222223,0.37254903,0.0,0.0,0.0,0.0,0.26621348,0.18300858,0.40698585,0.34242108,0.64268005,0.61726904,0.41475523,0.5979731,1.2192676e+07,4.951643e+06,4.6594105e+06,5.9133115e+06,0.0012018034,0.0039418936,0.0018203447,0.004583883,1.3809998,-1.094425,-0.12328172,-1.0750213,0.40867805,0.37217656,0.2942541,0.3304952,2290.2227,2494.7812,4386.6055,4656.1523,22.646927,22.162992,21.776276,20.879543,0.037924174,0.06325075,0.04277816,0.06785728,22.495163,21.833136,22.014118,20.646101,0.4633789,0.9481697,0.6663017,1.1771412,0.2244898,0.14893617,0.16666667,0.05882353,1.6155033,0.42323717,0.6947911,0.75510204,2.710699,0.6983571,0.443809,0.70212764,1.5664959,0.62573063,0.41701263,0.42222223,2.4782066,0.5398846,0.7855277,0.50980395,2.5507984,3.0116806,2.9662285,3.169609,0.14330515,0.19080593,0.13191661,0.20452763,58.629627,374.9671,780.2315,777.988,6.740854,15.61813,26.37488,36.072933,1.1648796,0.45436066,-0.6119158,0.29566777,0.858866,1.4018259,0.931549,1.416829,0.8325331,0.7676767,0.82875603,0.8761323,22.245995,21.049976,20.810478,19.549757
202,2528737207025149683,0.83446026,0.93145657,0.9787016,1.1892338,0.5332222,1.1712074,0.57543945,0.9956131,3.5752418,1.8941598,0.69361633,2.042602,0.23529412,0.42222223,0.2888889,0.3877551,0.0,0.0,0.0,0.0,0.3193599,0.21883121,0.38963073,0.32740808,0.43376875,0.5235671,0.32216698,0.6257255,4.392814e+06,4.592964e+06,3.3676812e+06,5.5259965e+06,0.00035675894,0.00081744033,0.00035887116,0.0011032409,0.95822763,-1.1960037,-0.21466374,-0.8488052,0.3439343,0.3287075,0.24152263,0.3454174,858.8086,1118.0625,1584.2461,1873.4922,21.505003,21.478148,21.500132,21.26342,0.019009892,0.02869544,0.01903684,0.033355214,21.358667,21.299181,21.571674,20.933508,0.13457489,0.39793587,0.26148796,0.42165375,0.37254903,0.13333334,0.17777778,0.08163265,0.8125553,0.12512371,0.28910744,0.7254902,1.192236,0.28242835,0.21694182,0.6888889,0.6794472,0.25349343,0.21675257,0.42222223,1.2895756,0.2753729,0.41534355,0.63265306,1.2696838,1.2358875,1.0169392,1.7781334,0.06729878,0.0831713,0.060444023,0.10239844,146.98701,184.26582,133.9388,96.727715,7.487115,11.31177,9.348833,8.682434,1.2847843,0.5060394,-0.25725582,0.6713431,0.40880778,0.6163249,0.40929458,0.7092459,0.65944153,0.8177519,0.82725924,0.90520537,21.403868,21.408825,21.422398,21.069082
203,2528737207077779216,0.7943764,1.0191345,0.9280052,1.2130413,0.39476013,1.09449,0.51665497,1.1599064,1.578285,1.3600216,1.1421474,1.5877655,0.25490198,0.42222223,0.32222223,0.3469388,0.0,0.0,0.0,0.0,0.30977634,0.21241237,0.38743922,0.34727144,0.51427203,0.50958985,0.41374993,0.66666514,6.9308195e+06,4.7589305e+06,4.4009785e+06,9.933956e+06,0.00027236037,0.0007638339,0.00033363106,0.0010450989,0.659364,-1.1017864,-0.17413592,-1.112715,0.37583342,0.31961584,0.30200654,0.36321875,908.8125,1057.9844,1740.3789,3344.5469,21.760767,21.740984,21.75196,21.541025,0.016701344,0.027807957,0.018412841,0.032560285,21.639881,21.58824,21.848494,21.328077,0.16804123,0.43063736,0.24145412,0.5092735,0.27450982,0.2,0.16666667,0.06122449,0.71788216,0.18201621,0.23666993,0.7647059,1.1684189,0.31617165,0.17389701,0.7111111,0.683136,0.2631215,0.18960166,0.3888889,1.2593269,0.27387664,0.37980294,0.59183675,1.1223526,1.2999477,1.2411976,1.5582008,0.055175386,0.08154982,0.05871425,0.09521282,89.74303,116.2447,83.53614,64.129364,6.38605,8.910787,7.429852,7.200149,0.9695481,0.42132992,-0.57825285,0.46998265,0.36343408,0.60457236,0.4005154,0.7013819,0.6983399,0.80479705,0.8304163,0.89652324,21.694712,21.692963,21.680073,21.358688
204,2528737208999062464,1.4846239,2.1210938,1.7343426,1.7633877,0.81264496,2.16111,1.0009384,1.2498951,0.8556861,2.5676966,0.32617372,1.7154969,0.3469388,0.3125,0.33333334,0.27906978,0.0,0.0,0.0,0.0,0.2605604,0.22136489,0.36255142,0.3376873,0.7495626,0.5587547,0.5933957,0.9270525,1.0922725e+07,6.3182035e+06,8.1259455e+06,1.0262147e+07,0.0008554464,0.0025017138,0.0008425514,0.0013475919,0.47079754,-0.7329788,-0.06774473,-0.2488296,0.44379795,0.3480684,0.37925333,0.51198256,2399.8281,2653.6328,4963.7734,1936.5078,22.680246,23.036982,23.461206,22.702583,0.029926684,0.05738836,0.03177774,0.041811578,22.53395,22.52295,23.55272,22.258163,0.36366272,0.71045494,0.48524284,0.5640621,0.18367347,0.16666667,0.21839081,0.23255815,1.2952881,0.3667344,0.433685,0.75510204,2.576624,0.47974604,0.67180014,0.6875,1.2134037,0.485458,0.41187212,0.41379312,1.6853199,0.39289194,0.651004,0.6511628,2.1557674,3.2528973,2.0448112,2.5485916,0.090570055,0.17817418,0.10968572,0.13847028,60.19839,33.910423,17.805794,6.9374003,6.6136003,4.5032983,3.4503152,2.2620218,0.85695994,0.8034416,-0.36461034,0.8382479,0.67874455,1.3220546,0.7455441,0.94923085,0.7876852,0.7580903,0.8123471,0.82086265,22.24623,22.327099,22.88569,22.179817
205,2528737209028038045,1.591423,1.8314228,1.8485289,1.7535992,0.91469574,1.3938293,1.0483913,1.461977,1.739853,2.413553,0.5818442,1.0692333,0.25,0.33333334,0.30952382,0.31111112,0.0,0.0,0.0,0.0,0.28957924,0.22784977,0.366432,0.3374953,0.61534846,0.5899784,0.51969457,0.7026815,8.609008e+06,6.642639e+06,9.33965e+06,1.3470424e+07,0.0008917048,0.0022098857,0.00077195145,0.001403583,1.5840082,-0.74558425,0.03048873,-0.788573,0.37228376,0.370454,0.34912091,0.3927918,2143.3125,2759.5625,6017.5547,2940.9297,22.77151,22.854755,23.53134,22.871094,0.03085192,0.048451457,0.031882066,0.043032598,22.546066,22.390232,23.635735,22.535963,0.37228584,0.5484886,0.51274776,0.74461555,0.14583333,0.15555556,0.20238096,0.13333334,1.2854137,0.2934302,0.5526965,0.7083333,2.1608963,0.46289095,0.58768004,0.7111111,1.2518101,0.48164803,0.39738494,0.39285713,1.7248917,0.3845535,0.5898246,0.5777778,2.5217667,2.7026634,2.0000057,2.3965435,0.09047105,0.14242345,0.10638212,0.1369907,35.487926,37.262394,15.659655,6.817185,5.27251,4.845159,3.2965004,2.4418948,1.2645818,0.79426485,-0.43207934,0.5232107,0.70254475,1.1073462,0.75022775,0.98420256,0.76521695,0.78553104,0.81409574,0.8381714,22.373253,22.399103,22.977032,22.21006
208,2528737223003719484,1.0477962,1.4067984,1.3178139,1.4971657,0.75302887,1.3860683,0.71868896,1.1128502,4.665155,2.0877182,0.4112419,1.5121208,0.2264151,0.2820513,0.3043478,0.2962963,0.0,0.0,0.0,0.0,0.36288956,0.34418157,0.36752647,0.25715098,0.54053384,0.53982675,0.3340088,0.9299117,1.4799803e+07,1.6969598e+07,4.0571208e+06,1.6863812e+07,0.00072171923,0.0012163137,0.0005597339,0.0012193276,-0.022277355,-0.5426657,0.009209633,0.12252045,0.34941077,0.30257177,0.28175765,0.51174045,3203.4062,3146.289,2094.5078,4468.6875,22.24681,22.249516,22.341755,22.036755,0.02724379,0.035207603,0.0240314,0.03597325,21.96712,21.960499,22.407112,21.85986,0.13721275,0.41197777,0.333992,0.52454567,0.43396226,0.12820514,0.22826087,0.11111111,1.184061,0.16199405,0.40799975,0.6981132,1.5143471,0.2981192,0.42167875,0.6923077,0.87444115,0.28393507,0.34470397,0.4021739,1.399971,0.34410676,0.576159,0.6666667,1.6520004,2.2048588,1.4203796,2.1436672,0.087846875,0.09701635,0.085165024,0.12267271,82.618706,59.584583,48.318806,20.616035,5.803426,6.550314,5.738712,4.2458577,1.1323771,0.8440321,0.13866489,0.92029095,0.60608745,0.78335214,0.5369037,0.79273367,0.6597574,0.8427892,0.8395026,0.862217,21.99713,22.002865,22.150167,21.664398
209,2528737223038976480,0.7615385,1.0234756,1.0041618,1.2645311,0.5082855,1.2016907,0.5758438,0.85194397,3.3450863,2.1211455,0.4798113,1.7807798,0.21153846,0.31578946,0.32608697,0.27272728,0.0,0.0,0.0,0.0,0.35121447,0.3386729,0.36897904,0.2539405,0.36693946,0.57867503,0.30976334,0.7566206,5.299789e+06,5.0539965e+06,3.3875412e+06,7.9413515e+06,0.00031183052,0.0008785962,0.00037120635,0.0009078909,0.8430462,-1.0925329,-0.19843459,0.07225847,0.25912443,0.31660023,0.25629967,0.40962368,787.4297,1062.5078,1697.3594,2837.5586,22.102978,22.080076,22.077173,21.804497,0.01800063,0.029899878,0.019520722,0.030705826,21.95234,21.800777,22.140062,21.69869,0.14874744,0.31021786,0.24930859,0.4313717,0.25,0.078947365,0.19565217,0.18181819,0.7623577,0.1239102,0.30675936,0.71153843,1.2900543,0.26277485,0.25868633,0.68421054,0.70646095,0.23191202,0.26703942,0.41304347,1.1754761,0.29392654,0.50668246,0.6727273,1.2089481,1.4613552,1.0097504,1.7636795,0.060082465,0.08815871,0.064053304,0.10503031,83.58447,77.5176,48.574142,26.647429,5.7779403,7.254708,5.702132,4.5139036,1.3027712,0.643708,0.068964645,0.9315124,0.39786753,0.6601916,0.43096235,0.6695251,0.6562577,0.8163543,0.8405091,0.85170513,21.997711,21.89044,21.983864,21.561378
210,2528737223072686608,1.634038,1.95572,2.107973,1.6291656,0.60917854,1.7553596,1.1700935,1.3140621,2.5331545,1.2095418,0.21293469,0.8345128,0.20754717,0.30555555,0.29545453,0.39534885,0.0,0.0,0.0,0.0,0.2740392,0.3379813,0.36006406,0.32888734,0.69045377,0.79455185,0.67737347,0.7886347,1.2585057e+07,1.5902934e+07,7.9997845e+06,2.5262438e+07,0.000970848,0.0012161833,0.00089227513,0.0010323424,2.1769884,-0.5907941,-0.04421377,-0.63669777,0.41299143,0.39784256,0.4375157,0.4315069,3039.129,2705.4297,4271.711,4085.539,23.157541,23.376839,23.645092,22.895964,0.03233919,0.046973225,0.034478605,0.037911173,22.958487,23.098125,23.694397,22.638565,0.34091568,0.6608305,0.57127285,0.61751366,0.28301886,0.16666667,0.20454545,0.18604651,1.62883,0.36711994,0.665723,0.8301887,2.1339054,0.5217069,0.52825165,0.7222222,1.312212,0.5199414,0.45455498,0.45454547,1.5212269,0.37152633,0.52481395,0.60465115,2.431673,2.6536007,2.241518,2.2135868,0.12424412,0.150331,0.119149975,0.12185748,16.858767,24.908278,13.052666,4.918746,3.319285,3.406399,3.1526163,1.9917537,1.4865429,0.7124974,-0.24703811,0.55019903,0.7488961,1.0980855,0.81524974,0.86801285,0.7736459,0.71883667,0.81377834,0.8446369,22.865139,22.705715,23.022833,22.364573
211,2528737224833359702,0.77583504,0.96178246,1.0023546,1.175005,0.5097389,0.9894867,0.6251755,0.79963493,5.027108,3.2732215,0.42576948,1.7868687,0.15384616,0.27272728,0.3152174,0.3272727,0.0,0.0,0.0,0.0,0.3387799,0.2470465,0.38028148,0.26843354,0.36099678,0.5068738,0.279767,0.7018207,2.5081465e+06,6.105149e+06,3.3823235e+06,5.718304e+06,0.00035750752,0.0008550595,0.00037070113,0.0008453102,1.2940025,-0.6860852,-0.14349103,0.10413337,0.2813294,0.3159772,0.2066424,0.38971,722.76953,1299.9688,1410.0898,1984.8086,21.315538,21.10304,21.152584,20.888687,0.018993871,0.029301265,0.019305112,0.029182794,21.136688,20.792988,21.20526,20.755219,0.0902586,0.2527523,0.27696228,0.38929176,0.42307693,0.18181819,0.22826087,0.12727273,0.79195404,0.080833115,0.31964388,0.71153843,1.2647381,0.23260243,0.27036983,0.72727275,0.6763439,0.20978689,0.2511554,0.41304347,1.051794,0.23995252,0.46049044,0.6363636,1.3327618,1.5678291,1.1115093,1.7755299,0.06535326,0.087006725,0.060905427,0.09032154,251.7004,273.6091,229.8237,124.51116,9.098604,14.635911,12.474597,9.631989,1.4819028,0.9043713,0.11565279,0.94756675,0.40486458,0.6183458,0.408353,0.60959023,0.65043896,0.85119563,0.8437483,0.8473828,21.210556,21.040579,21.074064,20.716095
212,2528737224846386128,0.081326485,0.14021587,0.07721329,0.18053818,0.032642365,0.049053192,0.025691986,0.059007645,0.49626255,1.6686907,1.1449009,1.374827,0.25,0.13636364,0.25,0.18181819,0.0,0.0,0.0,0.0,0.23123913,0.2361323,0.261404,0.17734079,1.4925064,1.4481695,1.1601343,1.9299988,5.4291056e+07,1.0380314e+08,1.0243983e+07,8.410277e+07,1.3323623e-06,4.7495478e-06,7.427885e-07,5.7500956e-06,0.9008646,6.9422092,6.672073,8.164221,0.7496198,0.7254228,0.6864074,0.9669443,312.17188,435.73047,116.5625,667.1914,20.689877,20.202423,20.012915,19.963503,0.0016046521,0.0024461546,0.001061788,0.0026872787,20.686872,20.215763,20.014717,19.95698,0.018218994,0.023047447,0.011059761,0.028757095,0.25,0.27272728,0.3478261,0.3272727,0.05130005,0.020946866,0.023195203,0.61538464,0.095975876,0.058716405,0.024255076,0.18181819,0.033161163,0.010563537,0.015885044,0.33695653,0.07849693,0.026304241,0.053047266,0.6363636,0.09388733,0.22519493,0.10792732,0.25839233,0.0054859547,0.007031119,0.0028795986,0.0073981155,4.155918,6.339348,2.836664,4.777249,1.5265666,1.9447144,1.3592566,1.7151718,0.33065933,-2.1121542,1.1544846,1.8827881,0.033200055,0.049418252,0.021249471,0.053647496,0.75031453,0.76041836,0.80328184,0.8038629,20.690075,20.216541,20.014496,19.96797
213,2528737228238535525,1.0817757,1.305275,1.727581,1.0633478,0.85622025,1.6230564,1.245451,1.4462128,0.65518343,0.61754996,0.7560262,0.73959786,0.25,0.3125,0.32258064,0.44444445,0.95475227,0.035919182,4.7557387e-07,0.34946355,0.379842,0.33824828,0.3267394,0.3345496,0.77467746,1.5975617,0.6234329,1.2181054,6.1823584e+07,3.3824778e+08,9.558588e+06,4.668027e+07,-0.0011022597,-0.0012314953,-0.00086039567,-7.147917e-05,-0.028312683,-1.3638215,-0.076637745,-1.1652958,0.6845403,0.8469841,0.4390491,0.66813457,675.7656,5053.2656,1410.5352,1087.6016,24.987335,24.393799,24.489487,23.3114,0.025491329,0.036283273,0.0363906,0.029772159,25.295914,24.162916,24.760853,23.240631,0.36402702,0.69353676,0.5919342,0.5583019,0.33333334,0.0,0.19354838,0.11111111,1.0992298,0.42992032,0.18227309,0.41666666,1.5958405,0.41430244,0.3621286,0.625,1.6222229,0.5350855,0.41367868,0.32258064,1.3401947,0.36651868,0.15041944,0.7222222,1.6345425,1.7634811,2.5597363,1.2873459,0.08193823,0.10430059,0.10550294,0.085793234,0.4048072,1.7470212,2.808285,1.0965884,0.58568627,1.1982278,1.5181357,1.0266703,-0.8351027,0.37331966,-0.7243503,0.47486186,0.6369604,0.8850869,0.8911871,0.6940307,0.94539386,0.87657493,0.8143274,0.82757396,24.967064,24.135311,23.557507,22.900072
214,2528737229743132951,0.4574194,0.17903519,0.0830822,1.8731041,0.08996582,0.036634445,0.023799896,0.05427742,2.8959396,2.7027845,2.8998919,17.509312,0.15686275,0.23076923,0.16666667,0.018867925,0.287954,0.15083252,0.7151075,0.00076905015,0.17277704,0.17002133,0.13224255,0.13426849,1.513486,1.4190465,1.5534068,2.0666933,5.9550504e+07,1.06771576e+08,1.8286684e+07,5.047358e+07,8.713645e-06,5.043881e-06,3.0837168e-07,0.0005619296,9.959131,5.1300764,5.098778,52.17146,0.75756425,0.7099765,0.9283437,1.0335475,1421.5625,521.03516,197.41016,7507.2227,22.350992,21.165405,20.596132,20.426956,0.0057558645,0.0031974646,0.0011505795,0.024513137,22.334908,21.153687,20.59093,20.35826,0.046909332,0.018125534,0.010102272,0.025560379,0.49019608,0.46153846,0.45555556,0.9811321,0.2712021,0.06736795,0.17710085,0.8627451,0.16035652,0.033678815,0.0782919,0.8717949,0.03894615,0.0118913585,0.023756672,0.7222222,3.6318264,0.043530807,0.0,0.9811321,0.6264267,0.2544117,0.11200142,3.631998,0.0142821595,0.011348955,0.003686417,0.0070688487,1.1019073,1.2360886,0.9100911,1.738406,0.89434654,0.9173405,0.7633285,1.1148334,2.2414272,1.9100193,1.5387805,7.1961875,0.12864928,0.067675635,0.023697488,0.5007288,0.8260856,0.81001997,0.8105523,0.8237297,22.32385,21.15177,20.592585,20.346945
217,2528737231924428289,0.48518276,0.2008009,0.091794014,0.09561539,0.12581253,0.090681076,0.03298378,0.03963089,1.4967481,0.8029804,0.6618547,0.58186454,0.23076923,0.26666668,0.26086956,0.30508474,0.6456692,0.13900393,0.10714571,0.56977975,0.11521051,0.16024387,0.11282874,0.1606232,2.4464662,2.0652583,1.8559037,2.2556736,9.289675e+07,1.1805554e+08,2.8737504e+07,9.1424456e+07,-3.1877626e-05,1.0338238e-06,1.1141596e-07,-5.572725e-07,3.0658965,1.2520096,1.7018986,0.3677013,1.254537,1.0407654,0.9357692,1.1313187,1987.3086,738.0703,289.39062,418.22656,22.942928,21.702406,20.901636,20.551544,0.0065466044,0.0040749577,0.0013141873,0.0019117241,22.926739,21.702274,20.902172,20.542274,0.054851532,0.039852142,0.015761375,0.022735596,0.44230768,0.31111112,0.29347825,0.2881356,0.2598133,0.09566398,0.12450602,0.7692308,0.14517212,0.07395897,0.05547849,0.26666668,0.04090309,0.016372321,0.019962603,0.47826087,0.06172943,0.023531882,0.026107343,0.5762712,0.5202465,0.24315453,0.0970459,0.108602524,0.020584991,0.015897183,0.0040881457,0.0063595697,0.91534156,1.2322675,1.1874617,0.9564551,0.74954015,0.8992075,0.8756928,0.78042173,0.47060394,-0.68491805,0.31010666,0.161833,0.15019828,0.08843639,0.027468665,0.039288882,0.76999223,0.8018362,0.7996465,0.8007526,22.914967,21.706177,20.899172,20.544563
221,2528737242836673470,1.2192926,1.4812832,1.3892202,1.6819515,0.5742912,1.6766338,0.87355614,1.2463074,3.024821,1.765449,0.31882828,2.046994,0.2244898,0.3902439,0.30769232,0.28,0.0,0.0,0.0,0.0,0.33019984,0.28284648,0.38493523,0.30302396,0.5306815,0.603349,0.30728626,0.6444018,6.848369e+06,9.871102e+06,3.032786e+06,3.110631e+06,0.0008138198,0.0020129746,0.0009803625,0.002218456,2.1937768,-1.2805425,-0.4675963,-0.20821452,0.38458768,0.37273002,0.21787338,0.36052278,1568.8945,3165.9062,2451.7734,1449.4883,20.719244,20.712677,20.773298,20.421543,0.028548807,0.04488354,0.031329975,0.047141556,20.524162,20.39053,20.820086,20.054188,0.22943497,0.59954643,0.45684242,0.5161629,0.30612245,0.14634146,0.14285715,0.14,1.2836151,0.25576133,0.516956,0.81632656,1.7873669,0.3886885,0.3024381,0.6585366,1.0531883,0.40685368,0.35763207,0.47252747,1.7936935,0.4080654,0.65298533,0.7,1.909832,2.0146217,1.3944702,2.5273228,0.1063752,0.13217312,0.1045308,0.15103056,811.21625,1884.8035,1264.1891,521.76715,20.551514,34.793297,30.566547,20.678322,1.5932305,0.44678164,-0.16310094,0.9250711,0.5915097,0.9296583,0.6508269,0.96270335,0.7140604,0.799081,0.855438,0.87764186,20.52391,20.267344,20.46593,19.968235
222,2528737242868038408,0.599596,0.6953964,0.7291937,0.92569256,0.35522842,0.9320297,0.3638115,0.66412735,3.3814487,2.1373446,0.3579611,2.9286203,0.2244898,0.41463414,0.30769232,0.18,0.0,0.0,0.0,0.0,0.33359787,0.2839054,0.35340348,0.28143963,0.5117573,0.63190824,0.29463124,0.5924187,3.5217658e+06,9.328805e+06,3.802645e+06,2.9309698e+06,0.00023834028,0.00058288797,0.00022624199,0.0006594172,1.572406,-1.4166648,0.25027394,0.42596483,0.3407676,0.38155574,0.20073241,0.34093413,528.8867,1316.2266,1074.5781,598.15625,19.986538,19.670576,19.597452,19.43333,0.015448827,0.024147896,0.015046555,0.025687713,19.866566,19.482853,19.63033,19.284933,0.109386444,0.28954697,0.1766243,0.25732136,0.3265306,0.09756097,0.17582418,0.14,0.5715828,0.08100474,0.26175407,0.6938776,0.90205383,0.18476023,0.17558561,0.63414633,0.46946144,0.16541702,0.18926261,0.46153846,0.9763317,0.19897245,0.3669105,0.74,0.99422073,0.99915695,0.79379654,1.4582539,0.056550037,0.067811295,0.053814895,0.07776579,1548.003,3130.1064,1410.1619,1199.8293,23.934784,49.206005,30.829006,28.343536,1.469098,0.44846117,0.20388061,1.1897852,0.30876857,0.47500303,0.29487413,0.4991978,0.67688894,0.880262,0.8298101,0.83587015,19.943295,19.640429,19.59024,19.391123
223,2528737242879398443,0.7720909,0.85454655,0.8168678,1.0689058,0.3768711,0.97686577,0.47616005,0.770319,2.3872495,1.3434695,0.24566518,2.6921127,0.20408164,0.4390244,0.30769232,0.24,0.0,0.0,0.0,0.0,0.29544184,0.26438454,0.35805106,0.29096183,0.774521,0.7148415,0.39977998,0.6493102,1.2007031e+07,1.5379985e+07,3.965427e+06,2.502516e+06,0.00033692058,0.00070655067,0.0003344381,0.0009835124,2.418671,-1.2474228,-0.17190099,-0.04840517,0.47612253,0.41817066,0.25556695,0.37727135,1684.4102,2173.8047,1506.2383,909.83984,20.168114,19.906916,19.849848,19.689558,0.018366411,0.026587272,0.018293759,0.031371877,20.077862,19.759424,19.857801,19.479176,0.18155289,0.4003811,0.23756027,0.32478237,0.18367347,0.12195122,0.20879121,0.14,0.70433426,0.14779586,0.34436488,0.75510204,0.98447037,0.23468287,0.20858489,0.63414633,0.5854988,0.20992187,0.22797008,0.4065934,1.1539822,0.23842971,0.44565815,0.7,1.2185192,1.096941,0.86720467,1.6474895,0.06713727,0.08279496,0.062889054,0.09523889,1487.6102,2754.058,1608.3953,1049.1514,25.769754,44.370995,32.716354,27.471157,1.5737127,0.37091088,-0.012226157,1.039279,0.37041587,0.5292706,0.36312833,0.6176984,0.67854595,0.83470434,0.81854993,0.8627881,20.112463,19.857803,19.816782,19.570044
224,2528737242888859478,0.3009348,0.11084366,0.19344616,0.13093567,0.040065765,0.12037277,0.062690735,0.07965088,6.369001,1.5424314,1.4217823,2.001058,0.06122449,0.4390244,0.16483517,0.28,0.0,0.0,0.0,0.0,0.1841861,0.3630534,0.3167016,0.2862757,2.1969137,0.5158953,0.5666971,0.591642,7.618256e+07,1.2279234e+07,2.53456e+06,8.669077e+06,2.0234405e-05,1.1989364e-05,7.60916e-06,1.2706382e-05,26.374088,-1.0379758,10.0860195,0.32870126,1.1021525,0.2972928,0.40374815,0.3158648,1232.6289,197.84375,175.45312,126.94141,19.513418,18.942366,18.774944,18.798813,0.0045180568,0.0034778991,0.0027695473,0.0035925033,19.494593,18.923258,18.775764,18.78406,0.019479752,0.044324875,0.03331566,0.040542603,0.63265306,0.12195122,0.36263737,0.18,0.5336685,0.044744704,0.0,0.97959185,0.124874115,0.03027624,0.029460546,0.68292683,0.07442093,0.022369191,0.046028916,0.4945055,0.13705254,0.032941848,0.045919947,0.78,0.5416031,0.15371323,0.2920246,0.19161606,0.00826884,0.009856734,0.0073055336,0.011397854,155.5066,182.87639,93.146866,106.08024,6.4192963,12.367384,8.021948,7.889882,4.6508503,0.57180667,2.0231514,1.0655295,0.08816273,0.065879636,0.051998097,0.0675348,0.5498152,0.89121574,0.8213412,0.82387096,19.505646,18.968105,18.77945,18.828505
225,2528737242891390792,1.1898317,1.5881567,1.469573,1.7721024,0.89868927,1.863699,0.92492104,1.4891987,3.1112132,1.783918,0.33907965,2.24328,0.24489796,0.3902439,0.32967034,0.24,0.0,0.0,0.0,0.0,0.34949195,0.29854226,0.39244863,0.29804006,0.43299654,0.5519348,0.2622571,0.60726887,5.2901625e+06,7.637121e+06,3.4153975e+06,3.2973825e+06,0.0010032078,0.0023663198,0.0010004124,0.0024111157,0.7251835,-1.120765,-0.34012318,-0.1370492,0.32735053,0.34539858,0.19929725,0.34236673,1476.1172,2892.2734,2489.1445,1638.7109,20.727793,20.734694,20.816393,20.382372,0.03169758,0.048663996,0.031650756,0.04914412,20.440964,20.341906,20.917402,20.065952,0.25144768,0.5803547,0.45201302,0.55746174,0.3265306,0.09756097,0.18681319,0.08,1.240984,0.19353426,0.49680632,0.6938776,1.9192753,0.40031806,0.44705546,0.6585366,1.0950737,0.37259257,0.38770413,0.3956044,1.9231224,0.4270157,0.6505828,0.72,1.9721451,2.310793,1.5625992,2.658039,0.11205275,0.14446044,0.105498776,0.15210766,1057.396,1769.0896,1296.1504,563.547,23.588377,35.438267,30.529,22.902605,1.2584914,0.5777506,-0.12085301,0.9646451,0.6570208,1.0090331,0.65885454,1.0016737,0.71726114,0.82585686,0.846693,0.8909326,20.439747,20.257328,20.490026,19.88829
226,2528737248291213435,0.7680359,0.74275494,0.7768736,0.96733475,0.46030617,0.9777813,0.41191673,0.7633076,2.7447302,2.1298857,1.086691,1.4577388,0.26,0.44,0.26966292,0.30612245,0.0,0.0,0.0,0.0,0.33740512,0.20806524,0.38247353,0.34250575,0.41207147,0.47769773,0.3540683,0.7989983,4.635768e+06,4.4247175e+06,3.515687e+06,3.9730955e+06,0.00031785967,0.0005671142,0.00025458515,0.00068725937,0.42870855,-1.3296657,0.055208683,-0.6285844,0.33000836,0.2719547,0.27302852,0.4305224,943.2344,1106.9062,1482.5078,1128.1289,20.926147,20.387001,20.165735,19.736582,0.01786971,0.023834541,0.01596745,0.02623503,20.799614,20.218273,20.243832,19.558403,0.13112545,0.31301022,0.19207764,0.38046074,0.38,0.08,0.2247191,0.12244898,0.72719,0.13623741,0.25897655,0.72,0.9358921,0.23175451,0.13351604,0.68,0.55822563,0.21038306,0.16830336,0.33707866,0.9065285,0.18716389,0.32107636,0.5714286,1.0393543,0.96767044,0.94693375,1.3673058,0.062103506,0.06776279,0.054441765,0.08088745,474.438,838.48157,746.3858,813.20636,13.828987,26.024864,21.594185,24.244726,1.0867847,0.40117288,-0.5639641,0.6120037,0.37394422,0.48591483,0.32199535,0.5177898,0.6960551,0.8440331,0.8160733,0.87539417,20.890265,20.428179,20.153677,19.672815
227,2528737248374063826,0.94278336,1.3032312,1.886878,1.4723291,0.6646633,1.4384212,0.6272602,1.163147,2.5955105,2.2065253,1.2293057,1.268404,0.3,0.46938777,0.24719101,0.27083334,0.0,0.0,0.0,0.0,0.34339038,0.2239393,0.359602,0.3549044,0.4055788,0.5983774,0.72201234,0.7938442,3.8338628e+06,3.3542126e+07,1.0412369e+07,3.6603535e+06,0.00052194076,0.0012186493,0.00060594257,0.0014001841,0.11864519,-1.2154434,3.4986556,-0.6149659,0.3076478,0.33917946,0.44789392,0.43311238,1041.4844,7689.492,5000.5977,1471.418,21.627483,21.560732,21.528387,21.116564,0.022960734,0.035005122,0.024806716,0.037577856,21.46983,21.300945,21.64058,20.873093,0.14908314,0.53811646,0.27404976,0.56455994,0.28,0.12244898,0.39325842,0.104166664,0.9787464,0.18489034,0.30767825,0.72,1.4371071,0.31670916,0.28546703,0.6530612,0.8266754,0.32060865,0.36886483,0.38202247,1.3855972,0.28579408,0.48949432,0.5625,1.3179264,1.8998299,2.210865,1.9513054,0.07603683,0.094974674,0.07099069,0.1203249,225.02893,244.16956,186.23666,134.10715,10.031105,13.063582,10.717449,10.190813,1.0080202,0.47868413,0.5010163,0.5701811,0.49658287,0.75473607,0.53404856,0.7935152,0.67999905,0.82649124,0.81733155,0.84497607,21.505995,21.39162,21.39048,20.773157
228,2528737249798072046,0.8593006,0.7847109,0.8327694,1.0595884,0.48425484,1.0622005,0.455101,0.8116474,4.2070117,2.9298563,0.98662496,1.4213145,0.22,0.375,0.25,0.22916667,0.0,0.0,0.0,0.0,0.3407156,0.23795141,0.37745532,0.3360194,0.43656048,0.5443068,0.357112,0.8546459,3.274355e+06,7.8851015e+06,3.7934608e+06,5.705478e+06,0.0003465508,0.00060311315,0.00024848423,0.0006650756,1.1962543,-1.3554437,0.037840605,-0.4219687,0.3129105,0.33347696,0.29114717,0.45886707,737.4531,1457.5391,1539.9141,1249.5664,21.641607,21.494522,21.411026,21.204893,0.018751672,0.0246878,0.015856612,0.026020288,21.480976,21.273537,21.486837,21.004745,0.1059618,0.2805891,0.19058895,0.33253098,0.42,0.104166664,0.25,0.1875,0.8104267,0.12386515,0.3160843,0.74,1.0429459,0.20104305,0.15902418,0.6666667,0.57549286,0.20153506,0.19186562,0.36363637,0.9608345,0.22166538,0.36018106,0.6041667,1.3126698,1.1338654,0.9749012,1.4486446,0.062298298,0.068851456,0.053635366,0.08126793,162.2567,137.9553,99.17101,64.31199,7.385022,10.402084,7.7390885,6.620652,1.4062383,0.53793836,-0.25638682,0.67484987,0.40581632,0.53065246,0.33950633,0.55175745,0.67874914,0.8661813,0.8174902,0.8505978,21.589613,21.496738,21.388124,21.120316
232,2528737275255431786,0.3039646,2.7589025,2.9279861,0.03558922,0.030973434,0.013298035,0.014183044,0.021450043,10.870329,16.425222,31.052435,0.49829897,0.05882353,0.06382979,0.056179777,0.32692307,0.0,0.0,0.0,7.70706e-08,0.2558706,0.12837134,0.21543044,0.25961497,0.7879796,2.115598,0.5698564,1.6176492,1.385263e+07,1.2133131e+08,3.7793392e+06,6.429972e+07,3.2506374e-05,0.0021956176,0.0022702687,3.5697323e-07,12.4810295,25.173698,21.335413,-0.23674297,0.3983208,1.0577991,0.28505963,0.8093017,704.33203,11246.969,7720.953,110.078125,19.866045,19.521246,19.315603,19.038555,0.0057273433,0.0470536,0.048275325,0.00084338296,19.831905,19.306396,19.102383,19.041414,0.013147354,0.0069465637,0.006998062,0.0106983185,0.8235294,0.9361702,0.94382024,0.15384616,0.45397568,0.033039488,0.08389525,0.9411765,3.3791676,0.010240327,1.8353621,0.9361702,4.284048,0.18801923,1.0697612,0.9550562,0.02763176,0.009624242,0.008857465,0.34615386,0.553545,5.4911213,5.8252926,0.03837776,0.019873664,0.11585517,0.09536462,0.0027223777,180.2249,277.3874,94.63433,2.4051886,5.84389,3.9176745,3.2308195,1.2541487,3.5396326,4.846131,4.606444,-0.38964036,0.11377966,0.91854495,0.93246704,0.016056793,0.5426107,0.24063635,0.33069307,0.8043554,19.859669,19.310703,19.102797,19.040903
233,2528737275283786329,1.5281324,2.4136858,2.0431843,1.1916733,0.58550835,1.4165516,0.47872543,0.96001625,3.0083385,2.4739501,2.1746588,2.2552278,0.11764706,0.1521739,0.24444444,0.1923077,0.0,0.0,0.0,0.0,0.31469905,0.21285668,0.2837438,0.3063566,0.72890216,1.3719664,0.9262175,0.751827,8.0061505e+06,4.5765664e+07,1.0406515e+07,2.4343528e+06,0.00075048016,0.0021492187,0.00089422415,0.0011014936,5.852535,4.5666895,6.549589,-0.04585123,0.4268345,0.71890646,0.508504,0.43434575,2743.9062,6688.3086,6739.875,877.96094,20.72375,20.653666,20.64118,20.14603,0.027413545,0.04650316,0.029991135,0.03322042,20.52291,20.275791,20.669064,19.938786,0.22340393,0.4284935,0.2695341,0.43325043,0.3529412,0.2826087,0.43333334,0.115384616,1.0578594,0.21412937,0.6124552,0.7647059,1.6668415,0.26566917,0.83560425,0.65217394,1.265667,0.3855872,0.7384876,0.8666667,1.1874046,0.23763156,0.4735118,0.63461536,2.6180897,4.252264,3.019207,1.7826805,0.08285791,0.109138794,0.09266914,0.10638957,946.42053,1043.2649,877.3962,466.1273,21.773514,26.974102,23.044744,19.14735,2.10601,1.7650391,1.6368656,0.94353527,0.5681114,0.9604607,0.6190524,0.6692596,0.7209207,0.8461698,0.8238066,0.8749526,20.576986,20.396172,20.43894,19.929386
234,2528737275427368431,1.0696707,2.5647106,2.1739378,1.2011843,0.76115227,1.358427,0.5963955,0.92933655,2.534877,2.7773724,1.8164765,2.5146613,0.23529412,0.1521739,0.21176471,0.1923077,0.0,0.0,0.0,0.0,0.2668361,0.2278678,0.28617036,0.29678908,0.6092337,1.2544452,1.0239592,0.8017094,6.610415e+06,3.1272072e+07,2.1773085e+06,1.8753009e+06,0.00073421234,0.0021190066,0.00077533355,0.0010765321,-0.05421567,7.1930857,13.077421,0.24613118,0.3757761,0.66102344,0.5651498,0.45256406,1950.4219,7716.0977,1535.7812,715.51953,20.769547,20.601137,20.55822,20.098276,0.02711717,0.046116505,0.027940372,0.032839455,20.553288,20.140102,20.572292,19.890759,0.31570625,0.35191727,0.28736877,0.3883438,0.23529412,0.39130434,0.43529412,0.057692308,1.0315666,0.19700395,0.39681792,0.6666667,1.6091309,0.2523036,0.88513726,0.65217394,0.7642727,0.28136387,0.52155006,0.44705883,1.1618748,0.2468256,0.5040008,0.65384614,1.6680088,4.6782246,3.3538132,1.8869915,0.082925774,0.10010291,0.08087685,0.106475376,1220.7666,1108.0626,891.94226,480.45972,25.412188,27.969984,23.105507,19.42663,0.99618524,2.1234891,2.3108099,1.0579638,0.5632113,0.95005244,0.5744043,0.6600164,0.7279137,0.8590903,0.8134965,0.87766284,20.569376,20.339897,20.41071,19.890614
235,2528737280540710149,2.5187578,2.5902023,2.7118082,2.967865,1.2022457,2.7785072,1.636076,2.180708,1.4793742,1.0045823,0.5581401,0.5749187,0.30612245,0.45652175,0.32967034,0.4107143,0.0,0.0,0.0,0.0,0.30516967,0.20918708,0.3989821,0.34183502,0.5565938,0.58747685,0.46278492,0.5514613,8.983328e+06,8.1625415e+06,6.960195e+06,1.2858643e+07,0.002557154,0.0048512295,0.0025034992,0.004267125,0.83959126,-1.1020358,0.0764966,-0.905653,0.4502705,0.37669417,0.29149142,0.29407257,3040.8672,5612.6016,8167.289,5456.7383,21.740396,21.827394,22.341373,21.337473,0.050884604,0.07032246,0.050492544,0.06571745,21.4713,21.605843,22.529095,21.213684,0.4382496,1.3771076,0.8166199,1.1094055,0.3265306,0.10869565,0.23076923,0.125,2.123314,0.55920833,0.77648747,0.75510204,2.83358,0.8262482,0.55926776,0.67391306,1.8665142,0.7315656,0.58214796,0.41758242,2.406126,0.7322602,0.69158703,0.53571427,3.3248253,3.2317104,3.2381992,3.2421799,0.19310047,0.20886564,0.16323632,0.19129534,387.82703,997.745,644.59143,606.9829,16.270151,29.032536,21.693167,27.577574,0.90866715,0.3122498,-0.45823494,0.045199435,1.1062515,1.5349561,1.1280727,1.4022443,0.8243421,0.79518366,0.7896595,0.83341944,21.243006,20.416601,20.834595,19.602617
238,2528737294840432246,0.7341404,0.88787746,0.85884,1.0792646,0.47852325,1.1035881,0.56357,0.89657974,2.8988287,2.6367986,0.60599923,1.7880504,0.20833333,0.3877551,0.29213482,0.3448276,0.0,0.0,0.0,0.0,0.34545267,0.20455542,0.39088574,0.29164618,0.6001048,0.5112886,0.260286,0.60647607,1.2930149e+07,4.8037e+06,3.0993912e+06,3.2665332e+06,0.00034177757,0.0008105364,0.0003245107,0.00090385496,0.5891249,-1.2027011,-0.37350512,-0.5177505,0.38127318,0.31998077,0.14894915,0.33331507,1817.3828,1582.7812,1410.9453,1568.082,21.91284,20.943483,20.674334,20.21032,0.018665383,0.028511241,0.018037546,0.030095013,21.780312,20.703156,20.743233,20.10315,0.17497921,0.3271618,0.2622795,0.41555786,0.27083334,0.14285715,0.21348314,0.15517241,0.83542633,0.17227936,0.29601756,0.7708333,1.167347,0.23094821,0.21972954,0.67346936,0.622694,0.2140313,0.20491418,0.42696628,1.0620365,0.24674167,0.41138744,0.62068963,1.1230392,1.291954,0.8875389,1.456173,0.061947837,0.08350223,0.062398188,0.091349296,126.58629,439.50305,473.27344,475.48978,7.386755,17.873354,17.646217,18.91665,1.2378882,0.5861282,-0.12088425,0.73356813,0.40901154,0.5971247,0.37291425,0.6082298,0.6585072,0.8503077,0.8398071,0.85413295,21.79674,20.8856,20.608017,20.06233
239,2528737294841875394,0.20388412,0.19755173,0.17240715,0.22776604,0.12902832,0.23152351,0.1144886,0.1769085,2.368126,1.448663,1.1085088,1.136665,0.20833333,0.4489796,0.29213482,0.3448276,0.0,0.0,0.0,0.0,0.3307151,0.20377254,0.3869865,0.28822175,0.6101199,0.5653801,0.36488926,0.6083494,1.0089032e+07,1.2265406e+07,4.3746765e+06,5.704131e+06,2.1217349e-05,3.6135276e-05,1.6369846e-05,4.312891e-05,1.0980392,-1.2596356,-0.31491923,-0.80946136,0.3748347,0.338693,0.19155242,0.33541793,287.96094,348.14844,394.82812,343.92578,21.254763,20.09896,19.662283,19.368958,0.004794627,0.0060799867,0.004069741,0.006605305,21.227146,20.078482,19.682766,19.344372,0.04705143,0.09332085,0.047662735,0.089702606,0.25,0.14285715,0.2247191,0.15517241,0.1934433,0.038781576,0.08279052,0.7291667,0.22996902,0.06334155,0.035156373,0.67346936,0.14021492,0.04602155,0.04246078,0.3483146,0.21969795,0.054826986,0.0791135,0.5689655,0.3047409,0.21898079,0.1937046,0.26861763,0.01640064,0.017549789,0.013666635,0.020629121,42.99519,95.324135,92.0886,137.03345,3.9110858,8.935369,7.602649,10.058271,1.2965016,0.27388507,-0.37580577,0.4658764,0.101908654,0.12220141,0.0800204,0.12793787,0.6993592,0.9000291,0.8005394,0.82898706,21.275,20.15639,19.67572,19.42474
242,2528737303200037606,0.9149399,1.0442944,0.69566536,0.8429718,0.33906364,0.92266655,0.38593102,0.70646286,1.8499287,0.91421616,0.86199117,1.607476,0.23809524,0.44444445,0.31460676,0.37288135,8.104628e-15,0.0,0.0,0.0,0.14644457,0.20567243,0.38215482,0.30761868,2.0683315,0.6078582,0.34758207,0.5222391,1.0368308e+08,2.1026574e+07,4.587803e+06,2.4379195e+06,0.000118420096,0.00047949972,0.0001745831,0.0005056915,2.3481846,-0.85187745,-0.20800662,-0.56550884,1.0349479,0.3413071,0.1926913,0.2840927,3407.4766,1975.6797,1204.9258,737.5,23.72139,22.47346,21.558842,21.0028,0.016127162,0.022760792,0.013349482,0.022644484,23.62091,22.377283,21.6215,20.957296,0.16002274,0.36681747,0.1533165,0.3484211,0.26190478,0.17777778,0.15730338,0.10169491,0.8010826,0.18228182,0.32687804,0.8095238,0.90119934,0.2528322,0.2733628,0.62222224,0.49683,0.17238536,0.15731514,0.3483146,0.82578087,0.21696489,0.30986696,0.62711865,1.3194141,1.1907997,0.8125038,1.153574,0.054958835,0.06458838,0.04325226,0.0680701,3.73079,20.20704,61.669872,82.85639,1.3049694,3.8433409,6.12373,7.713781,1.4315126,0.3507577,-0.39301357,0.66489637,0.3825587,0.5115137,0.28779936,0.4755976,0.66892344,0.8392028,0.8033016,0.8441211,23.625969,22.477964,21.547121,20.979013
243,2528737304426563791,0.8946657,0.710906,0.8611193,0.5166092,0.8406334,0.5721512,0.4126587,0.44309616,1.8157947,0.48276672,5.573336,1.0937167,0.36956522,0.36956522,0.13636364,0.43103448,0.0,0.0,0.0,2.9045655e-12,0.44231075,0.37076584,0.39491054,0.35954335,0.49499232,0.56938285,0.72063816,1.041454,1.8125924e+07,4.8001544e+07,1.5019737e+07,4.7036452e+07,0.0002725993,-0.0006420816,0.00014031121,2.299496e-05,-1.0103064,-0.6654179,4.572907,-1.1345227,0.34864026,0.30443633,0.37267032,0.5356384,2313.3555,2776.539,3411.6016,2326.211,23.269014,23.082722,22.395264,22.349203,0.020966882,0.017185848,0.013719986,0.012058034,23.336227,23.0702,22.23302,22.358932,0.45689774,0.31507015,0.09495449,0.2305088,0.06521739,0.2173913,0.4659091,0.13793103,0.8697529,0.0979517,0.28030348,0.45652175,0.6453228,0.22803092,0.24555688,0.5869565,0.5236969,0.073374316,0.27431628,0.6363636,0.46847725,0.1171274,0.14270793,0.4827586,1.0353546,0.84109306,1.5302544,0.5192871,0.06242264,0.056299284,0.038895104,0.03544724,14.748152,7.928128,5.3288574,2.8735335,4.1378,2.73432,1.8545686,1.627583,0.35811785,0.28956264,1.8253478,0.06155331,0.48787868,0.39669615,0.30726272,0.26948744,0.8378054,0.77917165,0.81242245,0.7997231,22.920752,22.746408,22.239103,22.194736
245,2528737315619152600,0.9151497,0.9652767,0.95644665,1.1035919,0.77355766,1.119606,0.5194359,0.94600105,2.4429743,2.0946717,1.4688073,1.380589,0.25581396,0.40425533,0.29761904,0.3272727,0.0,0.0,0.0,0.0,0.36165407,0.21103612,0.38491586,0.31926003,0.3536403,0.53187704,0.30826843,0.7060982,4.947737e+06,5.6154785e+06,4.5519445e+06,5.161887e+06,0.0005187498,0.0008742142,0.0003861246,0.00088777015,-0.30708122,-1.1525936,-0.031236887,-0.61260366,0.29039943,0.3330496,0.24486917,0.38293374,987.4922,1904.875,1820.5977,2317.8984,21.14738,20.900045,20.846964,20.428905,0.02283214,0.029606301,0.019678684,0.02984671,20.958805,20.687855,20.963198,20.286263,0.22328568,0.38274002,0.21092892,0.47610474,0.27906978,0.10638298,0.25,0.07272727,0.93343544,0.15396035,0.26329833,0.6744186,1.1923866,0.26804128,0.24856405,0.68085104,0.7615509,0.23816544,0.22487697,0.27380952,1.0687218,0.26302546,0.3850725,0.6181818,1.3383217,1.364872,1.1401138,1.5066986,0.075263575,0.084995344,0.06707256,0.09486412,454.40448,491.7031,467.2335,298.04453,14.428844,18.94069,16.492535,15.196009,0.8757561,0.5597657,-0.5566359,0.6456565,0.48283997,0.61877304,0.41024083,0.6097356,0.706951,0.832785,0.8123072,0.8645277,21.019054,20.848864,20.767582,20.254051
246,2528737315658078180,0.3310585,0.36582947,0.35626125,0.4133768,0.24910355,0.3983307,0.21707535,0.37433052,2.0423179,1.7200556,1.4604752,1.0028777,0.25581396,0.40425533,0.32142857,0.3272727,0.0,0.0,0.0,0.0,0.36668915,0.20226769,0.37682322,0.31643158,0.38318297,0.5106305,0.29058623,0.70640457,5.830612e+06,4.0562902e+06,4.0403352e+06,6.1799355e+06,7.820273e-05,0.00013543089,6.7845605e-05,0.00013138705,0.11801267,-1.1048985,-0.2599845,-0.79867053,0.3122486,0.32036468,0.20653698,0.37902093,376.07812,512.60156,659.25,759.03125,20.395657,19.971312,19.719645,19.500957,0.008883908,0.01166467,0.00824924,0.011489747,20.333752,19.900564,19.76316,19.461266,0.0956707,0.15233803,0.085370064,0.18355942,0.23255815,0.12765957,0.30952382,0.10909091,0.33830452,0.059727702,0.12353423,0.6744186,0.44870186,0.113756575,0.08912508,0.70212764,0.30202293,0.08989951,0.08701695,0.2857143,0.39895248,0.10801935,0.12323457,0.6363636,0.49896812,0.48820496,0.42609215,0.5249138,0.029822033,0.03423172,0.026833436,0.036243245,325.9861,421.20212,346.07666,296.3998,11.602443,18.67717,14.347827,14.261946,1.0242208,0.52146524,-0.53154653,0.49114543,0.18119314,0.23295876,0.16267209,0.22406107,0.72262925,0.8504677,0.79128414,0.8415237,20.398352,20.05189,19.737938,19.555088
251,2528737334408465664,0.25687885,0.21574116,0.20873737,0.77868557,0.14614487,0.2596264,0.1094265,0.21665001,1.3399345,1.3867394,1.0613275,3.1691096,0.3125,0.4047619,0.25274727,0.104166664,0.0,0.0,0.0,0.0,0.3191127,0.2660739,0.3868671,0.22625186,0.6578268,0.6619237,0.32370514,1.2416956,1.8219756e+07,7.6475615e+06,3.9845762e+06,3.739288e+07,2.8439776e-05,4.70869e-05,1.910051e-05,0.00015069966,0.05372238,-1.3950695,0.085143566,18.408115,0.46590772,0.41867864,0.17623976,0.63442916,423.42188,326.10156,398.58984,2580.2695,21.329895,20.135654,19.673384,19.365805,0.0056279725,0.006911346,0.004392343,0.012295183,21.301506,20.095211,19.696526,19.304607,0.06689453,0.10561371,0.054309845,0.10138893,0.29166666,0.0952381,0.1978022,0.39583334,0.21946716,0.05489396,0.07753427,0.6875,0.24862099,0.058841217,0.06442809,0.54761904,0.14684677,0.054661892,0.04642848,0.36263737,1.3250122,0.14337258,0.0,0.9791667,0.31005478,0.25048065,0.24157143,1.3586044,0.01987093,0.020276815,0.015028201,0.02377254,39.117558,136.20569,98.913246,211.3184,3.8992846,11.310618,8.0559635,12.1052065,0.72945714,0.14129777,-0.42680666,3.5976527,0.12004407,0.13916448,0.08641225,0.23810612,0.7131169,0.8778593,0.81790525,0.8348436,21.346865,20.184813,19.690681,19.404919
252,2528737334409895380,0.6755781,0.757782,0.765048,0.89332485,0.564476,0.92790604,0.42554665,0.7437401,3.952987,1.7473334,0.7638068,1.5949715,0.1875,0.47619048,0.25274727,0.3125,0.0,0.0,0.0,0.0,0.35723478,0.2840731,0.39144966,0.30117142,0.37312904,0.5978305,0.28300217,0.6436982,5.4137255e+06,5.4725275e+06,3.5196968e+06,4.340144e+06,0.00031333126,0.00057725527,0.00023848854,0.00063594,0.27519345,-1.3366151,-0.06732726,-0.40516424,0.2880539,0.37272966,0.15749183,0.36553589,895.4297,1049.0703,1394.1133,1044.3398,21.828009,20.866104,20.523138,19.994593,0.017923972,0.024062246,0.015463673,0.025239648,21.676199,20.666647,20.59466,19.866272,0.14697647,0.32417297,0.19340324,0.30066586,0.35416666,0.14285715,0.17582418,0.104166664,0.77884865,0.096296296,0.25912726,0.7083333,0.9434624,0.2173111,0.19356503,0.64285713,0.5278263,0.1927067,0.1743373,0.4065934,0.94597626,0.23712315,0.30887532,0.7083333,1.114954,1.0267048,0.820652,1.2379436,0.059607003,0.07051487,0.052024014,0.07914601,106.993774,480.15176,419.49463,503.45197,6.2550645,18.764854,16.611752,19.249077,1.2109163,0.40746313,-0.22348802,0.8016911,0.39124462,0.5020853,0.31736308,0.5046565,0.6605781,0.84582365,0.83304113,0.8615421,21.737646,20.811321,20.50261,19.951584
254,2528737340987367278,0.11868477,0.093170166,0.07457161,0.13938332,0.040512085,0.06288338,0.0463562,0.054849625,1.0788383,0.21785928,0.6984449,0.59345096,0.2631579,0.30612245,0.31460676,0.28301886,0.0,1.4621448e-05,4.3458792e-11,0.12692398,0.2089353,0.15769088,0.20486198,0.26808372,2.021694,2.2929537,1.6520196,1.4362171,1.4313747e+08,1.6569717e+08,2.5642778e+07,5.5524084e+07,2.7285546e-06,1.6298316e-06,1.1508087e-06,6.028538e-07,6.415116,-0.44231343,0.6084633,1.0120881,1.0204604,1.1482991,0.8261389,0.71988416,381.71094,670.14844,319.48438,331.5625,21.064518,20.792706,20.70883,20.718348,0.0020711015,0.0021910705,0.0014866913,0.0024870113,21.060963,20.797512,20.711987,20.720093,0.024858475,0.027788162,0.022802353,0.024766922,0.36842105,0.18367347,0.16853933,0.28301886,0.075761795,0.02170317,0.047179565,0.7631579,0.0727787,0.028166452,0.026479123,0.46938777,0.050266266,0.021634405,0.014477715,0.43820226,0.080480576,0.03453709,0.03463605,0.33962265,0.18174171,0.1030159,0.101940155,0.14119148,0.005642632,0.007644064,0.0044634677,0.008831481,4.771521,2.0901825,2.3079038,1.226291,1.5148317,1.2324127,1.2963506,0.9034183,1.8857893,-0.09346648,-0.70711136,-0.06935353,0.043626755,0.04555828,0.030787637,0.051526763,0.68631107,0.8460928,0.8480357,0.7887506,21.062092,20.795973,20.712547,20.729189
255,2528737341002804295,0.9455881,1.1012506,1.1324663,1.5620108,0.6211643,1.3204784,0.5930443,1.0143051,0.9475136,2.7873676,0.305398,2.8815918,0.23684211,0.36734694,0.31460676,0.22222222,0.0,0.0,0.0,0.0,0.32710972,0.20142628,0.346883,0.28468615,0.71678907,0.5421888,0.32985526,0.707077,1.1430573e+07,6.7760585e+06,5.446987e+06,4.805065e+06,0.0004010504,0.0009945842,0.0003949288,0.0013773302,1.3522048,-1.0707738,0.32617974,0.21657252,0.44557813,0.31280294,0.1883984,0.3817661,1323.3672,1881.7109,2402.6562,2133.1562,21.904495,21.973497,22.131248,21.896982,0.020215089,0.03176954,0.02013371,0.0378576,21.807552,21.669024,22.15143,21.562572,0.3251419,0.34295654,0.28360176,0.39830017,0.2631579,0.12244898,0.24719101,0.14814815,0.7551632,0.18972336,0.3551429,0.65789473,1.3607407,0.25542384,0.30020958,0.67346936,0.716465,0.24887323,0.28754374,0.40449437,1.7312851,0.37687615,0.48824194,0.7777778,1.4251747,1.6509056,1.2144566,2.529663,0.069776475,0.093107805,0.06383213,0.117533505,127.32561,94.70752,54.95985,26.328325,8.446053,8.078988,5.774511,4.4075685,1.1284822,0.67268944,0.12452006,1.1083254,0.4428013,0.6980879,0.44558415,0.82896715,0.7063492,0.83078563,0.80971557,0.8492831,21.714039,21.784899,22.003372,21.558
257,2528737355285296899,1.1185064,1.215025,1.1586351,1.4445696,0.48800278,1.0981236,0.67907333,1.1058807,1.6833234,0.9513849,0.6988634,2.0008168,0.23913044,0.40425533,0.34065935,0.28333333,0.0,0.0,0.0,0.0,0.2681921,0.21814987,0.36628753,0.2940796,0.98575175,0.7792321,0.5217886,0.7597368,5.586371e+07,4.045128e+07,7.95394e+06,9.711434e+06,0.000248079,0.0007009697,0.0003438088,0.00094801973,1.1744161,-0.9906852,-0.18323946,-0.3528254,0.6801107,0.48316947,0.26770428,0.40820956,3856.4297,4577.617,2741.711,3855.539,23.345007,23.070356,22.954906,22.714561,0.02053721,0.029096283,0.019737862,0.03450393,23.205345,22.958733,23.020142,22.41943,0.23337555,0.5106468,0.3295536,0.42565823,0.2173913,0.17021276,0.23076923,0.16666667,0.9365692,0.22277102,0.3626458,0.76086956,1.1834202,0.32330498,0.36349759,0.61702126,0.7743511,0.25191757,0.2593117,0.36263737,1.4336166,0.31978717,0.505188,0.6666667,1.6492653,1.5189877,1.242178,2.1110172,0.064267695,0.083630554,0.062288884,0.11149996,8.105493,11.926953,13.064199,6.243703,2.1127388,2.8238976,2.8800898,2.143171,1.1802205,0.40450758,-0.19377415,0.8207309,0.47944131,0.6712616,0.45308077,0.7837416,0.70677054,0.81134313,0.83012855,0.8428995,23.165762,22.942509,22.813103,22.392633
258,2528737355599203903,0.8494406,1.0527678,1.9358597,1.2092943,0.50416374,1.1321144,0.64793015,1.0655975,1.9688987,1.9563376,1.2537544,2.172305,0.25,0.40425533,0.2247191,0.2542373,0.0,0.0,0.0,0.0,0.24155931,0.22272727,0.33014476,0.29602784,0.84355134,0.6290134,0.68668795,0.5675606,1.0680667e+07,7.3727065e+06,2.347995e+06,2.2970938e+06,0.00040318383,0.0008193736,0.0005922338,0.0010239505,0.86150885,-1.071533,8.707069,-0.47219586,0.48617885,0.3621312,0.35346457,0.31614023,2140.457,1928.3398,1669.3242,1047.0078,21.90891,21.783955,21.818298,21.261808,0.020253344,0.028825099,0.024563821,0.032186702,21.792858,21.603731,21.843138,21.076807,0.216959,0.4262352,0.2956524,0.45620155,0.1875,0.14893617,0.3258427,0.10169491,0.8561859,0.19331364,0.3501408,0.75,1.2143097,0.2673716,0.2481226,0.68085104,0.80228806,0.23005281,0.43296745,0.3483146,1.2010632,0.24320586,0.46944174,0.6101695,1.2544556,1.4726276,2.8835125,1.7673969,0.072780795,0.08296417,0.070962995,0.099518865,136.31949,102.101204,106.107765,81.03669,8.385086,8.656516,8.244432,7.954556,1.2030014,0.57809794,1.6419977,0.79763985,0.4437287,0.6279246,0.53594077,0.68434745,0.69804955,0.8344053,0.82872766,0.86761874,21.752483,21.7327,21.661171,21.037302
259,2528737355689309123,0.72126484,0.2092495,2.4347544,1.7773323,0.071941376,0.0694561,0.12948227,0.13665009,9.167207,3.5477638,23.0402,13.952904,0.125,0.21276596,0.011235955,0.016666668,0.0,0.0,0.0,0.0,0.24081188,0.30353096,0.1305037,0.15110935,1.4825077,0.56865263,1.9124084,1.8652326,2.949135e+07,1.7265222e+07,86370.43,748036.3,0.00010547501,2.0292e-05,0.0005254899,0.0004712364,29.631603,1.8140533,83.79981,54.324516,0.7412925,0.28462514,0.95626557,0.9327098,2238.496,303.48828,259.46875,546.8008,21.110613,20.729788,20.569328,20.257265,0.010367791,0.004804441,0.024593664,0.021914488,21.0528,20.704708,20.511183,20.194622,0.033680916,0.03504753,0.065345764,0.06866169,0.875,0.25531915,0.98876405,0.93333334,1.35495,0.09933078,0.0,0.9791667,0.26395607,0.046571575,0.03115771,0.87234044,4.703537,0.08612792,0.0,0.98876405,3.3585243,0.096090764,0.0,0.98333335,1.3845348,0.30789375,4.708832,3.3651924,0.016793942,0.017571991,0.014019924,0.015181438,34.22299,32.6224,32.040615,16.432646,3.434419,3.4778755,4.7011013,3.5424187,5.0561094,1.4795221,9.023731,7.203779,0.21887042,0.09959504,0.5058752,0.4439276,0.6413037,0.6316102,0.810098,0.81756616,21.07881,20.745111,20.537071,20.234406
263,2528737374263829728,1.7370081,1.4015913,1.0582838,1.2769785,1.4373474,1.6363182,0.5004101,1.2957954,0.36812595,0.66790926,0.5512627,0.22425811,0.36842105,0.4375,0.36666667,0.41666666,0.0,2.0660434e-06,0.9988919,0.4861219,0.30916363,0.27924386,0.3304083,0.27905768,1.8433467,1.2700627,0.5913748,1.7757094,1.0324103e+09,1.2323023e+08,2.7426452e+07,1.6519586e+08,0.00090622663,-0.0007683825,-0.0018049413,-0.00052945403,-0.5618193,-1.3786576,0.10392761,-0.901582,0.9287378,0.63779706,0.30885783,1.0744226,13709.828,2196.9414,1697.5,1682.0547,24.439117,24.593914,24.83006,23.734156,0.039568085,0.039812386,0.021367842,0.03327837,24.331623,24.874413,24.875776,23.59458,0.7146797,0.77762604,0.26521206,0.7380161,0.05263158,0.0,0.26666668,0.25,1.6442204,0.4508474,0.5240139,0.5263158,1.7450142,0.48457497,0.35034752,0.4375,1.0476265,0.26244533,0.33303663,0.2,1.3260822,0.43005657,0.39482924,0.5833333,2.199253,1.887085,1.376667,1.4947529,0.12433077,0.11028999,0.06699174,0.10495932,7.94045,3.641528,0.3829526,0.9544704,4.333722,1.8739294,0.45467374,0.9238218,0.28746247,-0.3906166,-0.55558586,0.14836308,0.96700907,0.97914237,0.5305648,0.78983396,0.9024091,0.83386475,0.7610052,0.89753544,23.3088,23.714375,24.662754,23.167503
265,2528737376552566917,1.5993338,1.2103376,1.0775328,1.0771523,0.8685131,1.397501,0.67453194,1.10042,0.3190607,0.33333895,0.3829442,0.65282935,0.25,0.42105263,0.2826087,0.25,2.3149592e-07,0.044718586,9.778473e-05,0.9765535,0.29537684,0.30451927,0.16009295,0.38319317,1.5130066,0.9728958,1.5079973,1.0110915,7.3339944e+07,7.992605e+07,4.1995852e+07,1.0988652e+08,-0.00047916538,-0.0012839405,-0.00068975554,-0.0013348896,0.8516469,-1.2180667,0.23569632,-1.0052702,0.76342165,0.5283646,0.7860813,0.7253563,2878.2031,1888.4531,2196.3516,1735.2188,24.695892,24.50056,24.472895,24.092398,0.027027009,0.032780122,0.019876942,0.026644716,24.747425,24.382093,24.491325,23.877483,0.44065666,0.60258865,0.33726597,0.39226723,0.15625,0.10526316,0.23913044,0.1875,1.0275631,0.4832256,0.3646306,0.46875,1.3634338,0.38731763,0.42641953,0.5263158,0.7609081,0.3184402,0.2950722,0.4347826,1.1777725,0.25521177,0.28042796,0.625,1.7246323,1.3839417,1.2427254,1.4483261,0.09097134,0.097625494,0.07115622,0.0820494,2.8384469,1.6283382,1.981181,0.41203377,1.1488351,1.2413434,0.9816911,0.5551669,-0.44198686,0.14212981,-0.3206674,0.48555827,0.6674561,0.8031314,0.48644632,0.6419351,0.69521314,0.8471145,0.7408238,0.8390378,24.55361,23.909666,23.976152,23.88337
267,2528737377059712145,2.014288,1.3497782,1.1112385,1.2224541,1.372427,1.9349632,0.70188904,0.92056274,0.6865617,1.067403,0.5504753,0.6984693,0.25925925,0.33333334,0.34210527,0.21428572,0.0,0.0017185527,0.0,0.051246922,0.34963456,0.3301136,0.21943453,0.2423628,1.1191403,1.3329216,1.2530416,0.959181,3.546627e+08,2.4451624e+07,5.344692e+07,1.06602824e+08,0.0005709033,-0.00082664174,-0.0005045886,-0.0013284916,0.7731452,-1.9157355,0.26868296,0.15872455,0.6044251,0.82339895,0.63809353,0.8350588,10045.6875,1058.6484,2504.2969,1529.4609,24.4488,24.519768,24.347578,24.147472,0.035702363,0.04160532,0.022285331,0.031456523,24.656998,24.146265,24.400505,24.444849,0.61092377,1.0130177,0.341712,0.4011793,0.25925925,0.13333334,0.18421052,0.21428572,1.549942,0.56152964,0.41113132,0.33333334,1.8872337,0.38389033,0.2006445,0.53333336,0.93372154,0.38963503,0.28739873,0.31578946,1.3118134,0.58646613,0.27242568,0.35714287,2.6249447,1.6642361,1.4457932,1.8329353,0.09673462,0.10874075,0.076550715,0.09754925,46.43296,2.4671597,4.8180857,1.7134492,7.2000203,2.3059478,1.6650356,1.0068153,-0.76613575,-0.023365311,-0.7373268,-1.0087833,0.8728799,1.0201528,0.54259384,0.7595955,0.82503617,0.83334106,0.8086393,0.82093257,22.176683,23.251507,23.611397,23.592838
269,2528737387503716445,1.6164894,1.4147568,1.3165188,1.0241184,0.9649544,1.3124886,0.6283493,1.2658615,0.37078288,0.81044286,0.60842425,0.5080874,0.33333334,0.25,0.25,0.33333334,0.00046870558,0.00015413923,0.39611447,0.8386282,0.18670861,0.38040715,0.21412261,0.40537798,2.0861804,1.0088922,1.5463487,0.5903711,1.1340893e+08,1.9686246e+08,4.9797544e+07,2.7550352e+07,-0.0005023879,-0.00016401436,-0.0009817221,-0.0027633887,0.17790937,-1.0249171,1.4534922,-1.1447856,1.106348,0.6762683,0.9143774,0.32478756,3940.5625,4598.7188,2656.0703,1681.8242,24.7702,24.175314,24.584389,23.58829,0.029461162,0.032568227,0.02261512,0.029702835,24.752869,24.01563,24.698254,23.576738,0.5241909,0.6383066,0.2879324,0.6378727,0.33333334,0.15,0.2,0.2,1.1819553,0.52303576,0.32191354,0.6666667,1.4272423,0.33578432,0.32960004,0.6,0.89783096,0.43761283,0.27515805,0.375,1.2781067,0.35297942,0.2765728,0.6666667,1.6684036,1.7104988,1.8980274,1.1884212,0.09766188,0.10079622,0.07208666,0.08571523,2.1020048,2.6063328,1.043205,0.63432205,1.0686353,1.42746,0.7351233,0.79666275,-0.2810398,0.3363055,-0.91000986,0.41531444,0.7297589,0.78734714,0.5559789,0.70063907,0.7711999,0.82712847,0.75559986,0.7884852,24.365,23.877895,24.223436,23.17312
271,2528737401785681568,1.7794037,1.7296953,1.2763109,1.1740055,0.8187523,1.6018925,0.8248329,0.9008217,0.34609407,0.37276074,0.30044726,0.3307898,0.25,0.33333334,0.30769232,0.3548387,0.3051564,7.810419e-13,0.18090777,0.6081228,0.1957975,0.36596498,0.3242734,0.25085694,1.7689147,1.4817268,1.2220829,1.0240233,1.838015e+08,1.04830344e+08,3.6978292e+07,4.3384336e+07,-0.0001862588,0.00010409533,-0.00064603693,-0.0006795601,1.7041659,-0.16667199,0.06308222,-0.65473914,0.99340665,0.78699994,0.66154504,0.53964835,5461.3125,2980.914,4288.547,2447.6992,24.84981,24.564962,24.506144,23.646791,0.027593855,0.039474785,0.023971602,0.026046757,24.779686,24.638817,24.527714,23.549149,0.4662361,0.80094624,0.41427517,0.37196922,0.21428572,0.22222222,0.15384616,0.22580644,1.0389671,0.46736547,0.42817086,0.5714286,1.768919,0.5531631,0.53711677,0.2777778,0.93488693,0.39210495,0.31407937,0.48076922,1.0437775,0.34875637,0.327324,0.61290324,1.8437157,2.245432,1.5470066,1.3088837,0.08062553,0.12720273,0.07757023,0.08507269,1.1185908,5.581521,1.1771843,0.9095927,0.92036384,1.5137717,0.9068364,0.76017195,-0.1910189,-0.63777053,-0.39900833,0.14619353,0.685702,0.96969664,0.5874515,0.6159222,0.81634384,0.75580364,0.7888072,0.7711974,24.516386,23.71357,24.197176,23.366566
273,2528737407583899179,1.1475077,1.496005,1.4114542,1.1681309,0.7802067,1.1965809,0.9887676,0.50323486,0.6963111,0.14771055,0.20773111,0.46573374,0.2,0.25,0.36585367,0.3,0.9391717,0.0004411563,0.027834887,0.76155764,0.25990877,0.24085407,0.3273282,0.29425678,1.124791,1.0645896,0.95811516,0.9437104,1.2828992e+08,4.8146084e+07,4.198974e+07,4.5994748e+07,-0.0012543794,0.00021017462,-0.00063543214,-0.0014878737,2.9145997,-0.5398538,-0.43374968,0.50726295,0.7037379,0.74647534,0.5667986,0.4859319,1891.668,2389.2148,3737.0469,1634.1641,25.00444,24.143633,24.461388,23.680565,0.021753341,0.033192083,0.027930778,0.023637008,24.93356,24.115194,24.52587,23.67086,0.3519678,0.6196823,0.44629288,0.19727325,0.2,0.083333336,0.19512194,0.2,0.8377323,0.44161284,0.15701418,0.55,1.3055382,0.4167132,0.4893384,0.5,1.1437035,0.3795382,0.41049558,0.36585367,0.9400406,0.40901878,0.27243388,0.75,1.5573635,1.6274948,1.6562614,1.1866322,0.06838173,0.114105985,0.09007561,0.08498408,0.5532524,2.2784545,1.4701388,0.756449,0.60981387,1.233881,1.0669377,0.6004505,-1.2757772,0.16575336,-0.20967516,-0.19211277,0.5439301,0.8013775,0.6832256,0.5597377,0.7972059,0.7969503,0.8512621,0.68750423,24.791437,24.132011,23.948055,23.509571
274,2528737408758547291,0.9239149,0.91904926,1.2722359,1.3448296,0.6306553,0.9691982,0.70335007,1.2046776,0.32313582,0.3746129,0.7138096,0.3425702,0.36,0.46153846,0.3043478,0.33333334,0.9999062,0.6479805,0.038522556,0.032136068,0.21848892,0.3858333,0.24961844,0.38609934,2.019431,1.1491983,0.79041207,0.8358737,2.7888957e+08,1.2917472e+08,2.8262746e+07,9.6492344e+07,-0.001350519,-0.00060075306,-0.00065227656,-0.0006090105,0.10912347,-1.3236017,0.07363582,-0.6455257,1.0878899,0.67213225,0.4618577,0.41935754,2621.6406,1629.2773,2229.4297,2496.2578,25.115232,24.35735,24.453503,23.604809,0.018407037,0.025111346,0.024255218,0.033624675,25.051634,24.250042,24.50372,23.603758,0.33934593,0.5396595,0.35167503,0.6070881,0.2,0.07692308,0.2826087,0.14285715,0.74056053,0.32367566,0.19722313,0.56,1.0666866,0.27085865,0.273163,0.53846157,1.0766068,0.3727317,0.34911665,0.26086956,1.2738514,0.55494404,0.3290965,0.5714286,1.0892258,1.1189861,1.3343639,1.4498215,0.059756648,0.07355903,0.0805239,0.1066047,0.2575073,0.802885,1.4023845,1.6596191,0.43121794,0.87292975,0.81995416,1.1447873,-0.51656747,0.14598638,-0.5122795,-0.37094223,0.46229702,0.6116458,0.59312505,0.79370403,0.8197186,0.904187,0.77468604,0.8782315,24.9527,24.507198,24.06265,22.831387
275,2528737409079105990,2.1328306,2.5292158,2.3186388,2.746892,1.5031815,3.4188213,1.703743,2.6176682,1.6994258,2.3308802,1.0307919,0.93434197,0.3265306,0.42222223,0.29069766,0.39285713,0.0,0.0,0.0,0.0,0.3296715,0.21999645,0.4218613,0.3113146,0.49417573,0.42175704,0.30667117,0.7678084,4.9507975e+06,2.6719965e+06,3.7972235e+06,2.517491e+07,0.0028154964,0.008210306,0.0031730935,0.0068613803,0.12362456,-1.3504705,-0.6656282,-0.9547684,0.35583928,0.29253972,0.22754246,0.4264574,1706.2969,3085.75,4656.043,14850.711,19.436148,19.493917,19.786024,18.88507,0.05306406,0.09061706,0.056334563,0.082841076,19.139439,18.836922,20.046738,18.572247,0.55583,1.0802345,0.78216934,1.2030745,0.2244898,0.11111111,0.069767445,0.10714286,1.9774113,0.43967956,0.64351994,0.71428573,3.4757118,0.7943393,0.3782864,0.6888889,1.9072247,0.66407484,0.5082222,0.44186047,2.7117615,0.6895813,0.9094455,0.5714286,3.0182247,3.556656,2.6709461,3.4406414,0.17925896,0.25872663,0.1811024,0.2566458,18536.314,44181.023,29951.938,29922.832,124.87732,194.64389,201.808,222.96532,0.93258536,0.47582197,-0.3485945,0.40455946,1.0313609,1.7664815,1.114637,1.5644596,0.85377955,0.7886629,0.8819207,0.86313987,18.85103,18.009903,18.534266,17.396496
276,2528737409184901151,0.2557125,2.5767217,2.2524476,2.462267,0.01468277,3.9071903,2.9683266,1.2569342,13.539754,6.1198325,3.3615355,11.3152485,0.05882353,0.26666668,0.49411765,0.18181819,0.0,0.0,0.0,0.0,0.11137584,0.23329993,0.42030638,0.20349488,2.149571,0.441531,0.22366613,0.8943275,1.27776776e+08,5.8818135e+06,1.9607106e+06,1.4206199e+07,2.4593051e-05,0.011836731,0.0075917128,0.009447051,22.726433,-1.1144481,-1.3804199,0.9262812,1.0758988,0.28346533,0.14681624,0.52750766,1026.2227,5375.3945,3575.5508,8592.477,16.549717,17.023912,17.087875,16.009811,0.0049596047,0.10879697,0.08713056,0.09719612,16.53149,15.640796,17.27648,15.16535,0.0073184967,0.029623032,1.337841,0.007862091,0.9019608,0.5777778,0.105882354,0.72727275,0.32024956,0.010835134,0.14450054,0.9411765,3.7585373,0.5215714,0.70905966,0.6888889,2.6930294,0.45161676,0.7625822,0.43529412,3.4916363,0.35782105,1.0000322,0.7818182,0.4844551,5.1238203,2.5081177,4.897053,0.013434808,0.2898915,0.24368495,0.2952862,4751.494,347057.03,746537.06,203221.62,23.32317,399.53058,1217.7516,234.95868,4.607488,0.821031,0.08006177,1.5692542,0.08208005,1.8521501,1.4888762,1.5560915,0.4362535,0.8154082,0.9578749,0.64198065,16.546774,15.839303,15.795083,15.24461
277,2528737409219993543,1.4587984,2.0981693,1.9007177,2.2819595,0.8290882,3.0554104,1.7018623,1.9801178,2.4696965,3.188188,0.7588368,1.8803072,0.21568628,0.4,0.3529412,0.3090909,0.0,0.0,0.0,0.0,0.33301172,0.21626282,0.41732186,0.30016047,0.48443732,0.4088029,0.23218717,0.68413204,4.3589275e+06,2.7110738e+06,2.724423e+06,6.262465e+06,0.0015935102,0.007001851,0.0031532845,0.0054995585,1.1567192,-1.2588451,-0.97723913,-0.48153353,0.33768252,0.28362092,0.16822232,0.4010764,1373.7891,3349.5898,3540.3281,4675.7266,18.12039,18.093334,18.234081,17.435188,0.039919056,0.08367756,0.056154512,0.07415948,17.937372,17.387531,18.354622,17.051174,0.36457825,0.8376694,0.8049545,0.80054665,0.23529412,0.2,0.14117648,0.14545454,1.4872513,0.3196471,0.55620754,0.78431374,3.0336876,0.56328374,0.4453594,0.6888889,1.7890854,0.47190917,0.5657233,0.3882353,2.4918365,0.6295551,0.7112911,0.72727275,2.1605034,3.2021713,2.007597,3.2929783,0.14100753,0.23425391,0.17873892,0.2345209,64814.305,132538.7,160413.06,117260.54,203.39096,331.0419,438.94885,367.4986,1.3146181,0.63352597,-0.13825391,0.7888512,0.72334886,1.514006,1.0239259,1.2929845,0.7744784,0.852432,0.89724153,0.8905293,17.87708,17.121258,17.330988,16.557188
279,2528737415918009657,0.97171116,0.8767834,0.5408125,0.8723564,0.5876465,0.53209114,0.33277512,0.5063057,1.5358311,0.2949766,0.34171984,0.29773843,0.28,0.3043478,0.33695653,0.3448276,0.0,0.0,0.0,3.3640287e-08,0.41392213,0.22995476,0.384367,0.22561441,0.43921456,1.2363452,0.681757,1.2739664,2.3734222e+07,9.481306e+07,1.1263167e+07,6.1976308e+07,0.00025807423,1.2443149e-05,7.946299e-05,8.401441e-05,0.23777533,0.20708251,-0.48371768,-0.319031,0.39384046,0.6915674,0.3472186,0.6557749,2720.4062,4507.1406,1995.4141,4177.508,23.1886,23.218655,22.757828,22.699564,0.019672627,0.01626629,0.010727908,0.016484434,23.014324,23.219955,22.779705,22.663239,0.2806244,0.26433945,0.16981125,0.2560482,0.12,0.17391305,0.16304348,0.20689656,0.7756748,0.1553368,0.33113348,0.58,0.6113243,0.23424853,0.2038319,0.5,0.40670776,0.122585796,0.15057355,0.4021739,0.61634064,0.22082096,0.20586911,0.5689655,1.4874039,1.1013966,0.54504204,0.92681694,0.06240375,0.051204607,0.034378435,0.053763386,13.751887,4.3646703,4.264567,2.35846,2.7958152,1.6722589,1.7414939,1.2339875,0.895869,-0.2958019,0.04173263,-0.011358011,0.4561807,0.37768137,0.24414389,0.37418947,0.76335245,0.77939296,0.845135,0.79658705,23.039988,23.121069,22.746052,22.704176
282,2528737424109387135,1.5889606,1.9618196,1.1928577,1.0201283,0.91350746,1.7116909,0.6777344,0.91446114,0.3902066,0.65293545,0.7464108,0.28187755,0.1724138,0.33333334,0.24444444,0.375,0.11760172,0.0,0.9893813,0.95612985,0.26766285,0.29747334,0.26208252,0.31379414,1.1411681,0.9583332,1.2433745,0.92373806,1.8148749e+08,3.4377898e+08,3.0836642e+07,4.1411228e+07,-0.00038142895,0.00013405494,-0.0012247895,-0.0017021267,0.77753615,-0.2660041,0.97427344,-0.9679518,0.63508916,0.5044924,0.66977346,0.48137617,4987.133,8822.047,2794.25,1612.0352,24.97828,24.388021,24.733206,23.873667,0.026100766,0.04148332,0.0222338,0.024901712,25.035719,24.557722,24.730804,23.796234,0.4556465,0.86607933,0.3182621,0.49706936,0.06896552,0.0952381,0.15555556,0.16666667,1.0354748,0.4289528,0.35303733,0.4827586,1.7502308,0.5903648,0.41867688,0.42857143,0.84158516,0.4386,0.3029482,0.4,1.0173302,0.31400377,0.29994318,0.5833333,1.6947479,2.5844574,1.4389629,1.1907864,0.08430635,0.12258671,0.08833829,0.077564664,1.3234758,9.597088,0.5748474,0.5566591,1.0675943,1.9521564,0.55558354,0.6262869,-0.26155138,-0.55832386,-0.7507819,0.18057121,0.6519522,1.0116961,0.5499131,0.5944952,0.8192039,0.7230768,0.74521476,0.81945,24.689968,23.231087,24.515543,23.613033
288,2528737443384741342,1.9056187,2.3448124,1.9076347,2.690321,1.203064,2.396286,1.1295261,2.1689281,1.8620045,1.4196011,1.0624677,0.9396453,0.2244898,0.41304347,0.3,0.35,0.0,0.0,0.0,0.0,0.31604904,0.20569256,0.40497956,0.33570838,0.63889724,0.47231576,0.3527809,0.5510783,6.992967e+06,9.1208e+06,4.461271e+06,5.337324e+06,0.0019043733,0.004480905,0.0014437707,0.004167369,0.69813156,-1.022083,-0.2647884,-0.89515114,0.40135914,0.30424207,0.19063286,0.29796427,1824.8594,3907.9062,3762.8438,4987.965,21.817358,21.618702,21.830719,21.195452,0.04375614,0.06713887,0.038120586,0.064875685,21.496183,21.15455,21.941788,20.93884,0.50956917,0.9160185,0.5812111,1.05655,0.2244898,0.1521739,0.13333334,0.11666667,1.8138065,0.414301,0.72543734,0.7346939,2.7910938,0.6976639,0.5437683,0.6956522,1.3985653,0.5493532,0.3960001,0.41111112,2.3982658,0.603657,0.7691998,0.56666666,2.9429588,3.250412,2.0701275,3.435604,0.14743991,0.20643125,0.12694119,0.19480373,358.93002,943.1049,535.2351,393.02283,17.058426,25.172113,20.45514,23.443224,1.1485336,0.5105084,-0.5165002,0.3779846,0.9546433,1.4514554,0.8321998,1.3750695,0.828238,0.7755622,0.85203147,0.8634714,21.243484,20.452505,21.059826,19.92945
289,2528737443397985447,2.1061296,1.3321285,1.2110329,1.7983017,0.7951832,1.6350307,0.67832756,1.3107376,3.7544208,2.7304704,0.5175129,2.2053037,0.12244898,0.36956522,0.25555557,0.28333333,0.0,0.0,0.0,0.0,0.26430652,0.21987695,0.38101268,0.29751322,0.9764049,0.4616752,0.30106878,0.63705593,1.7079218e+07,6.855792e+06,4.024724e+06,3.1253055e+06,0.0015650447,0.0020930863,0.00072710525,0.002403175,6.5365267,-1.170223,-0.10793662,-0.28939176,0.52662504,0.29994413,0.17383713,0.35875168,6091.5625,2909.375,2149.8984,2756.2812,20.293247,19.82633,19.836292,19.407377,0.039573275,0.045754913,0.026969105,0.04902971,19.980099,19.416946,19.9021,19.123678,0.25990295,0.50913143,0.31721115,0.5981293,0.48979592,0.17391305,0.15555556,0.15,1.9635849,0.39449254,0.90761524,0.877551,1.8057537,0.36668003,0.291766,0.6956522,0.8674755,0.32256305,0.31261814,0.43333334,1.6480999,0.32293704,0.6806734,0.6,3.7895412,2.03228,1.2347412,2.7059097,0.10886726,0.13126901,0.09288728,0.14979751,2699.8376,5559.4966,4693.733,3094.398,38.175945,62.104443,55.398838,53.986507,2.2541015,0.63664305,-0.078305356,0.8487653,0.80307025,0.907152,0.53496706,0.9515381,0.71273196,0.8334427,0.8218505,0.89353836,19.948605,19.518003,19.63412,18.905745
290,2528737443483008923,1.8107986,1.3425474,1.213336,1.6502008,0.54361725,1.5512276,0.82971764,1.2031784,4.823446,2.2383096,0.27070764,1.7301985,0.12244898,0.41304347,0.32222223,0.31666666,0.0,0.0,0.0,0.0,0.26771137,0.20169102,0.38795647,0.30793008,1.0305302,0.49955055,0.28629047,0.5817393,2.0555076e+07,6.96555e+06,3.0676088e+06,3.9204712e+06,0.0012879933,0.0018408593,0.0008727084,0.002034386,5.42227,-1.1572442,-0.57488704,-0.5044732,0.5656746,0.3064301,0.15555194,0.32754165,5829.1562,3035.5625,2215.0938,2785.8594,20.257189,19.78153,19.812208,19.422312,0.035896927,0.042909615,0.029545508,0.045111533,20.00895,19.494184,19.835619,19.218431,0.21680641,0.47765446,0.40326405,0.5929756,0.42857143,0.10869565,0.17777778,0.1,1.9043694,0.30744505,0.6806026,0.877551,1.6791286,0.3648532,0.2536266,0.6956522,0.9722309,0.31639647,0.3479693,0.41111112,1.5395164,0.3478702,0.57683647,0.6166667,3.207365,1.9319458,1.2432995,2.315714,0.1052621,0.1213282,0.09601794,0.1387746,2201.2446,5736.6333,5163.9976,3028.6013,33.688755,63.33381,61.77806,52.685596,2.2250206,0.5704705,-0.06729808,0.72289133,0.7271708,0.8488178,0.5853618,0.8761703,0.69679385,0.82551605,0.85527974,0.87031937,19.984125,19.530428,19.562315,18.995087
291,2528737443495354555,2.6696339,0.026143074,0.017893791,0.032616615,0.016422272,0.022621155,0.011522293,0.018978119,17.550076,0.69655114,0.21970515,0.9505359,0.040816326,0.3043478,0.33333334,0.28333333,0.0,0.0,0.0,0.0,0.15157308,0.29420364,0.18735814,0.26960263,2.0814435,1.0882634,1.8926632,0.7601448,5.4069904e+07,7.51184e+07,3.4456456e+07,2.4825058e+07,0.0018532204,4.9011226e-07,1.8946622e-07,6.2797045e-07,33.904243,-0.80708957,-0.62113476,0.46513772,1.0407231,0.5564002,0.9550206,0.38485497,10905.82,73.17578,110.99219,118.609375,19.17188,18.247673,17.949661,17.819347,0.043070395,0.00073868764,0.00045985504,0.000825269,19.006273,18.244804,17.949299,17.81698,0.008337021,0.009329796,0.00571537,0.009677887,0.93877554,0.08695652,0.12222222,0.18333334,3.8318138,0.060747292,2.095691,0.9591837,0.02299881,0.005677107,0.008266233,0.54347825,0.013515472,0.0046950667,0.004736703,0.51111114,0.024686813,0.006843287,0.010988403,0.6333333,5.322897,0.031801224,0.017978668,0.04641533,0.027513053,0.0023571088,0.0014841771,0.002746855,1139.42,17.619907,10.674947,19.185589,8.551851,3.7142608,2.6877143,3.3867953,5.6912937,0.39791644,0.019230783,0.8657814,0.82574046,0.013479331,0.008254242,0.014705755,0.28179827,0.8178812,0.81775457,0.7763656,19.018036,18.25253,17.95028,17.823633
292,2528737443518844048,1.4741373,1.9251814,3.0968142,2.2475586,1.1935291,2.386469,1.1140385,1.845068,3.7557075,2.695684,0.7145443,1.8401388,0.25531915,0.36956522,0.24175824,0.33333334,0.0,0.0,0.0,0.0,0.35425964,0.23986048,0.37244725,0.30588982,0.47344896,0.4158639,0.6693614,0.5994533,3.2026472e+06,3.8600495e+06,3.5057698e+06,3.1427252e+06,0.0015717328,0.003858243,0.0018043222,0.0037744578,0.32742882,-1.0079546,5.2499814,-0.55876565,0.31367144,0.28492022,0.35149363,0.34183264,1305.6953,2444.75,4158.4316,3615.4375,20.74389,20.554373,20.78193,20.06782,0.039668977,0.062137462,0.04326902,0.061468665,20.393463,19.995152,20.869026,19.739634,0.23140526,0.66348934,0.5700836,0.8452215,0.29787233,0.19565217,0.2747253,0.13333334,1.628788,0.20393893,0.5363603,0.70212764,2.5423794,0.48859495,0.48470202,0.6956522,1.3613815,0.4737929,0.6733206,0.47252747,2.159008,0.45588252,0.81771225,0.6,2.4464436,2.9863052,4.331642,3.1978035,0.13336734,0.18353783,0.1286132,0.19464459,1221.7258,2714.1797,2589.0322,1503.675,27.71281,42.553978,45.762413,43.953156,1.1930904,0.7108761,1.0876195,0.7195378,0.8228889,1.2771965,0.8992138,1.2335421,0.77026343,0.7944464,0.82742673,0.8795553,20.292307,19.858652,20.14562,19.198965
293,2528737443520792975,2.7333488,0.697731,0.7324066,1.005806,0.35651398,0.8894119,0.42226982,0.69431686,8.25843,2.6952953,0.36706772,2.5907862,0.0625,0.41304347,0.2777778,0.26666668,0.0,0.0,0.0,0.0,0.23053895,0.21381502,0.3796511,0.28787434,1.6060222,0.51816463,0.29018146,0.61387956,3.425322e+07,9.066156e+06,3.299679e+06,3.019557e+06,0.0016898355,0.0006127158,0.00028331333,0.00082403823,33.364635,-1.2275199,-0.046242476,-0.14608622,0.816344,0.31322473,0.16695367,0.35403046,8940.613,1653.3359,1196.0938,1485.6055,19.697817,19.036335,18.916754,18.632362,0.041130923,0.024755456,0.016833588,0.028708493,19.475117,18.81361,18.944366,18.468706,0.13151455,0.25773335,0.21167278,0.32826614,0.75,0.19565217,0.18888889,0.15,5.156761,0.3234644,0.0,0.9791667,0.94039726,0.1938628,0.12881824,0.6956522,0.5151386,0.17432295,0.20027092,0.43333334,0.9295387,0.15855949,0.3933844,0.6,5.272028,1.0776825,0.81430817,1.5370007,0.063902795,0.07043386,0.058687087,0.08860591,2858.0735,6656.0176,5049.5625,5514.689,33.37555,72.53406,58.565605,61.733418,5.4088054,0.5974747,0.1328914,0.93368727,0.81018937,0.47125316,0.31843686,0.53490704,0.6637329,0.86634135,0.8333559,0.8524136,19.52936,19.072168,18.887613,18.545189
294,2528737443540637059,3.1495838,2.0787497,1.9639139,2.1674318,1.3947029,2.3879414,1.2330112,1.9374466,3.595798,2.2995138,0.58941853,1.3983784,0.125,0.4347826,0.31111112,0.35,0.0,0.0,0.0,0.0,0.3433025,0.22917353,0.41459143,0.3238985,0.7877333,0.4495956,0.2347722,0.53951496,1.1773871e+07,7.710731e+06,3.0122312e+06,3.7129948e+06,0.003043509,0.0039900034,0.0017158879,0.003813784,6.319023,-1.1492462,-0.48350024,-0.9029155,0.44238585,0.2927388,0.13931909,0.29491583,6513.9883,3463.25,3723.043,3886.9922,21.227226,20.877932,21.188574,20.471247,0.05560716,0.06320591,0.041466214,0.061818436,20.73475,20.413416,21.386654,20.298502,0.34972668,0.81952953,0.6337204,0.9526987,0.4375,0.13043478,0.17777778,0.06666667,2.1069584,0.3208114,1.1788684,0.7083333,2.6038895,0.5681915,0.4224324,0.6956522,1.4771881,0.52872974,0.42848912,0.45555556,2.2181072,0.5568007,0.745684,0.6,5.60009,3.0501633,2.2728672,2.6425552,0.14621358,0.1806809,0.13078405,0.18895309,682.7907,2013.2953,1650.803,937.5907,23.602524,37.493965,39.386566,38.675755,2.150725,0.597456,-0.2788377,0.5048177,1.1803857,1.3196087,0.87860996,1.2655004,0.7980475,0.7891866,0.83778334,0.876476,20.57345,20.082426,20.399097,19.469559
295,2528737443570686032,1.5934305,1.9965305,1.6548738,2.1936827,0.84978867,2.2530518,1.1762791,1.6918678,3.021111,2.029216,0.5761704,1.2514954,0.19148937,0.41304347,0.32222223,0.31666666,0.0,0.0,0.0,0.0,0.33998537,0.22450025,0.41217706,0.3197256,0.53381026,0.4916528,0.25137702,0.545941,8.644908e+06,8.403227e+06,3.0912245e+06,4.4698675e+06,0.0013801323,0.0036928228,0.0015976963,0.0034070408,1.7695868,-1.0641241,-0.6987586,-0.6521528,0.36544967,0.30530825,0.1449006,0.3146403,2111.621,4455.164,3464.3633,3848.418,20.938602,20.698853,20.914473,20.296352,0.03718162,0.06079524,0.039996006,0.058412842,20.672752,20.293015,21.014553,20.062191,0.31908607,0.70745754,0.6144037,0.8557787,0.34042552,0.17391305,0.07777778,0.1,1.6643105,0.34301656,0.6492318,0.80851066,2.4800777,0.538452,0.4268453,0.6956522,1.4037209,0.50548357,0.3982724,0.47777778,2.0590763,0.47694275,0.7462117,0.5833333,2.5312843,2.8385086,1.8869629,2.8598843,0.13048449,0.18285842,0.12984514,0.18523352,753.13666,2503.658,2065.3318,1156.5416,23.12559,41.76202,43.764027,37.85937,1.5189825,0.59640545,-0.26559624,0.5864827,0.77853113,1.2583917,0.8364954,1.1855676,0.7835487,0.8045023,0.85196465,0.87225527,20.564196,19.981321,20.25874,19.428005
296,2528737445204734070,1.9431715,2.043931,2.184907,2.3144531,1.078886,2.0061054,1.2921505,1.9755001,0.89483565,0.5978499,0.7329554,0.46817827,0.35,0.3846154,0.3026316,0.36956522,0.0,0.0,0.0,0.0,0.25029275,0.19237724,0.38802022,0.35678074,0.97428316,0.862465,0.5732544,0.66679657,2.1341374e+07,2.6192354e+07,1.2995819e+07,1.7183312e+07,0.0011984891,0.0024247847,0.0010242459,0.001198756,1.9642935,-0.97575593,0.10933399,-0.8943658,0.53470916,0.5662161,0.29712337,0.34310567,2329.543,4293.7656,5994.164,4824.3203,23.391153,23.08444,23.869873,22.505825,0.037888095,0.0516134,0.03897103,0.054844394,23.316145,22.981289,23.910751,22.33921,0.56401825,1.0299454,0.6779852,0.947052,0.25,0.07692308,0.14473684,0.1521739,1.5760651,0.47790864,0.7730485,0.75,2.045475,0.54293025,0.6906101,0.5641026,1.5035343,0.6589754,0.41966343,0.47368422,2.144577,0.67531866,0.5868359,0.6086956,2.818182,2.4041843,2.6285343,2.5009727,0.12642437,0.16270158,0.11915768,0.17172559,26.592543,51.207893,20.338476,35.028538,4.8751974,6.349485,3.5616915,6.055921,1.1659033,0.3520847,-0.6134046,0.13499682,0.88624626,1.1914665,0.93023354,1.2343184,0.87678635,0.76794106,0.78399557,0.84864813,22.794287,21.985165,22.781727,21.10205
298,2528737467500757587,0.30148125,0.9236307,0.31045914,0.36552238,0.24324417,0.37732506,0.15503693,0.27944183,2.1015952,2.1055284,1.0508523,0.7381589,0.34,0.104166664,0.26373628,0.39215687,0.0,0.0,0.0,0.0,0.32435635,0.20419191,0.34480822,0.32385114,0.76173764,0.876798,0.6712955,0.6238411,2.27897e+07,4.3678204e+07,1.2406556e+07,5.7045335e+06,4.6464673e-05,0.00020890926,3.510357e-05,9.537051e-05,-0.6300359,14.369382,0.7272587,-0.93741107,0.5149273,0.65191084,0.3650285,0.33699968,754.33594,3377.289,1493.8047,584.1133,21.710695,20.292099,19.754204,19.390099,0.007290875,0.014510423,0.005942844,0.009789826,21.654547,20.248047,19.776571,19.37931,0.083911896,0.16872215,0.07078934,0.15535355,0.28,0.3125,0.2967033,0.09803922,0.3039112,0.06150032,0.08083148,0.68,1.5534554,0.19291294,0.0,0.9791667,0.200243,0.08080481,0.06385635,0.32967034,0.3195896,0.0903417,0.11262555,0.5294118,0.39382553,1.5651436,0.38341713,0.4072647,0.022666259,0.028467733,0.019930426,0.028959563,30.869886,173.22939,176.44135,270.28198,3.552183,12.046535,10.310019,14.156288,0.7109108,2.9668148,-0.6071889,0.28083545,0.15828997,0.29444695,0.117396146,0.1898257,0.7296973,0.8690322,0.78665614,0.8407451,21.713491,20.345219,19.765646,19.456867
302,2528737475215988704,0.759923,0.8340664,0.5575495,0.6658726,0.27511978,0.56189346,0.3171463,0.55870056,1.4145068,0.35775766,0.5987818,0.35448807,0.25,0.36363637,0.32967034,0.3846154,0.0,0.0,0.0,0.0,0.27965552,0.2234355,0.365547,0.3424505,0.8060886,1.3602024,0.5523532,0.7905698,2.9271214e+07,5.8055556e+07,8.961632e+06,1.5319402e+07,6.98654e-05,0.00021150999,9.798927e-05,0.0002310297,1.3775539,-0.5873096,-0.3154955,-0.8655541,0.6756974,0.70391536,0.30910334,0.4360306,1160.9766,2898.0703,1425.6094,923.6836,23.384695,22.897383,22.235027,21.927471,0.0128380405,0.017558847,0.010486153,0.01642711,23.335106,22.898659,22.260927,21.898266,0.11510563,0.2740755,0.1667347,0.29046345,0.25,0.09090909,0.21978022,0.13461539,0.6676998,0.18558177,0.17924207,0.8541667,0.67129135,0.21984044,0.21590157,0.5,0.40567207,0.13029566,0.13146909,0.34065935,0.60351944,0.19319916,0.19563924,0.5192308,0.9547577,0.871191,0.6079769,0.71720886,0.043982025,0.05711536,0.03181781,0.053400673,6.134092,7.218215,11.50034,10.197116,1.5883223,2.2799506,2.6883287,2.6504385,0.7892924,0.017853977,-0.33178893,0.07132276,0.30021366,0.40205163,0.2331599,0.360205,0.65477496,0.81605023,0.8011394,0.82197875,23.368183,22.944515,22.239288,21.985327
309,2528737522613528905,1.3568983,1.4562559,1.3576832,1.5789099,0.800724,1.598032,0.72270393,1.2312717,2.98987,1.7146597,0.8723929,1.1567918,0.2173913,0.39130434,0.29545453,0.32,0.0,0.0,0.0,0.0,0.33737442,0.2247831,0.38559797,0.32969466,0.52376044,0.5511673,0.39061782,0.835821,1.1735386e+07,1.1344217e+07,4.9757755e+06,8.768725e+06,0.00078884297,0.0015161092,0.0005641733,0.0014342017,0.74814343,-0.97618675,-0.024651766,-0.43978214,0.4166321,0.34011954,0.21544291,0.45104674,2669.1953,3611.125,2934.3398,3204.1992,22.372099,22.182022,22.2667,21.73278,0.02863362,0.03925967,0.024046462,0.038244788,22.069511,21.96138,22.362083,21.547415,0.22433186,0.51367474,0.3371315,0.59938526,0.41304347,0.1521739,0.20454545,0.08,1.2182522,0.18934116,0.47236747,0.6956522,1.7126007,0.4210833,0.30281544,0.7173913,0.92087746,0.33908087,0.2823757,0.35227272,1.4629612,0.37428084,0.53426737,0.64,2.1817417,1.992136,1.5247574,2.2232437,0.087059215,0.11989721,0.07923852,0.12022217,68.475426,93.63196,72.166565,47.373844,5.652799,7.7887206,6.73973,6.4747663,1.235802,0.584034,-0.47201538,0.6918349,0.6405942,0.87085885,0.5354354,0.8311656,0.6891513,0.8034508,0.822467,0.88275886,22.084332,21.89634,22.041332,21.365276
313,2528737534565141976,0.98672867,1.2973137,1.312377,1.4328909,0.53206635,1.2741051,0.7011452,0.83151245,4.339466,0.7940214,0.18221009,2.1419604,0.21568628,0.45,0.29347825,0.20833333,0.0,0.0,0.0,4.21311e-09,0.2877189,0.25794446,0.33403143,0.25260103,1.0685132,0.8215521,0.7376055,1.0805522,2.456069e+07,3.4774668e+07,1.1766099e+07,1.1852834e+07,-0.00027572137,0.0006028789,0.0003358374,0.0006263939,0.71385455,-1.1408541,-0.0037407875,0.97862387,0.5956356,0.48260292,0.37395668,0.55967283,2835.3945,2924.4219,4346.586,2303.1953,23.40126,23.570496,23.624557,22.997324,0.023069331,0.0305843,0.02290365,0.030880079,23.167242,23.360565,23.615564,22.717953,0.15765572,0.5872507,0.34704304,0.34631252,0.33333334,0.125,0.17391305,0.29166666,1.1748161,0.19827501,0.3363332,0.78431374,1.2522774,0.30376482,0.39293423,0.525,0.85848236,0.32600933,0.33066308,0.51086956,1.4441948,0.34896803,0.54626936,0.7916667,1.5964336,1.6158524,1.3576565,2.2563763,0.07664519,0.09108602,0.07818505,0.100964,6.9557714,6.6818542,4.830231,2.6743915,1.7296245,2.2122197,1.7710881,1.359064,1.3521782,0.21786307,0.033077177,1.2409006,0.5398514,0.7208871,0.5410886,0.7101592,0.632705,0.8382289,0.80741006,0.8401373,23.146854,23.302128,23.412846,22.75949
314,2528737536805763528,1.712079,2.2674866,1.9933739,2.3785305,1.4550667,2.653288,1.3274517,2.0219097,3.3108747,1.869028,0.75203717,1.0035758,0.26086956,0.4347826,0.35164836,0.3508772,0.0,0.0,0.0,0.0,0.36472324,0.22699673,0.41683415,0.3402889,0.43699312,0.5164107,0.26190352,0.61272347,5.701888e+06,6.0048455e+06,3.483372e+06,5.320051e+06,0.0017806058,0.0045805485,0.0018303695,0.0036838802,0.28709435,-1.1811256,-0.55417275,-0.87637234,0.2812211,0.32995147,0.14307415,0.34436852,2188.7266,2935.539,3804.8125,4659.3086,21.467653,21.33761,21.61531,20.79715,0.042293075,0.067783244,0.042869873,0.06081033,21.1302,20.917103,21.763153,20.536491,0.31672096,0.91572285,0.73625755,0.98607635,0.3043478,0.13043478,0.08791209,0.0877193,1.8267365,0.26512748,0.5571719,0.7173913,2.8295345,0.66797304,0.42322657,0.6956522,1.5642948,0.5709085,0.4313707,0.45054945,2.2393646,0.57039225,0.675284,0.5964912,2.6035557,3.104,2.3402004,3.0111465,0.14518812,0.19696887,0.13528794,0.18712105,372.11557,1434.7955,887.36096,575.53406,17.379364,31.68067,29.17391,27.649347,1.1513126,0.50643134,-0.37524307,0.41872704,0.9079331,1.4463325,0.92664564,1.2646816,0.80445087,0.7726798,0.8453703,0.885309,20.958357,20.297504,20.726768,19.714115
315,2528737536825358147,1.2033691,1.5302982,1.2632675,1.7828493,0.5264263,1.8554745,0.8303547,1.3607025,2.7154996,2.1654987,0.5438926,1.7651019,0.19565217,0.42553192,0.2857143,0.28070176,0.0,0.0,0.0,0.0,0.3290673,0.18998864,0.39142218,0.3159842,0.6326922,0.75443983,0.35024926,0.6396887,7.007087e+06,2.5053484e+07,3.881859e+06,3.7139312e+06,0.0008642001,0.0024126472,0.0008719976,0.0023605642,2.0345573,-1.2514133,-0.3891213,-0.4296012,0.41893718,0.43865097,0.19286668,0.37118608,1324.0195,5541.4688,2490.1719,3008.3633,20.28508,20.013653,19.99799,19.505417,0.029405987,0.04914156,0.029534727,0.048595004,20.115776,19.735561,20.07505,19.241362,0.25865936,0.6572094,0.39645576,0.6667118,0.23913044,0.12765957,0.15384616,0.15789473,1.2193794,0.23632553,0.5185963,0.7826087,1.9221268,0.42415595,0.29101583,0.68085104,0.9724064,0.37183562,0.31005722,0.43956044,1.6798592,0.35864365,0.6102028,0.61403507,1.9080677,2.1051617,1.3674736,2.5635624,0.10603643,0.13867214,0.099822536,0.15563597,2052.0605,5225.9272,4738.758,2684.7788,34.7627,59.957367,57.41665,50.566982,1.5526893,0.4971718,-0.27533305,0.74363285,0.5965028,0.9835021,0.5906352,0.9478658,0.73212904,0.82466644,0.8270977,0.87179863,20.049707,19.611807,19.714273,18.979895
316,2528737536855740772,0.7976122,1.0480566,1.024704,1.2659464,0.6144085,1.2710247,0.6148777,0.9032135,4.0981526,2.8551164,0.3579055,2.4825714,0.19565217,0.40425533,0.2857143,0.21052632,0.0,0.0,0.0,0.0,0.3632099,0.21660475,0.3903203,0.29353854,0.4653065,0.5723094,0.24036767,0.6772328,5.4011525e+06,1.336882e+07,2.8632988e+06,3.6211502e+06,0.0004782255,0.0012610849,0.0004968862,0.0012448994,0.7040796,-1.0148547,-0.14419723,0.20862603,0.30758417,0.3493628,0.14226879,0.3790784,936.6133,2576.7227,1519.0547,2060.414,19.738104,19.267527,19.189064,18.77143,0.021872997,0.035514455,0.022292787,0.035285875,19.543385,18.972273,19.249863,18.574518,0.123488426,0.3511486,0.2843628,0.38183403,0.41304347,0.10638298,0.20879121,0.10526316,0.8406372,0.090073034,0.31055588,0.6956522,1.3417511,0.24842088,0.29757333,0.68085104,0.70796776,0.21938513,0.2680277,0.3956044,1.191124,0.27403063,0.49952543,0.68421054,1.3415813,1.65559,1.0771332,1.9506016,0.07285786,0.10321391,0.075946406,0.1101057,3403.4414,8093.6436,6666.964,5345.468,36.999813,75.60227,68.47379,63.435303,1.3149309,0.717063,0.086340696,1.0397675,0.4317315,0.68427575,0.42777774,0.6623663,0.67237955,0.8520488,0.8484887,0.85980344,19.591728,19.13826,19.096197,18.573795
317,2528737536859310618,0.2715435,0.5690117,0.27802563,0.012181282,0.009208679,0.010465622,0.010976791,0.008377075,15.057593,16.335,25.85784,0.4140527,0.02173913,0.021276595,0.010989011,0.40350878,0.0,0.0,0.0,2.7873193e-10,0.14365709,0.1421882,0.10252313,0.17571649,2.093891,2.0530481,2.0548325,2.0116892,8.8792856e+07,1.2805013e+08,1.9151586e+07,7.992938e+07,1.6952052e-05,8.11894e-05,1.0224029e-05,5.3054784e-08,45.21499,46.199417,86.88482,-0.51046944,1.0470533,1.0266773,1.0274389,1.0167359,1083.5078,2306.1875,1106.2734,61.460938,18.9553,18.191782,17.87234,17.735666,0.004124585,0.009013951,0.0032007042,0.00031967097,18.943499,18.166977,17.865423,17.734955,0.0050201416,0.005296707,0.0052547455,0.0045776367,0.9782609,0.9574468,0.978022,0.24561404,0.5281315,0.0070793475,0.0,0.9782609,1.1196766,0.014843945,0.0,0.9787234,0.53962135,0.008557691,0.0,0.989011,0.009738922,0.0030775229,0.0032478033,0.6315789,0.52845,1.120657,0.54060745,0.014453888,0.0014102107,0.0022727158,0.0014960562,0.0010396609,179.21753,149.18564,226.00972,2.6481624,3.3248792,4.284873,4.1724687,1.2957333,6.6974735,6.7725716,9.222023,0.36086684,0.07818274,0.16397983,0.05720407,0.0056695775,0.27185372,0.37279093,0.28826132,0.78890014,18.948076,18.173235,17.868607,17.734777
318,2528737536876526302,1.5384369,1.9013128,1.6814795,1.9847164,1.0921726,2.2027836,1.1484623,1.655735,3.1909618,2.2754238,0.5950016,1.435014,0.19565217,0.42553192,0.35164836,0.31578946,0.0,0.0,0.0,0.0,0.35749698,0.21876408,0.41261548,0.32487565,0.48190284,0.48427352,0.25179553,0.6016855,7.199107e+06,5.4766445e+06,2.9701858e+06,4.478971e+06,0.001437265,0.0034425075,0.0015235635,0.0031381377,1.0846491,-1.0884385,-0.6237023,-0.6447015,0.31638965,0.3025945,0.14193876,0.3429194,1541.4688,3503.25,3327.9492,3842.4805,20.793287,20.529043,20.75548,20.050154,0.037935928,0.058691546,0.039051358,0.056046873,20.494255,20.126902,20.870916,19.7418,0.29470825,0.6741638,0.648716,0.79434204,0.3043478,0.12765957,0.10989011,0.10526316,1.4892197,0.20919186,0.62292415,0.6956522,2.3966236,0.5150926,0.37512928,0.70212764,1.3690491,0.47932762,0.4112464,0.42857143,1.986166,0.46718445,0.6902844,0.61403507,2.4532833,2.7342873,1.9550095,2.6645222,0.13110211,0.17595787,0.12369412,0.18180747,982.37463,3068.8274,2682.0283,1429.7233,26.652126,45.29377,48.377148,39.93886,1.3601711,0.61148024,-0.301643,0.6304737,0.78881264,1.2048813,0.81052965,1.1237484,0.7811464,0.8024049,0.84820795,0.86713237,20.381584,19.898026,20.122929,19.273285
319,2528737536902694828,1.12292,1.4520693,1.356473,1.6511135,0.8913517,1.606863,0.9421482,1.2696209,4.352772,2.6629963,0.4327959,2.097502,0.19565217,0.3617021,0.30769232,0.24561404,0.0,0.0,0.0,0.0,0.3700338,0.22215752,0.4041026,0.30154133,0.38986903,0.5038653,0.24149145,0.6576943,3.783612e+06,7.411313e+06,3.0053705e+06,3.818141e+06,0.0009384464,0.0022415973,0.0009477249,0.002140532,0.6230786,-0.90940046,-0.49847865,-0.08891368,0.27739465,0.31531584,0.14025778,0.36824706,1114.6992,2271.6406,1999.7734,2789.0625,20.087126,19.734583,19.777853,19.232529,0.030641725,0.047350023,0.030788872,0.04627163,19.809397,19.335747,19.8561,18.99167,0.15118694,0.4805069,0.4421425,0.543911,0.41304347,0.10638298,0.15384616,0.07017544,1.2368221,0.14191654,0.4220161,0.7173913,1.8121452,0.3428106,0.4617597,0.68085104,1.0202179,0.3314177,0.34307095,0.42857143,1.5555134,0.3324339,0.6476828,0.6315789,1.8789768,2.2787495,1.3772621,2.4458694,0.10067506,0.13970082,0.10139299,0.14624642,2677.6968,5814.649,6176.679,3603.3286,34.86755,64.91612,68.192345,57.978176,1.3198156,0.7505603,-0.06496221,0.91731584,0.6155042,0.934433,0.6089378,0.8899204,0.664582,0.84606487,0.86109185,0.8847959,19.806923,19.399595,19.503319,18.79549
320,2528737536957067877,1.0063934,1.1535378,1.1078081,1.5728722,0.51457214,1.5004711,0.6858387,1.129036,2.9811711,2.63365,0.44279453,2.1250262,0.2173913,0.38297874,0.2857143,0.28070176,0.0,0.0,0.0,0.0,0.33851478,0.20746474,0.38811246,0.3034299,0.5829018,0.49892798,0.4046078,0.65452343,5.45172e+06,7.962929e+06,4.6028345e+06,3.5423048e+06,0.00066032336,0.0016275705,0.00064890686,0.0017854595,1.7749553,-1.1549044,-0.21670961,-0.10432649,0.38602376,0.3136425,0.22371134,0.37935027,820.6367,2850.9062,2024.1055,2417.9297,19.985338,19.585352,19.573565,19.113667,0.02570249,0.040346496,0.025476675,0.042259384,19.816824,19.271957,19.611647,18.843563,0.21436882,0.42759895,0.30903244,0.49199295,0.26086956,0.08510638,0.18681319,0.15789473,1.0684395,0.19788538,0.41755825,0.7826087,1.5833187,0.326373,0.2273992,0.70212764,0.82593536,0.28514925,0.29918462,0.3846154,1.4227543,0.27154765,0.5641782,0.61403507,1.6352901,1.6679077,1.1190853,2.3985386,0.092052504,0.11600381,0.089479625,0.13494298,2948.3955,6594.1387,5662.193,3975.9597,37.717014,68.443054,60.916904,57.048573,1.5190902,0.61509943,-0.09988399,0.8928338,0.51367295,0.7902003,0.49866936,0.8077318,0.6846075,0.81893116,0.83198005,0.87043595,19.808788,19.38366,19.414038,18.767324
321,2528737536975970270,1.9203625,2.7434692,1.9793892,2.9315844,1.2139721,2.9713058,1.3026848,2.1373672,1.9556421,1.357519,1.0232191,0.8595692,0.2826087,0.4347826,0.2967033,0.31578946,0.0,0.0,0.0,0.0,0.3432823,0.1825215,0.4117984,0.33499104,0.5628131,0.6074247,0.34828407,0.67382467,1.1963725e+07,1.1529793e+07,3.882804e+06,6.1212845e+06,0.0017878041,0.004525424,0.0018214873,0.004405707,0.8550067,-0.720742,-0.39485312,-0.6291859,0.39744407,0.37075907,0.18667932,0.3751911,1995.2422,7191.367,4487.711,5416.2383,22.069016,21.797157,22.227037,21.396908,0.04256763,0.06778291,0.042993944,0.066987954,21.753132,21.437218,22.434044,21.155172,0.43109894,0.9357109,0.6720028,1.1174431,0.26086956,0.19565217,0.10989011,0.12280702,1.7701664,0.3695256,0.71417725,0.7173913,2.8026142,0.71121234,0.6824198,0.6956522,1.6094627,0.6222131,0.42477608,0.43956044,2.4844208,0.61952543,0.85982543,0.57894737,2.9577885,3.8635864,2.498516,3.8261585,0.15030602,0.20521705,0.14759019,0.20701674,179.48741,738.51935,358.57367,278.03998,11.776239,22.52228,18.629423,20.223608,1.1795467,0.5746113,-0.51293886,0.49041468,0.93942565,1.4774747,0.955628,1.4333351,0.82682747,0.77756596,0.86080897,0.8632397,21.535315,20.661358,21.237877,20.052246
322,2528737543104806861,1.670744,1.2261486,1.1939888,1.1551905,1.2440262,0.7431526,0.40799904,1.1606216,0.2580079,0.57669413,1.3165972,0.5084065,0.30769232,0.25,0.25,0.31578946,0.8291439,0.23273923,0.18082653,0.47385415,0.38365704,0.335212,0.22880077,0.35816383,1.1294744,1.2264938,1.7508856,0.88231564,2.107222e+08,8.442634e+07,3.6820772e+07,1.0620092e+08,-0.002678797,-0.00013994708,-0.0017160529,-0.00016328886,0.153193,0.5322418,2.8031502,-1.1719975,0.6224117,0.96551263,1.2572565,0.44184586,2083.836,1125.832,656.9258,2110.5898,25.169294,23.85109,24.481707,23.465233,0.035339274,0.029838571,0.0273437,0.029378092,25.0608,23.681812,24.693672,23.199194,0.48745918,0.31998634,0.15348911,0.5550976,0.15384616,0.16666667,0.5,0.15789473,1.428772,0.56579256,0.442218,0.53846157,1.5614357,0.40325534,0.21073695,0.8333333,1.5736752,0.47981188,0.25204006,0.16666667,1.228384,0.30130208,0.30646816,0.57894737,1.7138042,1.6194859,1.8626385,1.4551411,0.123404786,0.10030428,0.09290519,0.09074107,0.61776716,1.2731452,1.3669655,0.9847623,0.62759656,0.901782,0.7993015,0.86399233,-0.25718436,0.96555465,-1.7391851,0.24655966,0.88946456,0.71168244,0.6694204,0.6893638,0.78992033,0.77035564,0.7686494,0.82776946,24.820889,23.736998,24.194574,23.098732
326,2528737572932328279,2.208252,2.4580278,2.3826332,2.6271067,1.4245739,2.4511795,1.266779,2.3495693,2.0671844,1.2419529,1.2184439,1.14852,0.26415095,0.3902439,0.3043478,0.3653846,0.0,0.0,0.0,0.0,0.33038056,0.28459033,0.40332285,0.34093386,0.4148173,0.597473,0.3542953,0.5513584,6.5665675e+06,9.250355e+06,3.692306e+06,6.298755e+06,0.002416737,0.004590976,0.0021378365,0.005394747,0.829849,-1.2580783,-0.07810879,-0.9219048,0.3630814,0.376608,0.2230495,0.31322652,3309.8398,3515.3438,4449.7305,4781.8203,21.666416,21.278032,20.917093,20.010014,0.049477853,0.06783395,0.046262678,0.07348271,21.37102,20.788565,21.081654,19.69196,0.6048794,1.1461678,0.5978422,1.1397829,0.24528302,0.12195122,0.13043478,0.15384616,1.9634666,0.41804144,0.8328745,0.6981132,2.6888275,0.6737648,0.4790559,0.63414633,1.609438,0.6677502,0.42612115,0.4347826,2.6428337,0.63425756,0.7890638,0.61538464,3.221775,3.1847897,2.8996391,3.2959843,0.16126162,0.20922655,0.15022738,0.22972004,432.56775,3247.3699,4023.2788,3661.5774,18.162016,44.025013,57.069702,70.13929,1.1500355,0.27545688,-0.5935821,0.47748223,1.0720078,1.443373,0.96768075,1.47039,0.8242505,0.7679034,0.8352169,0.8707634,21.135302,19.840197,19.932398,18.703253
327,2528737572970080202,1.2176323,1.0099468,3.2866898,1.2828255,0.50911903,1.1607456,0.5909729,0.97385216,3.7864182,1.6164174,4.387222,2.5714555,0.13207547,0.4390244,0.12903225,0.25,0.0,0.0,0.0,0.0,0.30736995,0.27941477,0.2624596,0.3049633,0.55525506,0.6102851,1.3956496,0.5470465,8.586842e+06,1.3991557e+07,1.0676065e+07,5.603897e+06,0.0006952062,0.0012047563,0.0015822969,0.0017171273,3.6859524,-1.3403124,34.101303,-0.34235525,0.34913805,0.3614211,0.7041155,0.3200964,1349.3906,2629.711,11042.945,2612.8984,19.544785,18.667036,18.205477,17.634233,0.026369758,0.034710303,0.03982103,0.041438587,19.384466,18.48763,18.165388,17.312714,0.19110298,0.50367546,0.3033409,0.36154175,0.3207547,0.12195122,0.53763443,0.17307693,1.457674,0.27835,0.37059358,0.9056604,1.2242355,0.2704362,0.22490986,0.63414633,5.49815,0.45024624,0.0,0.9892473,1.3584824,0.2657055,0.48192582,0.6730769,2.068674,1.2965355,5.4791183,2.0102901,0.089602694,0.103937104,0.083471105,0.13033104,4834.853,27352.234,31556.174,42042.023,47.546413,140.09357,146.22112,172.76016,1.8972651,0.3773834,4.5768385,0.91959274,0.51539123,0.6479385,0.7249608,0.73073775,0.70122933,0.84160227,0.82140887,0.8662362,19.430132,18.540207,18.050562,17.415028
328,2528737572982115178,2.3588924,0.011888504,2.032155,0.028590202,0.009643555,0.008081436,0.007505417,0.008098602,19.66618,0.4446922,34.48669,1.7532755,0.03773585,0.29268292,0.021505376,0.17307693,0.0,0.0,0.0,0.0,0.13249716,0.3041549,0.10033543,0.1262143,2.0495827,1.4205688,1.9862918,1.7136948,9.623897e+07,8.3969736e+07,1.5356679e+07,5.0414224e+07,0.0012190694,8.926262e-08,0.0006526051,2.3531511e-07,49.347263,-0.036354065,85.003136,14.021936,1.0247926,0.72605973,1.0147555,0.8766629,9625.016,35.0625,8298.473,85.33984,18.73739,17.373339,16.792225,16.449871,0.03491774,0.00032073853,0.02554666,0.0004944029,18.632074,17.374409,16.738287,16.44983,0.005170822,0.004047394,0.0037326813,0.0043439865,0.9622642,0.09756097,0.97849464,0.34615386,4.68285,0.12078811,0.0,0.9811321,0.009342194,0.0035406437,0.0024590946,0.46341464,4.0464535,0.08974287,0.0,0.9892473,0.043424606,0.0,0.0055206814,0.01923077,4.69981,0.015867233,4.056883,0.042547226,0.0014434042,0.0010621137,0.0013680987,0.0011574074,701.3186,8.242406,1525.6039,27.424088,6.7179346,2.459504,9.036389,3.4682608,6.9482665,-0.5044564,9.096328,-2.7429745,0.6542673,0.005572299,0.42898527,0.008132864,0.27280807,0.8450051,0.25545135,0.65594107,18.63943,17.374495,16.742266,16.449942
329,2528737573538595519,1.6228523,1.2279606,1.7268143,1.7603683,1.0731907,1.569437,1.2446632,1.0751076,0.20033652,1.1130339,0.47413984,0.24622072,0.31578946,0.29411766,0.30555555,0.36363637,0.7142952,0.00020236037,0.0,0.0,0.28295165,0.40878233,0.33551154,0.32046783,1.1041994,0.8653754,0.5634366,1.2899177,9.754806e+07,5.670079e+07,2.6444496e+07,8.9725976e+07,-0.0014139187,0.0002765919,0.00015237405,0.0005617955,-0.4022243,-1.7033927,-0.1713028,-0.14602351,0.59718347,0.50826925,0.3958192,0.657166,3178.6719,1767.4453,3842.4766,3404.2578,25.109627,24.2526,24.315931,23.107481,0.036426138,0.036317665,0.037976995,0.036141574,25.220015,23.979696,24.411871,23.125864,0.6339359,0.6236572,0.6190071,0.5322418,0.05263158,0.11764706,0.1388889,0.15151516,1.4805145,0.5725056,0.5110765,0.42105263,1.6514091,0.29480454,0.25860304,0.5882353,1.5331402,0.62351793,0.4379816,0.41666666,1.3523636,0.53386307,0.44489914,0.45454547,1.7991753,1.5735874,2.1797905,1.9592133,0.12433713,0.09826525,0.1311456,0.12738757,0.79029053,2.7454321,4.658961,6.668171,0.8367253,1.4903152,1.8149917,2.1672728,-0.26570067,0.30422744,-0.5956479,-0.30929238,0.91464674,0.8807978,0.923446,0.83514076,0.8451155,0.7755503,0.80201834,0.8289224,24.71385,23.604296,23.451653,22.090727
330,2528737573664799741,2.4778643,2.8939238,2.6904993,3.061078,1.6235027,2.836504,1.4926643,2.8452568,3.0557027,1.3242261,0.565828,1.3752576,0.34,0.3783784,0.32258064,0.37254903,0.0,0.0,0.0,0.0,0.2965885,0.26610157,0.40609553,0.33745947,0.37298614,0.73574823,0.40363705,0.601666,9.444869e+06,1.8496634e+07,4.8246465e+06,4.4242865e+06,0.0031042772,0.005725036,0.002599861,0.007596804,-0.016387701,-0.9002757,-0.023521662,-1.054832,0.24509184,0.45604995,0.23640794,0.32317674,4077.4922,5684.5625,5548.168,2869.4844,22.391346,22.074606,22.111828,20.957241,0.05707954,0.07768537,0.051351212,0.08768573,21.982079,21.528646,22.307808,20.646648,0.49103546,0.9901562,0.7432442,1.4830532,0.36,0.13513513,0.16129032,0.11764706,2.6307411,0.46302032,0.6919801,0.74,3.3329277,0.7919205,0.65765494,0.7027027,1.8744373,0.73613816,0.5669355,0.4408602,3.3631916,0.85768324,0.8933604,0.64705884,3.5769634,4.0176525,3.1967506,3.6952553,0.18030636,0.24444905,0.16288683,0.26385906,175.32147,980.3701,919.87,1217.7782,11.29441,25.464622,27.277542,50.41515,1.028633,0.58893156,-0.43135402,0.46325096,1.2780877,1.714874,1.1354692,1.8376509,0.83555406,0.7302092,0.79351294,0.8282633,21.658358,20.375889,20.627304,19.132948
331,2528737573692212412,2.467185,1.6215267,1.5179844,1.9971523,1.1166248,1.9483719,1.0501747,1.5340996,4.4658275,2.1500726,0.32932273,2.6234822,0.11320755,0.34146342,0.31182796,0.25,0.0,0.0,0.0,0.0,0.32425886,0.30557513,0.4018023,0.30057865,0.5152743,0.4819569,0.30468357,0.573749,1.506347e+07,5.8144445e+06,3.2846805e+06,5.64368e+06,0.002065884,0.0031494596,0.0013261077,0.0037158283,6.8926544,-1.3137549,-0.5173571,-0.2414782,0.31430253,0.31184626,0.18445237,0.3218803,4890.7734,2546.3203,2505.625,3351.9297,20.04045,19.353884,18.944283,18.211952,0.045462664,0.056121852,0.036416706,0.060958695,19.649237,18.903307,19.02372,17.780983,0.24281502,0.59259987,0.48933792,0.56867313,0.509434,0.09756097,0.12903225,0.09615385,1.6191673,0.20363928,0.90876347,0.6981132,2.0634727,0.39456704,0.44695798,0.63414633,1.1462975,0.40352517,0.37004256,0.4516129,2.0989666,0.42005685,0.72480786,0.6923077,4.504017,2.3822746,1.6063881,3.1331615,0.12670237,0.16253065,0.1191168,0.18632832,3735.6094,19050.684,30889.064,27057.38,43.339565,121.53977,153.01843,157.4811,2.2368662,0.5164675,-0.16530858,0.955237,0.9110922,1.0861758,0.68988836,1.1101768,0.7025423,0.84973526,0.8516533,0.8876324,19.649538,18.782248,18.590078,17.618542
332,2528737573702867564,1.4427948,1.6680632,1.7102032,2.0015879,0.91238594,2.0990314,1.0958004,1.6461086,3.1576061,2.0084422,0.42193386,1.9050326,0.23076923,0.41463414,0.3655914,0.34615386,0.0,0.0,0.0,0.0,0.32153693,0.2913205,0.4041816,0.31698492,0.53169614,0.5420609,0.30762717,0.5351544,6.781545e+06,8.651889e+06,2.988668e+06,5.230403e+06,0.001301271,0.0033242726,0.0016596366,0.00376996,1.4337587,-1.4276164,-0.603142,-0.59742117,0.3717895,0.3394211,0.19426,0.30878025,1793.8281,3674.7422,3063.7734,3519.4922,20.243858,19.741814,19.334373,18.583414,0.03608295,0.05765995,0.040740315,0.061401866,19.997496,19.2808,19.382687,18.133217,0.30499172,0.71603775,0.55827904,0.6967478,0.32692307,0.12195122,0.13978495,0.13461539,1.3692932,0.23449206,0.6106693,0.71153843,2.1801891,0.44155398,0.35277003,0.63414633,1.301672,0.4820367,0.4130416,0.4516129,2.0814247,0.45282957,0.7132141,0.65384614,2.291626,2.2838516,1.8664532,2.930046,0.1354617,0.17102708,0.12823744,0.18952811,2224.99,13811.731,22859.86,18684.045,36.771347,97.09877,134.73195,128.19003,1.4141474,0.39496037,-0.24863529,0.7583945,0.7304581,1.138312,0.78768843,1.1410563,0.75814205,0.8164176,0.8580909,0.86705184,19.96176,19.031914,18.837574,17.903278
334,2528737578694725501,1.3086929,1.6334124,3.2042513,1.9470587,1.0315952,2.0117035,1.0541706,1.5849495,3.8575752,2.185349,1.9577955,2.5279062,0.21153846,0.36585367,0.19148937,0.23076923,0.0,0.0,0.0,0.0,0.33500552,0.30490652,0.33180067,0.30343717,0.45132035,0.48787487,1.1276706,0.5773683,3.50832e+06,6.0958525e+06,8.66082e+06,4.660662e+06,0.0012255908,0.0033126594,0.0024627342,0.0037899413,0.47352958,-1.3464557,8.561675,-0.3572111,0.31731293,0.31603828,0.58081543,0.32471222,1403.0625,2920.5703,9587.828,3336.082,20.023275,19.421173,19.078308,18.260242,0.03501568,0.05755779,0.04971184,0.061563652,19.712269,18.95766,19.1133,17.852303,0.21816349,0.638834,0.46162224,0.603982,0.34615386,0.09756097,0.29787233,0.07692308,1.3591938,0.1736752,0.48657435,0.6923077,2.1274815,0.40625182,0.44743592,0.63414633,1.3067799,0.42660493,0.8610543,0.4787234,2.1246948,0.44072175,0.7140608,0.6923077,2.1955585,2.3451748,4.7255898,2.9812813,0.11789135,0.16556874,0.13416335,0.18944366,3485.939,18007.25,28252.955,26040.955,42.265995,117.33325,148.50722,158.5621,1.2174523,0.50181866,1.9823518,0.9111737,0.7011286,1.1178398,0.9484178,1.1241672,0.70895094,0.84090227,0.8464949,0.88916004,19.712275,18.793398,18.634335,17.640762
335,2528737578713854814,1.2626829,1.4416933,3.3307724,1.7824993,0.6984825,1.8999481,0.8640957,1.4287472,2.1831625,1.9921117,2.1566544,2.2342587,0.25,0.4390244,0.19148937,0.25,0.0,0.0,0.0,0.0,0.30291018,0.2904462,0.31983504,0.31019548,0.6129561,0.5621275,1.2909808,0.55310756,6.1143605e+06,1.2358367e+07,9.536472e+06,4.9296195e+06,0.0009894801,0.0026104813,0.0020481078,0.0031577412,1.5996203,-1.466689,11.595174,-0.45571494,0.40657276,0.3589509,0.6651885,0.32568577,1355.1562,3760.7422,10793.727,3041.7344,19.983564,19.414104,19.002754,18.243824,0.031461783,0.051094715,0.045308042,0.056194734,19.807247,19.055899,19.026443,17.844128,0.3082161,0.6933098,0.3986225,0.56830883,0.21153846,0.09756097,0.41489363,0.13461539,1.2337265,0.28050104,0.525805,0.7692308,1.8918762,0.40728027,0.2886309,0.63414633,1.1549568,0.42165938,0.7791223,0.4574468,1.8830109,0.36658368,0.6614727,0.65384614,1.9340038,1.8711987,4.9281197,2.6855564,0.11897973,0.14789748,0.12351133,0.17667603,3793.584,18768.875,26934.791,25624.492,47.1918,114.199875,137.18307,146.26535,1.3682197,0.34145427,2.1770718,0.8455484,0.62871855,0.99195814,0.8609776,1.0252068,0.750725,0.8265658,0.82941663,0.874073,19.768215,18.879614,18.641441,17.720152
336,2528737578743333221,2.8704672,2.6530247,2.9822865,3.1224737,1.5101624,2.7329826,1.4524193,2.7686386,1.3712608,0.98145115,1.489673,1.0304129,0.3469388,0.4,0.24468085,0.3846154,0.0,0.0,0.0,0.0,0.2660998,0.28497773,0.39228553,0.3497296,0.6228167,0.61186105,0.5421072,0.6120839,1.0879943e+07,7.014062e+06,5.460843e+06,8.70768e+06,0.0027026725,0.0050286385,0.0022606247,0.0063510267,0.9223397,-1.2643691,0.3835628,-0.9873023,0.41334268,0.37485778,0.3087114,0.32216212,4410.1875,3060.6797,5162.117,4998.207,22.680738,22.427288,22.300251,21.132488,0.05410724,0.07186242,0.0481595,0.080135584,22.464994,22.079052,22.567541,20.746851,0.6849041,1.3592825,0.66744614,1.3010559,0.30612245,0.1,0.18085106,0.13461539,2.3238964,0.5738879,0.87467515,0.7346939,2.9688148,0.84323263,0.50540775,0.65,1.7662907,0.7424287,0.5019016,0.43617022,3.0483513,0.76381665,0.85238254,0.61538464,4.0581436,3.1852608,3.5334587,3.9736347,0.1734403,0.21931918,0.14349389,0.24124636,146.67696,576.9979,619.2417,842.4411,11.269195,22.15425,21.937714,35.27907,1.0316578,0.2227238,-0.53432643,0.40343347,1.2271922,1.6116793,1.0739689,1.6934643,0.85193634,0.7692166,0.77743554,0.84017956,21.857214,20.578905,20.898829,19.376688
337,2528737579439180620,2.1881943,2.7577171,3.2365808,2.6348333,1.4862728,2.7394447,1.4021988,2.2723312,1.3356844,1.3759251,0.9591578,1.0853946,0.30769232,0.41463414,0.27659574,0.3653846,0.0,0.0,0.0,0.0,0.2979551,0.28181657,0.3920043,0.34285158,0.61840326,0.6147582,0.6665066,0.5687734,1.2930289e+07,1.2550564e+07,5.05521e+06,7.2432665e+06,0.0020893991,0.0052271825,0.0024822403,0.0052945497,0.5309169,-1.1524594,0.77706766,-0.8878143,0.4949765,0.38385412,0.3782716,0.32150266,3680.7188,5219.672,8136.5273,4615.7773,21.763973,21.51274,21.178978,20.131212,0.046193838,0.07249116,0.05029662,0.07280637,21.524479,20.927938,21.344395,19.856644,0.59333515,1.1200066,0.66752434,1.1279898,0.23076923,0.14634146,0.22340426,0.17307693,1.8581734,0.4674337,0.69848865,0.71153843,2.9238033,0.66641307,0.58923775,0.63414633,1.7422714,0.6867559,0.59328943,0.40425533,2.6177368,0.64301336,0.80794305,0.61538464,3.1241512,3.802555,3.4437542,3.2490292,0.15551245,0.220784,0.15338333,0.22634603,387.02548,2479.32,3067.4949,3071.4492,17.666227,37.637714,51.027737,63.991222,0.95728296,0.3763715,-0.2082552,0.478832,1.0053614,1.5594835,1.065231,1.4656805,0.8253399,0.7523869,0.8383256,0.86832684,21.238825,19.981354,20.043835,18.817806
341,2528737598362577270,1.9023962,2.315548,2.176529,2.4045591,0.9533825,2.4676952,1.2043247,1.689373,1.8738042,1.7356557,0.3630861,0.6462999,0.27450982,0.40816328,0.31460676,0.34545454,0.0,0.0,0.0,0.0,0.30724496,0.19562553,0.3881743,0.29133007,0.5185151,0.53460556,0.44008702,0.6866892,1.7328826e+07,8.834852e+06,5.366947e+06,9.01602e+06,0.0010854513,0.003739622,0.0014731395,0.0035893267,1.6713634,-1.0340829,0.15278363,-0.66274524,0.3515155,0.3261099,0.23740254,0.3786073,4239.5938,4792.0938,4065.875,4570.047,23.205425,22.515842,22.00829,20.859638,0.036004122,0.06216087,0.03856257,0.060031135,22.956467,22.04846,22.084917,20.72825,0.40705872,0.8642101,0.6210041,0.8586693,0.25490198,0.12244898,0.16853933,0.07272727,1.571888,0.36549473,0.7086664,0.74509805,2.6693306,0.6090358,0.59879583,0.67346936,1.3917141,0.542079,0.45468172,0.42696628,2.096323,0.53501487,0.79764354,0.5090909,2.929222,3.247137,2.486763,2.8343353,0.11090389,0.18971,0.12285755,0.19003664,15.560877,166.97166,441.11346,677.28595,3.3249505,10.088861,17.970127,30.018955,1.3266191,0.54003584,-0.40468666,0.38768253,0.835491,1.3996043,0.84869623,1.2522278,0.8163031,0.75084054,0.7917301,0.8743375,22.836443,21.508585,21.19092,19.744598
342,2528737598385977399,0.51549435,0.617424,0.99519444,0.75422955,0.3945713,0.6816578,0.33257294,0.46734238,4.9933167,2.8303216,1.1185793,1.9542029,0.17307693,0.3469388,0.20224719,0.3148148,0.0,0.0,0.0,0.0,0.3163583,0.20857142,0.320286,0.2131047,0.75289863,0.5467798,0.7792862,0.838626,1.8678226e+07,1.2421861e+07,1.1417435e+07,1.2529683e+07,0.00017547254,0.0003582982,0.0002179358,0.00042842375,0.81189823,-0.9924996,6.810919,0.079211235,0.44525915,0.3326075,0.4661876,0.45700878,1924.9844,1554.5898,4076.3164,1835.1953,21.258898,20.072815,19.09716,18.439632,0.013366745,0.018947182,0.014765376,0.020700976,21.134745,19.897934,19.113596,18.359474,0.08233547,0.19328117,0.1530819,0.23519897,0.32692307,0.10204082,0.33707866,0.14814815,0.5612583,0.05799382,0.21296662,0.71153843,0.73809814,0.13704911,0.17730457,0.67346936,0.40660667,0.14112446,0.2326767,0.46067417,0.8004894,0.20053627,0.2051227,0.7962963,0.9000702,0.9301262,1.4247398,1.1091766,0.043495566,0.053990472,0.042947885,0.064835295,180.06737,854.7015,2239.296,4497.9546,7.552429,25.886541,38.942204,53.03253,1.3891659,0.7084056,1.4609407,0.9625353,0.28416225,0.3803233,0.28197676,0.3817184,0.6535387,0.8613047,0.82957417,0.7986194,21.200146,20.116274,19.071184,18.42732
343,2528737598396721188,1.5568838,2.0614185,1.786191,2.4330187,1.1257362,2.4066944,1.0824375,1.7940025,2.7218645,2.4964805,0.47438884,1.0301163,0.30769232,0.36734694,0.31460676,0.3272727,0.0,0.0,0.0,0.0,0.32673368,0.21101436,0.38696876,0.2642121,0.48184258,0.45471126,0.4298264,0.7664902,6.9056855e+06,5.4611225e+06,5.7495935e+06,1.0925672e+07,0.0012335276,0.0035892106,0.0013409547,0.0039728526,0.3698175,-0.98702645,0.12719274,-0.35804033,0.36630592,0.29167172,0.23089397,0.41999188,2532.5625,3699.0547,4162.168,5350.9688,22.768324,22.065681,21.52084,20.42975,0.037071675,0.060287885,0.03669021,0.06310416,22.476086,21.64355,21.640966,20.234293,0.39416695,0.7507973,0.4950676,0.895422,0.28846154,0.12244898,0.21348314,0.09090909,1.6400433,0.29262468,0.5696975,0.71153843,2.6301117,0.5241046,0.52654564,0.6938776,1.2932129,0.5201585,0.41942447,0.41573033,2.1301975,0.52572125,0.90959394,0.54545456,2.4247265,2.9288197,2.1803436,3.1829586,0.13136962,0.17856403,0.1323892,0.19742988,41.489132,262.11346,953.098,1152.4813,5.3162813,12.734292,25.59073,40.783524,1.1146516,0.6866592,-0.44214466,0.64847594,0.84405994,1.3302933,0.78960407,1.2892022,0.78404737,0.7551823,0.800849,0.87297726,22.298632,21.27076,20.769726,19.407778
344,2528737598404130070,0.5425062,0.4321947,0.9710102,1.8556843,0.03981018,0.060085297,0.03681755,0.05270958,12.725094,8.015438,26.988424,17.630713,0.01923077,0.020408163,0.011235955,0.018181818,0.0,0.0,0.0,0.0,0.13338462,0.13185252,0.10840259,0.14181165,2.090968,2.070915,1.0433941,1.8711354,7.4871896e+07,1.1739167e+08,1.7232398e+07,8.40006e+07,4.5823388e-05,3.4955818e-05,0.00011937815,0.0007592793,47.872864,37.98713,86.792984,53.138355,1.0457627,1.0440935,1.0066643,0.9358003,2117.836,1635.4336,3944.4922,7600.883,20.91519,19.580154,18.454704,17.980963,0.0069073597,0.0059506986,0.0109281195,0.027583193,20.897491,19.562582,18.433279,17.904114,0.01966381,0.028198242,0.018398285,0.02548027,0.9230769,0.71428573,0.98876405,0.96363634,1.0216827,0.028518349,0.0,0.9807692,0.7684612,0.039453812,0.0,0.97959185,1.8910923,0.022275606,0.0,0.98876405,3.6483898,0.0636385,0.0,0.9818182,1.0197334,0.7703533,1.8912697,3.658905,0.0047322526,0.007358313,0.004010307,0.009109172,17.688368,31.64834,175.93092,180.92941,1.9888188,4.491468,6.530812,9.99966,6.784781,5.816241,9.259988,7.237637,0.14446874,0.1165156,0.20167522,0.49597237,0.47488052,0.7712332,0.49005654,0.77456576,20.900373,19.58454,18.43712,17.922945
345,2528737598455817875,0.9468336,1.2092533,1.1956654,1.4415731,0.54639053,1.3074341,0.68450546,0.9666672,4.28131,2.194495,0.1840368,1.205291,0.15384616,0.3877551,0.3258427,0.33333334,0.0,0.0,0.0,0.0,0.32570618,0.19199936,0.36868158,0.24620812,0.6500386,0.61128217,0.5064896,0.71019566,1.1683314e+07,1.4955881e+07,5.7237555e+06,9.420874e+06,0.0005052191,0.0013534271,0.0006177901,0.0014757582,1.751605,-1.1780176,-0.17020202,-0.37874246,0.41833338,0.35953113,0.25359786,0.40172178,1894.9844,3155.625,3788.2422,2619.496,21.768534,20.833261,20.002563,19.221134,0.022649856,0.036824632,0.02486115,0.038420994,21.576973,20.599932,20.034185,19.079441,0.1466732,0.46320152,0.326519,0.46249485,0.34615386,0.12244898,0.21348314,0.12962963,1.0382519,0.18810382,0.40417445,0.78846157,1.4917927,0.31431943,0.27191344,0.67346936,0.79613113,0.2981291,0.30059576,0.4494382,1.2410965,0.30022228,0.5162298,0.5740741,1.6009731,1.6756821,1.2536697,1.9600983,0.08142489,0.10632096,0.080894105,0.12024916,118.9941,747.2442,2863.6506,3673.7288,6.907482,22.942484,44.224915,55.74667,1.5696483,0.5468623,-0.0761045,0.6846805,0.49305415,0.7671772,0.4972867,0.7384951,0.64596725,0.8336041,0.8292334,0.8750335,21.605844,20.653091,19.81157,18.922092
350,2528737621323150164,1.9061584,2.2474213,2.1813831,2.5736656,1.0113106,2.5071754,1.0272408,1.851551,1.7067991,1.7115338,0.71224296,0.58358794,0.3137255,0.39583334,0.2247191,0.3272727,0.0,0.0,0.0,0.0,0.3045315,0.22386631,0.38286448,0.27422947,0.55182123,0.54412514,0.51605654,0.7768705,8.0359025e+06,7.5208965e+06,6.465323e+06,1.0816041e+07,0.0013013716,0.0036330228,0.0013588571,0.0037478781,0.67768335,-0.9189265,0.6488333,-0.5018513,0.32148153,0.3638712,0.2848196,0.44313076,2319.2031,3105.8477,4385.5625,5978.5547,23.093775,22.518927,22.033514,20.861067,0.03893917,0.0614742,0.03705823,0.061363734,22.905254,22.095726,22.174868,20.552483,0.4524212,0.8273392,0.52983665,0.87268066,0.23529412,0.22916667,0.20224719,0.12727273,1.7888279,0.42357776,0.62165165,0.7647059,2.714569,0.63775873,0.5242303,0.7083333,1.3144379,0.55800664,0.42817584,0.43820226,2.1458416,0.5560176,0.8174938,0.5272727,2.7857857,3.1485615,2.7074604,3.3986645,0.13393736,0.19238485,0.12703964,0.19858697,34.44558,156.72726,466.95706,692.3287,4.9578986,9.579804,17.204924,27.90347,1.0899698,0.6042867,-0.48725107,0.44685096,0.8992525,1.384333,0.816523,1.280113,0.80312467,0.7578745,0.7789399,0.85770905,22.571665,21.558876,21.208548,19.723755
351,2528737624479155438,1.9835405,1.422039,1.9145794,1.6071472,0.6805897,1.2358646,1.1194592,1.0471287,0.92633027,0.36376747,0.56641006,0.33900812,0.19444445,0.38709676,0.3275862,0.2857143,0.002954515,6.008614e-05,0.0,0.0011136796,0.23731628,0.23637319,0.37230873,0.3361096,1.1137898,0.96228874,0.6434472,1.3069711,6.919021e+07,3.8402896e+07,1.8826122e+07,9.110972e+07,-0.00048716366,-0.00080249825,-0.00021783986,0.00017427007,4.976674,-0.8353689,0.66806054,-0.097018,0.6914663,0.6153193,0.4401247,0.77176857,2979.7266,2996.8906,3362.9062,2731.457,24.765547,24.188513,24.37021,23.279354,0.025318654,0.031330686,0.031438865,0.033393275,24.8521,24.062202,24.455505,23.131243,0.34688377,0.6777115,0.57557106,0.52938366,0.2777778,0.22580644,0.18965517,0.25,0.8734379,0.507959,0.39353132,0.4722222,1.3041306,0.37693045,0.4058424,0.58064514,1.2872658,0.5263951,0.37848476,0.37931034,1.3352242,0.40836695,0.4737996,0.64285713,2.3707466,1.720089,2.5784073,2.011076,0.06605124,0.099242724,0.094721474,0.10616245,1.7831935,2.3102176,3.933434,2.0407383,0.8864221,1.2028861,1.6147338,1.1980242,-0.7951176,0.2646864,-0.729956,0.46377054,0.6270303,0.7578427,0.76617175,0.7773739,0.61345005,0.7919879,0.7291329,0.8296714,24.563147,23.92414,23.649939,22.722855
352,2528737630269441016,0.8434868,1.5315533,1.4251041,1.2395439,0.5526447,1.6947155,0.5099945,1.230938,0.21408902,0.76254654,0.989388,0.34819758,0.33333334,0.4,0.24,0.26666668,0.4940067,2.6106773e-07,0.52244467,0.33594102,0.27870023,0.25835186,0.25229245,0.3833549,1.9588739,0.8094,1.2004641,1.0434101,9.366276e+08,2.738342e+07,3.1225314e+07,3.7556028e+07,-0.000497543,0.00044810816,-0.0009778179,-0.00044323847,0.09322953,-1.3967202,1.1465535,-0.70210576,0.98959893,0.51451206,0.64254,0.5532914,2737.3672,1754.6406,3706.6953,1031.0742,25.156328,24.298626,24.632944,23.517601,0.018466618,0.04469574,0.023421932,0.030479172,25.163715,24.141327,24.588337,23.564318,0.2759571,1.0411348,0.26115227,0.6864872,0.26666668,0.0,0.28,0.13333334,0.7499504,0.3009351,0.29520735,0.33333334,1.9102631,0.60942703,0.2813565,0.55,0.8467541,0.41600394,0.3654625,0.56,1.183239,0.2590339,0.47264042,0.46666667,0.98021317,1.5877075,1.64077,1.3607922,0.063062444,0.12545627,0.089489244,0.09619936,0.9583354,3.5399165,0.97518915,1.1170405,0.7147495,1.7148855,0.6637971,0.9614611,-0.30248088,-0.2083199,-0.35536873,0.40384212,0.46455228,1.086045,0.57695115,0.716797,0.74721116,0.84374607,0.6877644,0.8519466,24.944895,23.771496,24.354317,23.30202
353,2528737631056125490,1.3506317,2.423091,2.3913412,2.5869374,0.02687645,3.5635338,1.8396187,2.5502682,14.989516,4.49411,1.6484133,7.2707763,0.08510638,0.27083334,0.3218391,0.20754717,0.0,0.0,0.0,0.0,0.17640486,0.24618146,0.36382383,0.19588046,2.1187668,0.39792418,0.5838659,0.69747293,1.5805078e+08,4.3462715e+06,6.779713e+06,6.094731e+06,0.0010870387,0.011960493,0.00543204,0.012084594,14.259857,-1.3778868,-0.5297785,-0.39523673,1.0594926,0.267556,0.3196034,0.41904083,10761.516,5046.789,7025.3516,5312.0527,16.47245,17.085804,17.760239,16.24722,0.03297034,0.109364234,0.07370257,0.109930165,16.320139,16.212933,18.21215,15.02552,0.010910034,0.76860905,0.827858,0.023870468,0.9148936,0.0,0.14942528,0.6037736,2.037012,0.1422092,0.7227887,0.9361702,3.546609,0.583308,0.86532784,0.625,2.2595806,0.8472954,0.58687997,0.3908046,3.6661692,0.4750079,0.9628846,0.7169811,2.6709118,4.068136,3.0980911,5.138302,0.0878468,0.29270205,0.24392371,0.32007292,87314.44,509245.22,739358.7,323031.7,98.833176,806.47723,941.6803,370.5495,3.8044448,0.58513,-0.5775497,1.091684,0.54310226,1.8685758,1.3089752,1.7860595,0.44426078,0.8877114,0.9006529,0.79301155,16.372738,15.770779,16.22372,15.162644
357,2528737640539165171,0.92781544,0.97526455,1.688983,1.1795206,0.63311005,1.141037,0.50333214,0.9737587,2.0564585,1.3576972,1.428852,0.78288025,0.3125,0.42553192,0.23655914,0.3559322,0.0,0.0,0.0,0.0,0.32550722,0.18968599,0.35063383,0.32802337,0.867804,0.515206,0.53357786,0.697058,2.354783e+07,6.3928955e+06,3.3396832e+06,4.157369e+06,0.00047189542,0.0008032101,0.00038528192,0.0008532696,0.022898197,-1.3411319,7.7382603,-0.9144616,0.5090335,0.31875777,0.36922583,0.38270208,2900.2148,1446.8125,1805.2422,1101.4375,21.620424,21.720459,21.965195,21.617113,0.021825137,0.028491529,0.020159997,0.02966443,21.450893,21.625883,22.019533,21.508265,0.24954224,0.49064064,0.24063683,0.509367,0.29166666,0.06382979,0.37634408,0.118644066,0.8889179,0.17278251,0.31180236,0.6875,1.1012058,0.30007058,0.28475323,0.59574467,0.6707134,0.2483928,0.32959375,0.3655914,1.1031284,0.2827966,0.36955822,0.5423729,1.4167461,1.0983467,2.300438,1.3613548,0.06812277,0.082166985,0.055984814,0.09362264,216.29016,154.61559,56.259167,44.98833,10.408464,10.186045,5.824286,5.8568883,0.9700206,0.21283013,1.1867653,0.3261382,0.47186872,0.6188491,0.44281825,0.6412594,0.70469034,0.8016734,0.80999124,0.85354275,21.45735,21.666473,21.879189,21.415327
358,2528737641999982875,0.9239979,0.95380497,1.670166,1.2782373,0.676445,1.1919346,0.50112534,1.0342274,2.395942,1.4331448,1.481012,0.87227976,0.29166666,0.40425533,0.24731183,0.37931034,0.0,0.0,0.0,0.0,0.3164939,0.18666431,0.36262766,0.31433308,0.83874017,0.5137948,0.54729944,0.69425493,2.0953094e+07,6.2831415e+06,3.272276e+06,7.331906e+06,0.000537802,0.0008315565,0.0004134497,0.00091991416,-0.026390553,-1.3127394,5.525012,-1.0269742,0.5026624,0.3290024,0.3457806,0.37207776,2938.6875,1300.8203,2009.9844,2257.5117,21.532013,21.631084,21.909128,21.530682,0.023273706,0.028966997,0.020737415,0.030693157,21.341476,21.544353,22.003044,21.507076,0.2713976,0.52017784,0.24626541,0.5471468,0.27083334,0.12765957,0.39784947,0.0862069,0.9890022,0.20219153,0.30841568,0.7291667,1.1561222,0.33850905,0.18564613,0.65957445,0.70919037,0.26222453,0.31822142,0.3655914,1.1469688,0.3047348,0.34652984,0.5344828,1.409792,1.015068,2.1403542,1.4088249,0.07340389,0.0858561,0.058095004,0.09652771,264.59952,199.02441,72.2679,58.873234,11.461888,11.017125,6.6496654,7.057111,1.0099835,0.18768096,0.7829016,0.22245388,0.50112975,0.62658757,0.45433867,0.66084456,0.70256984,0.7742266,0.8162054,0.87555647,21.350231,21.537643,21.803621,21.295212
359,2528737649063877313,1.2832241,1.2795448,1.1431885,1.0639505,0.5876522,1.7084007,0.5790043,0.9733181,0.4070689,1.0585023,1.4502133,0.35836786,0.27586207,0.45454547,0.23529412,0.2857143,0.28535098,0.0011010265,0.9873598,0.877189,0.16662715,0.35791954,0.28474835,0.27556866,1.577194,0.91145265,1.2404184,1.9465852,1.0358319e+08,4.4305816e+07,2.0844644e+07,9.255647e+07,-0.00030574657,-0.000369327,-0.0013168894,-0.0013239289,0.6062882,-1.640945,1.4895506,-0.6708169,1.0657792,0.48715237,0.63703996,1.0886713,2383.3203,2199.7031,2800.3047,1328.9037,25.055712,24.323961,24.827326,23.755415,0.021965342,0.03624318,0.02074506,0.026886571,24.972927,24.136099,24.855999,23.706638,0.25356674,0.8971815,0.26935387,0.48665905,0.20689656,0.09090909,0.19607843,0.0,0.8743496,0.35740152,0.3301307,0.62068963,1.6347294,0.382874,0.20907015,0.59090906,0.9805641,0.45412463,0.27296627,0.21568628,1.0796909,0.23178294,0.3874668,0.5,1.2995567,1.4817772,1.4768639,1.2853394,0.073791765,0.10214325,0.07661471,0.0854932,1.1334592,2.2135746,0.60675955,0.57348657,0.7616598,1.2670586,0.50197405,0.74410427,-0.06735881,0.13905315,-1.1820842,0.42058393,0.5503573,0.8815778,0.51504433,0.6387017,0.6856469,0.7901148,0.7120232,0.83015335,24.835825,23.862886,24.61525,23.434767
364,2528737670153890698,1.75601,2.5316133,2.0700426,2.857913,1.9494534,2.7145004,1.3524513,2.2268639,3.8631337,2.1294255,0.79141945,1.2884115,0.36956522,0.36734694,0.2736842,0.3859649,0.0,0.0,0.0,0.0,0.3617337,0.21718742,0.40774333,0.32345137,0.36040077,0.5359559,0.43968815,0.5716226,4.596097e+06,6.8059255e+06,4.899391e+06,2.3472498e+06,0.0022395388,0.004767395,0.0018448856,0.0055150036,-0.6878526,-0.92258644,-0.22167635,-0.7095015,0.25495484,0.3284962,0.22082262,0.32575744,2150.3984,5146.172,6684.75,2298.9883,22.373913,21.738556,21.096552,19.858526,0.048073035,0.06939113,0.042987354,0.07429521,21.871582,21.200247,21.250671,19.667776,0.36048985,0.9540577,0.64495087,1.1183491,0.3043478,0.1632653,0.15789473,0.10526316,2.1938572,0.27780724,0.46346232,0.6956522,2.8923664,0.5987619,0.7119911,0.67346936,1.5095482,0.6001451,0.40939593,0.4526316,2.5681934,0.5915895,0.8775107,0.5614035,2.8532295,3.7906418,2.5916538,3.7916908,0.15123509,0.21185115,0.14083633,0.22448424,112.93304,670.6336,2500.2925,4009.3582,9.021542,20.596329,44.775997,89.814415,0.9078724,0.6657362,-0.51243097,0.51061636,1.0755819,1.508463,0.90688497,1.4753933,0.8126302,0.75692964,0.82436466,0.8772453,21.691402,20.70328,20.186712,18.555244
365,2528737670452202384,1.3019371,1.5275288,1.4849014,1.858654,0.68027115,1.950367,0.97389793,1.4894409,3.155487,2.2258253,0.4660563,1.5954213,0.19148937,0.40816328,0.31578946,0.33333334,0.0,0.0,0.0,0.0,0.28136495,0.18924797,0.39032525,0.3119427,0.82873964,0.52834606,0.5083257,0.573814,1.2483715e+07,6.8743955e+06,5.319962e+06,2.2229265e+06,0.0010646553,0.0024549572,0.0011671853,0.0031180552,1.7498076,-1.1492665,-0.47484708,-0.7110317,0.496976,0.3230009,0.25499067,0.325649,2962.2734,3730.7812,4829.199,1843.4453,21.337358,20.464317,19.54994,18.652674,0.03268079,0.049561657,0.03416647,0.05584158,21.114525,20.193335,19.627907,18.356989,0.26351547,0.6470642,0.47807693,0.7691574,0.25531915,0.14285715,0.14736842,0.10526316,1.5776196,0.31117466,0.55630964,0.82978725,1.9875374,0.4458608,0.34864196,0.6938776,1.1031075,0.42133334,0.338459,0.4526316,1.8185024,0.35858256,0.65689075,0.5614035,2.102934,2.0460567,1.7332401,2.5859852,0.11910461,0.14555277,0.11368418,0.17255826,390.9448,2467.9397,11831.853,15983.186,16.053,41.134594,94.47779,126.13085,1.5464522,0.5522188,-0.32117823,0.60475785,0.6973217,1.0142455,0.6679524,1.0415947,0.7648059,0.8244382,0.8403688,0.8838567,21.02941,20.045513,19.185955,18.00947
366,2528737670482778759,0.714448,0.9902544,1.2312603,1.1846113,0.43455505,1.1148205,0.6051445,0.88160706,3.305481,3.0298104,0.3388116,2.1934538,0.17021276,0.36734694,0.31578946,0.2982456,0.0,0.0,0.0,0.0,0.29356205,0.21289882,0.36687696,0.29202,0.8530819,0.45055085,0.587783,0.5879366,1.4755853e+07,5.93424e+06,6.9744795e+06,2.2415342e+06,0.00038893422,0.0010267622,0.0005881591,0.0013636433,1.0374448,-0.8723221,0.7891228,-0.34708548,0.49326825,0.28195232,0.3177019,0.32630458,1707.3242,2242.1016,5028.1445,971.375,20.596035,19.554281,18.494522,17.710663,0.01974038,0.032047044,0.02425271,0.036928035,20.442327,19.306816,18.53242,17.559046,0.17417145,0.30771446,0.31208038,0.4263382,0.19148937,0.08163265,0.25263157,0.10526316,0.8879509,0.1793625,0.29076016,0.80851066,1.2703056,0.23935243,0.24256948,0.71428573,0.7217922,0.21737573,0.3056788,0.4105263,1.1324539,0.23954578,0.47198346,0.61403507,1.1738319,1.5314751,1.5741253,1.7279835,0.06756051,0.09228457,0.07375237,0.112712614,917.8288,4284.2773,16232.35,32555.098,19.93635,55.763187,108.3262,158.14632,1.3947574,0.78294504,0.41203013,0.8486662,0.40657356,0.62665695,0.4485423,0.65401995,0.6696717,0.830023,0.86139756,0.8617298,20.467316,19.489819,18.398136,17.52575
367,2528737670499007771,1.0110483,0.9977236,1.2888994,1.3826141,0.7461529,1.3488922,0.5786705,1.0093861,3.816507,3.229512,0.62279075,2.385341,0.12765957,0.3877551,0.25263157,0.22807017,0.0,0.0,0.0,0.0,0.30192965,0.20940924,0.36096382,0.28994948,0.7958989,0.5468641,0.6340489,0.63738465,1.2756772e+07,5.4193545e+06,7.9714825e+06,1.779445e+06,0.00070091186,0.0012697856,0.0006089876,0.0018380604,1.128442,-1.2369537,0.9052212,-0.32060456,0.4680448,0.33065426,0.3329288,0.3599831,2737.1523,1988.2031,5279.332,1048.2227,20.72139,19.722748,18.68748,17.879175,0.026494358,0.035638563,0.024678579,0.04287318,20.467901,19.382421,18.74524,17.62348,0.20745277,0.34652138,0.25034904,0.4862423,0.38297874,0.18367347,0.2736842,0.0877193,1.0608082,0.1726714,0.43758646,0.7234042,1.4127159,0.27081454,0.19313055,0.6938776,0.7239094,0.2598019,0.30958444,0.43157893,1.3128338,0.23185664,0.5609079,0.57894737,1.7753944,1.5417042,1.5311985,2.1006622,0.08858963,0.099666886,0.08419578,0.13016719,983.30255,4280.44,14796.754,30922.467,20.586279,56.02547,100.41618,156.85078,1.4092565,0.6312157,0.3236799,0.8648352,0.5489999,0.7028904,0.46118048,0.76653713,0.6857906,0.853952,0.8375515,0.8747856,20.510635,19.60431,18.583134,17.589815
368,2528737670511540139,1.0292282,1.1975145,1.1548519,1.4433289,0.7746029,1.5125217,0.73209,1.0800457,4.062581,3.3146803,0.36219966,2.2229235,0.19148937,0.3265306,0.30526316,0.28070176,0.0,0.0,0.0,0.0,0.33899832,0.21241868,0.38916883,0.29006043,0.5413905,0.42727175,0.4389081,0.6072466,7.27502e+06,3.40357e+06,5.26092e+06,2.2734845e+06,0.0007743643,0.0016031315,0.0007873917,0.0020120451,0.40094352,-0.93698263,-0.3830645,-0.3021841,0.3464168,0.269388,0.22182688,0.33532524,1796.1133,1598.2969,4620.2266,1192.0234,20.74265,19.79841,18.797441,17.947113,0.02784913,0.040043917,0.028061409,0.044856455,20.45703,19.439468,18.854511,17.791918,0.13019943,0.3603649,0.37916756,0.5442276,0.40425533,0.08163265,0.17894737,0.12280702,1.0777702,0.1050739,0.4289812,0.65957445,1.6086121,0.30396226,0.29773054,0.71428573,0.8751354,0.27443308,0.3215166,0.4105263,1.3877182,0.29871467,0.5873655,0.61403507,1.7367668,1.9023323,1.1785488,2.0868587,0.091882005,0.115660995,0.09192637,0.13649955,1007.51514,3782.7705,17946.6,29924.598,21.035778,54.178818,114.07858,163.23254,1.2295918,0.78453803,0.04076356,0.86109453,0.57766473,0.7928059,0.5274827,0.8050439,0.677813,0.86459476,0.86306363,0.88679284,20.479853,19.622168,18.633392,17.619864
369,2528737670525950433,2.4687052,2.4065409,2.8259296,3.0336018,0.71575356,2.5116272,1.3727837,2.4727592,3.3576944,1.7958574,0.63549775,1.0118359,0.21428572,0.40425533,0.30526316,0.40350878,0.0,0.0,0.0,0.0,0.30636722,0.24418245,0.3963105,0.3414718,0.48667115,0.5676932,0.47728646,0.5475744,7.7224535e+06,7.2647165e+06,6.4238355e+06,5.705104e+06,0.002214981,0.004373259,0.0020954334,0.0054226983,2.2486434,-1.0353951,0.43590784,-0.997905,0.27126783,0.36546654,0.24542034,0.29871568,2505.1719,4812.0938,7725.6797,5917.551,23.05643,22.563898,22.048725,20.763199,0.04866349,0.06785955,0.04620274,0.073952004,22.701996,22.190966,22.227995,20.515131,0.32792664,1.0162258,0.6870556,1.2628098,0.42857143,0.08510638,0.21052632,0.12280702,2.3566856,0.39681885,0.95535207,0.78571427,2.9554844,0.7207294,0.6422546,0.70212764,1.6544495,0.67461354,0.532673,0.44210526,2.6914158,0.7190087,0.7729509,0.5614035,3.7588634,3.234455,2.8553562,3.7899952,0.17463484,0.20127653,0.14364086,0.21567899,32.8798,195.97972,706.11884,1215.652,5.222532,11.784864,22.843142,47.127598,1.6223893,0.57886654,-0.3517576,0.26773688,1.1220064,1.5311761,1.0187116,1.5354801,0.8494362,0.72771615,0.78826964,0.84499764,22.42805,21.311762,20.896486,19.182068
370,2528737670529693071,0.4043045,0.040755272,1.2056704,0.03011322,0.0197258,0.0151844025,0.00992775,0.009155273,14.835678,1.0279475,34.712994,2.2143471,0.04255319,0.2244898,0.010526316,0.21052632,0.0,0.0,0.0,0.0,0.20112997,0.15428896,0.10498394,0.16362908,1.937432,2.0574315,0.9208503,2.024827,5.4342756e+07,8.889119e+07,1.3322431e+07,8.7820184e+07,6.39147e-05,3.896274e-07,0.00020091912,4.1075901e-07,20.421204,9.334182,94.39905,5.016509,0.9687237,1.0287403,0.9658802,1.0125145,1533.0352,125.61719,4653.121,106.78516,19.824955,18.540428,17.263145,16.652323,0.00800847,0.00068912626,0.014175042,0.00065045466,19.789928,18.540112,17.236877,16.650839,0.009792328,0.008033752,0.0042819977,0.0046539307,0.9361702,0.30612245,0.9894737,0.31578946,0.7747803,0.015032374,0.010638539,0.9574468,0.018363953,0.0064722714,0.012689477,0.63265306,2.3814316,0.013631399,0.0,0.9894737,0.027153015,0.006111386,0.012202365,0.8947368,0.7843571,0.060703278,2.382635,0.042520523,0.009135452,0.0016563176,0.0014184879,0.0019938522,123.660866,9.721755,1043.7366,30.087559,3.547848,2.0296366,6.7735667,3.955761,4.6191077,2.0670025,9.701933,1.7903395,0.15876755,0.012776696,0.24470581,0.010831581,0.340039,0.6444611,0.21095271,0.7176049,19.79704,18.541155,17.238323,16.651554
371,2528737670537063198,0.6944065,0.834321,1.2294254,1.1110783,0.5171089,1.0391102,0.45503044,0.80805016,2.219468,3.2768025,0.81115204,2.550476,0.25531915,0.36734694,0.24210526,0.22807017,0.0,0.0,0.0,0.0,0.29052636,0.20862518,0.34185484,0.2864565,0.8109869,0.5507499,0.6847566,0.6460047,1.1524204e+07,7.4679705e+06,8.894729e+06,2.0801124e+06,0.00032837494,0.000826802,0.0004428573,0.0011782037,0.46123767,-1.1423047,3.5469959,-0.19504166,0.46577415,0.3322139,0.3854981,0.36288694,1613.8867,2191.0938,5035.7266,874.8125,20.491795,19.453556,18.340227,17.57552,0.018138176,0.028757915,0.021044886,0.034325413,20.35243,19.189339,18.36728,17.385878,0.14400864,0.2659092,0.22399712,0.36122894,0.29787233,0.2244898,0.2736842,0.10526316,0.7230301,0.14233683,0.25331196,0.7234042,1.1254387,0.20514694,0.17947215,0.6938776,0.57641983,0.20066574,0.29837108,0.47368422,1.0294037,0.17218064,0.45247737,0.57894737,1.0858212,1.3041992,1.715889,1.7024803,0.06423155,0.08179001,0.068464644,0.10296508,1098.0497,4631.035,12924.975,33540.566,22.075457,57.505924,94.67603,156.415,1.1097208,0.685354,0.9810668,0.91960365,0.37168378,0.5594437,0.385968,0.603287,0.68081164,0.8598801,0.8350074,0.8606068,20.39117,19.42177,18.281628,17.427366
372,2528737670554639711,1.8886538,2.5616636,2.0350351,2.2451868,1.2119503,2.5547047,1.3312263,1.8978004,2.9046001,1.7936802,0.6106983,1.2126844,0.23404256,0.36734694,0.30526316,0.36842105,0.0,0.0,0.0,0.0,0.3325034,0.20783567,0.4079159,0.3246768,0.59898674,0.55352306,0.35188326,0.54386336,1.0512081e+07,5.992461e+06,3.4081982e+06,2.1610002e+06,0.0017482558,0.004312577,0.0019267625,0.0044791424,1.2140143,-0.6722851,-0.484658,-0.93450165,0.36305824,0.34874326,0.18937214,0.31166092,3942.2969,3664.7031,4223.707,2462.5664,22.129007,21.424438,20.650747,19.582378,0.042187262,0.06585127,0.043910902,0.06693915,21.775742,21.088594,20.715645,19.301607,0.36691093,0.9396229,0.6663208,0.96089935,0.31914893,0.1632653,0.12631579,0.10526316,1.8006477,0.3033146,0.7395407,0.7234042,2.71842,0.6106886,0.6718402,0.6938776,1.5136604,0.5672574,0.4475371,0.44210526,2.2976017,0.5267305,0.7508696,0.5614035,3.087738,3.731516,2.363987,2.7769012,0.14612298,0.18625836,0.14586605,0.21323518,129.56154,973.6194,4207.1924,5660.075,10.052201,25.99112,60.486156,87.31438,1.3708118,0.68991196,-0.37930006,0.43358582,0.9335623,1.4108266,0.90679294,1.3108279,0.8146178,0.7906293,0.84313685,0.8789636,21.629515,20.56702,19.858816,18.488348
373,2528737670637606627,2.173462,2.3918667,2.3412142,2.641652,1.483078,2.856907,1.3186779,2.332672,0.9319588,1.7187854,1.0698559,1.1209681,0.27659574,0.45833334,0.25263157,0.36842105,0.0,0.0,0.0,0.0,0.30900884,0.21725115,0.4005601,0.33784166,0.63212955,0.55039996,0.46643,0.5493993,1.2376871e+07,7.263883e+06,5.073239e+06,2.5766115e+06,0.00187197,0.0041359127,0.001839697,0.0052469606,0.32427883,-1.102803,0.1975689,-1.0205882,0.39270896,0.34750614,0.24527378,0.31653643,3533.6953,3437.9531,6018.1367,2731.3672,22.969526,22.192877,21.635254,20.35913,0.04491857,0.064978555,0.04298523,0.072500415,22.747885,21.790674,21.861694,20.135168,0.7072315,1.038763,0.5991249,1.1289883,0.17021276,0.16666667,0.18947369,0.14035088,1.7907772,0.46788704,0.75532204,0.65957445,2.7723007,0.67372197,0.5315282,0.6875,1.575367,0.6367421,0.44763905,0.37894738,2.6000347,0.6742304,0.766985,0.57894737,3.0268154,3.2609806,3.09334,3.1951256,0.15443733,0.18968035,0.13736296,0.22242607,91.24096,333.55673,1268.8788,2188.0513,9.207385,14.91244,30.620338,59.19876,0.87445563,0.50049126,-0.66846156,0.33068502,1.0317583,1.4420611,0.9299964,1.4760455,0.82547337,0.76501745,0.80634195,0.857602,22.11748,21.08273,20.588861,18.937876
377,2528737692916608132,0.8385315,1.2205639,1.1751289,0.5512161,0.7211685,1.5416794,1.1599464,0.4925213,0.21316814,0.54768384,0.278231,0.32802364,0.4375,0.46153846,0.3125,0.27272728,0.99583155,0.48224008,0.7375621,0.9110175,0.3125233,0.22960071,0.41106316,0.21256892,1.8786824,1.1802081,0.51892555,2.7860043,1.0169724e+09,2.7544284e+07,7.503968e+07,5.456971e+07,-0.0020842697,-0.0006723894,-0.0016353753,-0.002596327,-0.74261785,-1.1511247,-0.8991072,-0.16128922,0.9637287,0.9003925,0.26414078,1.4232583,3456.2031,923.8262,1628.0625,480.39453,25.249916,24.80143,24.652601,23.880384,0.018657193,0.035391245,0.028163822,0.014022393,25.276052,24.8782,24.617521,24.003796,0.38906574,0.7284279,0.5826216,0.18379974,0.125,0.23076923,0.125,0.18181819,0.7739105,0.2598185,0.25652513,0.5,1.5960083,0.38660583,0.46678674,0.30769232,1.1597462,0.38430083,0.35438845,0.5625,0.5689831,0.22981425,0.1520976,0.36363637,0.90153885,1.5191612,1.2285728,0.78312874,0.060005594,0.09671915,0.089057125,0.045088712,0.29687154,0.9627223,0.7473413,0.46880803,0.4619537,0.8291497,0.7072923,0.5865824,-0.027673941,-0.47997695,0.036037486,-0.73043007,0.47109255,0.87775344,0.6943115,0.33486015,0.7891914,0.85851246,0.7736367,0.82722753,25.160795,24.635847,24.23092,23.49155
378,2528737699903096547,2.013381,1.3976116,1.8914003,1.1112175,0.60085297,1.1927929,0.48306465,0.80083656,5.0435038,1.8331937,2.194738,1.5393264,0.12962963,0.375,0.20879121,0.30508474,0.0,0.0,0.0,0.0,0.30712977,0.18649518,0.3135555,0.29791632,1.4954219,1.0898671,0.8762783,0.6476294,7.002952e+07,4.074885e+07,1.3108228e+07,4.3345245e+06,0.00093290146,0.0008197771,0.00047372875,0.0007677019,12.146966,-0.15140367,15.577587,-0.48409772,0.7623286,0.5977298,0.5662462,0.3578485,7465.742,5100.125,7664.5625,1708.8633,22.169516,21.62175,21.628391,21.12048,0.031219054,0.029153517,0.021971894,0.02786628,21.888184,21.415186,21.645777,21.005571,0.17050266,0.412961,0.22542381,0.39541435,0.5740741,0.20833333,0.43956044,0.10169491,2.8429623,0.41304883,1.0586519,0.962963,1.1693764,0.25763878,0.3231005,0.6458333,0.63562775,0.22633258,0.43057624,0.43956044,1.0176487,0.24971657,0.39163864,0.6101695,3.76758,2.0816174,2.934227,1.4570827,0.06170894,0.077087566,0.06357433,0.083094396,89.70685,149.62111,84.251366,90.006546,6.1189995,10.239562,7.358096,8.228062,3.025491,0.6874509,2.5419037,0.6788707,0.6921113,0.63035005,0.47521672,0.5885492,0.68801093,0.84061587,0.82419825,0.8568504,21.94096,21.546804,21.543585,20.985882
380,2528737711365385869,0.8653126,1.2423105,1.1783628,1.5958557,0.7676163,1.4693489,0.592823,0.8842602,0.45215052,0.7853043,0.2814119,0.25260887,0.33333334,0.45833334,0.3442623,0.27027026,0.9808221,0.43868205,0.8089474,4.228613e-09,0.27621916,0.26206952,0.2430617,0.28323498,1.6302276,0.59994775,1.3804967,1.6126223,1.4549355e+08,5.890213e+07,3.332027e+07,8.7747064e+07,-0.0009320304,-0.00094892055,-0.00045527393,-0.0008032481,-0.62195206,-1.3910501,0.03559184,0.25455952,0.82242835,0.40219143,0.69196975,0.8204059,2287.8828,2888.9375,3714.3281,3802.2656,25.091518,24.55874,24.437458,23.654457,0.017989825,0.03169923,0.019651787,0.030171523,25.03706,24.85919,24.390053,23.61696,0.380188,0.61212635,0.28889275,0.35681725,0.2,0.25,0.26229507,0.24324325,0.75767136,0.23906307,0.2525693,0.56666666,1.3858528,0.37047097,0.3059419,0.45833334,0.7654438,0.27225512,0.32106814,0.57377046,1.0987148,0.4764118,0.434739,0.5675676,1.076416,1.6434498,1.3393364,1.721468,0.05300774,0.08813396,0.064459875,0.10928293,0.5340853,1.0165907,0.8387374,2.996442,0.5960107,0.8268242,0.71373135,1.0794626,0.2814414,-0.20621806,0.33619234,-0.1153412,0.45139205,0.7784931,0.48023975,0.713691,0.80156213,0.86498183,0.7877573,0.7148164,25.0432,24.566381,24.221592,23.119364
381,2528737716310732850,1.0472183,1.1125517,0.47738552,0.914629,0.42136192,0.36049652,0.34813118,0.44818687,0.8582814,1.3639868,0.9700443,0.2657526,0.21153846,0.2173913,0.41111112,0.2857143,0.0,0.0,0.0,0.0045720036,0.28221914,0.24323604,0.38813207,0.20250298,1.5038259,1.7992593,0.7240358,1.5735773,1.2308771e+08,1.5484787e+08,1.0501688e+07,9.085761e+07,1.185631e-05,0.0001147448,5.6011446e-05,-0.00023483697,5.392239,6.653558,-0.8535075,1.0008128,0.86423594,0.9172104,0.42821416,0.80562705,6126.2734,5812.0703,1279.0234,4839.914,23.320522,22.827059,22.931211,22.779612,0.013344195,0.015361101,0.010142051,0.014501358,23.272762,22.74501,22.96733,22.8034,0.19820213,0.16167259,0.17949295,0.23262024,0.25,0.3478261,0.11111111,0.23214285,0.4642372,0.15138802,0.2583366,0.53846157,0.5403862,0.16217284,0.33893532,0.65217394,0.41132355,0.10993702,0.12614803,0.36666667,0.5278187,0.17613553,0.21756954,0.42857143,1.3671379,1.5904102,0.5248699,1.0539474,0.03219447,0.03911979,0.03140324,0.045504726,4.8763366,4.607104,3.2631192,1.5669452,1.7309254,1.619983,1.4715362,1.0093595,1.2770284,1.7383971,-0.2221217,0.3030154,0.3111936,0.35064876,0.23256952,0.33033532,0.7594362,0.75752836,0.82554346,0.80084234,23.23118,22.765587,22.916376,22.75458
382,2528737721863915193,1.431593,0.2987423,0.81648827,0.37448502,0.23450089,0.36311913,0.16592407,0.29605865,8.422221,1.7239485,3.6343393,1.4400945,0.037037037,0.4375,0.14285715,0.2982456,0.0,0.0,0.0,0.0,0.23492733,0.22294314,0.28362668,0.30434996,1.8914492,0.61779857,1.0519798,0.57315296,1.0023194e+08,1.0140479e+07,1.543856e+07,4.481872e+06,0.00042434898,8.868899e-05,8.609007e-05,0.00010350936,23.728207,-1.2824214,25.656971,-0.5722537,0.94957864,0.37369195,0.724679,0.32230717,6176.1484,713.4453,3344.336,617.9258,21.44338,20.206392,19.8029,19.47077,0.02080707,0.009468149,0.009293374,0.010201916,21.333912,20.159168,19.81352,19.427788,0.114258766,0.14237976,0.08611107,0.13223839,0.6296296,0.125,0.48351648,0.0877193,2.1361694,0.15304846,0.7534953,0.962963,0.3642807,0.08918859,0.062311597,0.6666667,1.2968311,0.124743745,0.0,0.989011,0.33947563,0.078199595,0.13394503,0.57894737,2.6993198,0.3685913,1.2719631,0.48851395,0.025268763,0.027715316,0.020928493,0.032473978,67.09789,185.1828,178.83818,270.6849,5.6267333,12.896416,10.786693,13.721083,4.5739355,0.39348218,3.6086156,0.65095824,0.44617394,0.19131714,0.18403575,0.19863917,0.7285211,0.90005296,0.8058013,0.8225556,21.367224,20.290028,19.81027,19.537685
384,2528737727753732726,1.4752741,0.30681992,0.18409443,0.20837975,0.22711182,0.26265717,0.10533333,0.15018654,8.1010685,0.6150984,2.0938072,0.47124115,0.057692308,0.40816328,0.26666668,0.2982456,0.0,0.0,0.0,0.0,0.21894474,0.20803301,0.36853683,0.29303584,1.9661579,0.5066865,0.44659278,0.8663684,1.08702936e+08,1.7998232e+07,5.6953935e+06,1.2362538e+07,0.00036561617,5.096827e-05,1.2347921e-05,2.4860938e-05,20.410084,-1.0331702,0.5110247,-0.7561476,0.9907373,0.34607142,0.25705454,0.43896502,6258.203,535.6406,471.96094,423.05078,22.537508,21.371176,20.672174,20.253288,0.020662433,0.007615374,0.0036599217,0.0052035777,22.412077,21.353216,20.69306,20.26353,0.082818985,0.12672234,0.043559074,0.079977036,0.65384614,0.12244898,0.18888889,0.05263158,2.1389694,0.18676372,0.7430739,0.96153843,0.28037262,0.09246051,0.07311797,0.59183675,0.13377953,0.05277919,0.032747608,0.34444445,0.17935371,0.058863994,0.050785866,0.47368422,2.7075634,0.31700516,0.25517464,0.23861504,0.04545469,0.023455605,0.011222382,0.01636269,7.429761,18.579216,13.783847,18.456955,1.900509,4.0504527,3.0049562,3.7194622,4.218919,0.020515276,-0.8822683,-0.1992418,0.46567973,0.1627495,0.07565854,0.10538956,0.7450721,0.8540815,0.80939114,0.81294656,22.445713,21.439823,20.69115,20.30482
385,2528737729068365704,1.5427675,0.36801815,2.0807362,0.34236813,0.28294563,0.37090492,0.1707573,0.26533318,5.387304,1.1853713,16.19871,1.6217458,0.08163265,0.40816328,0.022222223,0.28070176,0.0,0.0,0.0,0.0,0.22169243,0.19266279,0.15233284,0.29767472,2.0833905,0.5082408,1.8145297,0.5407734,1.2843106e+08,9.782399e+06,7.368358e+06,3.08338e+06,0.00030870872,8.554392e-05,0.00045020302,8.15512e-05,17.328978,-1.0803442,71.31267,-0.2703302,1.0596969,0.30591857,0.9149534,0.29919642,6319.176,632.90234,5225.5547,286.67188,22.593334,20.93436,20.41554,19.979845,0.021069914,0.009418964,0.021291604,0.0091045275,22.458502,20.884783,20.386688,19.924253,0.11936951,0.12829018,0.08097744,0.11914253,0.5510204,0.12244898,0.87777776,0.1754386,2.0318813,0.22319666,0.8159872,0.9591837,0.35666656,0.096308194,0.09053515,0.63265306,3.8979683,0.14265753,0.0,0.98888886,0.31199646,0.06757901,0.12913895,0.5964912,2.6607685,0.40972137,3.8835087,0.4862938,0.04569976,0.027694698,0.02084559,0.029242737,10.456926,57.276173,69.1146,100.78222,2.2001464,7.3616505,6.77212,8.197304,3.7245808,0.30286556,8.020053,0.7915234,0.47603962,0.19717999,0.43467963,0.18190704,0.70301235,0.8738634,0.81099623,0.8161196,22.490412,21.015446,20.385767,20.051777
387,2528737734202213547,2.155527,2.3226671,2.2964497,2.9327917,0.7252712,2.3212109,1.4269791,1.9429626,2.700385,0.8904816,0.54182047,0.43626657,0.23913044,0.4,0.36666667,0.3392857,0.0,0.0,0.0,0.0,0.21973775,0.19862826,0.39579082,0.31897262,1.1071584,0.60635054,0.35735825,0.7229908,4.6708616e+07,6.6537005e+06,3.5609925e+06,5.025703e+06,0.0014135911,0.0035256683,0.0021124766,0.0038491138,2.4000373,-0.9151814,-0.13035941,-0.27296853,0.5687135,0.38577867,0.25874922,0.404301,7507.1094,2883.6719,4507.4766,4058.4062,23.360962,22.62124,22.51476,21.606802,0.039877735,0.060491733,0.04646235,0.06309165,23.049778,22.339865,22.647152,21.4289,0.3841467,0.9042759,0.6968365,0.9570217,0.36956522,0.15555556,0.17777778,0.16071428,2.2107277,0.43434912,0.6926961,0.84782606,2.5713272,0.74910134,0.5681278,0.7111111,1.7235794,0.69988394,0.5247747,0.42222223,2.2792492,0.66846246,0.86253655,0.5714286,3.2938957,2.9607239,2.9042912,3.8170853,0.14039081,0.19239408,0.1572034,0.20679623,17.307892,163.81622,268.18506,224.86722,3.4005964,10.556675,14.695598,16.964575,1.5644189,0.42921972,-0.50086904,0.4774343,0.9315822,1.3683981,1.0460886,1.3632088,0.796062,0.78318554,0.8109999,0.87233573,22.893661,21.540625,21.388756,20.297647
388,2528737734236961814,2.0851288,1.107892,2.7786713,1.3031845,0.5205116,1.2423363,0.71899986,0.9907799,5.6757927,1.5585251,4.6103163,1.858022,0.13207547,0.39583334,0.16666667,0.2982456,0.0,0.0,0.0,0.0,0.26531863,0.20183499,0.26931283,0.2792907,1.9443363,0.56041485,1.2452188,0.6490202,9.177939e+07,1.0137402e+07,2.6104212e+07,3.8279912e+06,0.0012020324,0.0011487976,0.0017604044,0.0014337181,8.897359,-1.0724556,14.314964,-0.40307713,0.9920083,0.3300652,0.6491419,0.36520243,8388.766,3068.9922,15990.453,2249.1367,21.44859,20.32099,19.82022,19.222399,0.035227202,0.03390588,0.04200243,0.037869498,21.18233,20.153362,19.748386,19.00064,0.1827755,0.4786625,0.35949993,0.46111488,0.5471698,0.125,0.4,0.10526316,1.8773384,0.268707,0.9151318,0.8679245,1.3008423,0.3074022,0.29805896,0.6666667,4.3736687,0.5280144,0.13532983,0.9777778,1.2552242,0.25952262,0.5150409,0.5964912,3.7747688,1.4914703,4.444006,1.8633251,0.09457482,0.10586924,0.09487821,0.11890211,267.65985,1683.2416,3498.051,3374.6274,11.1284685,34.625286,49.353317,51.38543,2.7084553,0.5105523,3.077608,0.7933279,0.7555738,0.689001,0.8324974,0.7279426,0.6685655,0.8325491,0.83321357,0.86600465,21.174196,20.226439,19.57791,18.959974
389,2528737734283311023,2.0277147,0.84364605,2.6451635,1.153017,0.6462879,1.11767,0.5014305,0.79846954,5.7029967,2.738901,4.389,2.53779,0.13207547,0.39583334,0.17045455,0.24561404,0.0,0.0,0.0,0.0,0.26905507,0.20072143,0.26664996,0.26298463,1.92436,0.5432686,1.2323763,0.67889386,9.330384e+07,5.7515285e+06,4.5386016e+07,3.2797645e+06,0.0012152806,0.00085939636,0.0009841386,0.0011222899,9.397112,-1.3159919,31.353115,-0.09866166,0.9769179,0.32878256,0.64946103,0.38151273,8210.527,1671.9844,17978.734,1677.875,21.237467,20.056807,19.468376,18.915098,0.03512625,0.029324317,0.031390194,0.033503827,20.91646,19.801064,19.471684,18.758173,0.15217781,0.34640026,0.24627972,0.365757,0.5849057,0.125,0.52272725,0.1754386,1.7896957,0.28358147,0.9882262,0.8679245,1.1461334,0.23054351,0.19980009,0.6666667,4.4799232,0.38352168,0.0,0.9886364,1.3627281,0.33659154,0.3011392,0.80701756,3.7922401,1.2564983,4.425707,1.7020626,0.091835506,0.080977336,0.071946084,0.10130482,393.3527,2038.2634,3264.7385,4415.27,12.323996,39.46641,47.33468,56.682007,2.777824,0.54490095,4.390428,0.97091454,0.7459926,0.58815217,0.6111161,0.63372815,0.6652079,0.8721208,0.8339021,0.84179235,20.963074,20.009497,19.370955,18.740852
390,2528737734290781439,1.5064526,0.030537605,2.509266,0.12830067,0.029684067,0.014787674,0.008150101,0.010684967,15.642843,1.2432022,33.977615,12.318572,0.057692308,0.20833333,0.011363637,0.03508772,0.0,0.0,0.0,0.0,0.20163362,0.2722806,0.10537971,0.13772824,1.669518,1.7173507,2.0240932,2.0646746,9.997608e+07,9.1668216e+07,7.607809e+07,7.537898e+07,0.0006311658,2.446559e-07,0.0008450407,3.8272556e-06,22.863308,0.6502733,87.967865,33.504265,0.8419456,0.903128,1.0120474,1.0329884,7542.3203,106.63281,20460.898,495.76953,20.490025,19.06975,18.320885,17.909756,0.025176423,0.0006520364,0.029076617,0.0019714641,20.35839,19.07259,18.264175,17.902296,0.013744354,0.0068531036,0.004155159,0.0044822693,0.88461536,0.22916667,0.9886364,0.877193,2.5442963,0.12730806,0.5735033,0.96153843,0.023330688,0.008868365,0.0065504843,0.25,4.9968147,0.007101765,0.0,0.9886364,0.17277908,0.009100333,0.087928444,0.9649123,2.9835987,0.03899765,4.996744,0.23635292,0.033853993,0.0020299954,0.0013618865,0.0024470594,25.199951,3.899771,30.084978,31.16206,2.620001,1.5271724,2.1418996,2.5149276,4.7245035,-0.8797232,9.378298,5.5051007,0.5158655,0.012434171,0.53270936,0.03530844,0.52251285,0.7671821,0.38864884,0.46605724,20.35992,19.07223,18.263872,17.905544
391,2528737734309118672,1.9135408,2.4260235,2.0311708,2.5382175,1.3356705,2.6418076,1.388504,1.8329144,3.7591877,1.5886465,0.7489964,0.8354495,0.23529412,0.35416666,0.3678161,0.33333334,0.0,0.0,0.0,0.0,0.3164203,0.20143257,0.4106453,0.30684996,1.1085976,0.58787656,0.28238842,0.5656818,5.0513316e+07,9.215064e+06,2.6264355e+06,3.37877e+06,0.0016138449,0.0043368097,0.0020231907,0.0038776884,-0.30306315,-0.97243524,-0.4456153,-0.56553245,0.61640686,0.34233397,0.21926233,0.3305828,8359.141,3792.6797,3858.4219,3668.8008,22.865965,22.224295,21.867987,21.039598,0.044451542,0.06660868,0.045130964,0.062463835,22.441614,21.824842,22.055454,20.891457,0.34796906,1.0271988,0.76482964,0.9205437,0.3137255,0.14583333,0.13793103,0.07017544,1.9862347,0.27260542,0.6223923,0.6862745,2.8375854,0.6812603,0.6040223,0.6875,1.6565533,0.63591653,0.45806396,0.43678162,2.2255135,0.54572517,0.84262425,0.54385966,2.9073658,3.3510208,2.5519981,3.203043,0.13256691,0.20467095,0.15081996,0.1955347,41.081284,321.83356,592.42303,463.76202,5.633859,14.696441,24.173979,26.382812,1.0042691,0.56349874,-0.46567023,0.5115214,1.0164274,1.4803311,0.98692334,1.314214,0.776671,0.7711769,0.8395518,0.8895723,22.242971,21.198526,20.91147,19.91199
392,2528737734602136048,1.4373655,1.8044167,3.1738377,1.9403448,1.0424614,2.0369072,1.0882416,1.5628738,3.4378357,2.378808,1.8957678,1.7104486,0.26923078,0.35416666,0.2,0.3508772,0.0,0.0,0.0,0.0,0.34504008,0.21110351,0.33465472,0.28221133,0.9196457,0.49648675,0.89125746,0.6398661,3.6511644e+07,3.0729212e+06,1.8381478e+07,3.6356112e+06,0.0013055998,0.0029468483,0.0024239968,0.003032011,0.21917892,-1.0011737,6.8194094,-0.5428021,0.54089355,0.30776775,0.48516867,0.3537345,6484.0234,2058.5,15870.477,3217.2773,21.975735,21.094992,20.747143,19.907135,0.036426015,0.054332655,0.04963747,0.055082653,21.645275,20.655254,20.785122,19.700356,0.34447098,0.6826601,0.53749275,0.7614498,0.32692307,0.125,0.33333334,0.10526316,1.5291405,0.24487942,0.55857766,0.6923077,2.2267609,0.47423598,0.49358204,0.6875,1.4257011,0.46781647,0.92729455,0.47777778,1.8915005,0.4493346,0.7602696,0.61403507,2.3083897,2.7324886,4.5538883,2.635357,0.118807584,0.16092736,0.13169327,0.1703828,165.05058,957.50116,2221.476,1827.643,10.507182,25.619112,42.720074,46.778202,1.1368302,0.671936,1.7836455,0.72670346,0.8004884,1.1461469,1.0298357,1.0965378,0.72828776,0.8213507,0.83722067,0.8941599,21.50069,20.555925,20.164404,19.202053
393,2528737734606819564,1.7336359,0.83897305,3.0540037,1.1898203,0.580637,1.1297588,0.5100403,0.814497,3.8745284,2.7121422,6.0301414,2.4216683,0.09615385,0.39583334,0.11363637,0.28070176,0.0,0.0,0.0,0.0,0.29506028,0.19854677,0.24347006,0.2629013,1.5665314,0.5319481,1.3735996,0.67931694,7.472534e+07,6.425079e+06,5.109037e+07,3.6007962e+06,0.00077581214,0.0008677185,0.0012091518,0.0011309976,10.857819,-1.3126267,40.303944,-0.01824379,0.80168235,0.32590252,0.713365,0.38281015,6419.9297,1941.0469,21258.758,1658.4141,21.196861,20.07637,19.480751,18.916933,0.02798679,0.029466199,0.034847695,0.033633552,20.997593,19.835129,19.471031,18.693968,0.19645596,0.34085846,0.24291325,0.37597466,0.42307693,0.125,0.57954544,0.15789473,1.4417706,0.27340418,0.84276956,0.88461536,1.1539211,0.23121367,0.19796874,0.6666667,5.2811527,0.38155615,0.0,0.9886364,1.3634014,0.3390212,0.31552014,0.80701756,3.1130733,1.2346325,5.230858,1.8355618,0.07087875,0.08349209,0.07219456,0.10323535,400.38354,1993.052,3115.4915,4360.2544,13.492155,38.22129,46.506775,55.43307,2.8063242,0.5435121,5.2753158,0.9814854,0.5932321,0.5915743,0.6788593,0.63624364,0.6662119,0.8693635,0.83498,0.8446407,20.99465,20.01902,19.376165,18.740992
395,2528737742551846533,2.276661,1.5543423,1.8200312,1.8417368,1.4373837,2.007412,1.4023609,1.5427551,0.46166342,1.8512564,1.2846173,2.6902108,0.2888889,0.5,0.39325842,0.24561404,0.0,0.0,0.0,0.0,0.41139492,0.2822178,0.4129665,0.27530143,0.41491866,0.40453842,0.24465887,0.4954291,1.2121893e+07,5.158866e+06,2.335392e+06,3.5152245e+06,0.0024426628,0.0020169981,0.0015555703,0.0020819455,-0.7180443,-1.5031266,-0.9245703,-0.427737,0.26826534,0.28255782,0.15036115,0.28803697,4332.6523,2277.8516,3063.6094,1996.3594,22.683638,22.60637,22.463604,21.999304,0.051216926,0.045577284,0.039851084,0.04652286,22.674307,22.367325,22.527925,21.594023,0.762516,0.87577915,0.6511135,0.5461254,0.044444446,0.083333336,0.06741573,0.0877193,1.9636841,0.60475504,0.61658114,0.51111114,1.9035072,0.4680552,0.34703654,0.6041667,1.5388699,0.5227444,0.3921121,0.46067417,1.9032536,0.38055706,0.6419406,0.6666667,2.4365444,1.8538761,2.0318317,2.8734589,0.17046514,0.1300697,0.12438743,0.14021435,356.5006,64.883675,168.23622,29.553583,20.748064,7.072551,12.989097,5.297707,0.060123608,0.20094553,-0.30456483,0.86601627,1.1617862,1.030337,0.895199,1.0234705,0.8495158,0.8690039,0.8671948,0.8458476,21.433872,22.22764,21.473738,21.362005
396,2528737742565023834,2.4304361,2.085534,2.453373,2.026476,1.8995667,2.358944,2.1704063,1.9452038,0.9303645,1.3209648,1.9739814,2.7283094,0.3043478,0.44680852,0.35955057,0.29090908,0.0,0.0,0.0,0.0,0.4340401,0.24719872,0.43165684,0.29091078,0.27493337,0.42908317,0.20530288,0.5854506,1.0668944e+07,9.705415e+06,2.0062052e+06,4.922487e+06,0.0030850212,0.003067004,0.0027703831,0.0024602101,-1.038378,-1.344966,-0.9797206,-0.93007517,0.22944485,0.30860654,0.13142993,0.32945362,4215.371,3911.1328,2878.375,2911.2227,22.694002,22.883389,22.89772,22.284683,0.058652896,0.05653958,0.05535498,0.051549915,22.897623,22.714457,23.291643,21.83057,1.1031456,1.0775185,0.8227997,0.618248,0.04347826,0.06382979,0.16853933,0.10909091,2.3426857,0.51497144,0.69672394,0.47826087,2.3055096,0.5310294,0.6404548,0.5531915,2.27557,0.59946066,0.5848782,0.40449437,2.2043839,0.4455842,0.55694264,0.6727273,2.432146,2.4794483,2.9240494,2.8764744,0.18086466,0.16292322,0.17283085,0.14974497,352.52893,70.73293,144.71022,18.668606,29.435291,7.6370497,19.28193,4.602305,0.13721384,0.24336615,-0.22850212,0.6844534,1.331069,1.2938172,1.2675028,1.1487736,0.8407499,0.81053776,0.8795594,0.8405395,21.289602,22.118134,21.20837,21.448185
397,2528737743611449763,0.95034504,1.3869982,1.5170536,1.5784006,0.45565987,1.0106888,0.6128254,0.9768505,0.5805183,0.32551932,0.83166105,0.46602035,0.27083334,0.40425533,0.29545453,0.27659574,0.0,0.0,0.0,3.8302694e-14,0.17132562,0.19914106,0.251796,0.2980487,0.8444173,0.988388,1.1800789,1.2536016,1.7673116e+07,3.2291616e+07,1.8630476e+07,3.595281e+07,0.00026754028,0.0005608572,7.809601e-05,0.00035072808,1.042584,-0.60326433,0.5214927,0.08495402,0.44088614,0.5283671,0.5923122,0.6279446,1824.0547,3745.8672,4764.1562,3742.8438,22.982874,23.436644,23.718395,23.196625,0.017746087,0.02869876,0.023442045,0.03170325,22.997574,23.389496,23.756798,23.092115,0.23884201,0.50352097,0.30104256,0.50144005,0.22916667,0.21276596,0.27272728,0.17021276,0.60715103,0.21461588,0.3155075,0.47916666,1.1324501,0.41100475,0.32873297,0.61702126,0.9637165,0.36383814,0.34823593,0.27272728,1.2220345,0.36003852,0.49857408,0.59574467,1.1276569,1.3920822,1.5554256,1.9116154,0.07187673,0.08728547,0.07683548,0.118102305,23.95122,17.881977,5.544108,3.4269495,3.3585768,2.5491655,1.7060279,1.4533275,0.67059267,-0.00203037,-0.33870453,0.5769269,0.40785608,0.6726026,0.5560077,0.73540837,0.6860883,0.67729247,0.7830722,0.75384396,22.903463,23.06119,23.39376,22.792612
398,2528737743803634566,1.6943245,1.5182257,1.6492529,1.3660545,1.238842,0.78931046,1.1289749,0.73558044,0.26003394,1.6564187,0.3857103,0.83790606,0.3809524,0.3030303,0.3448276,0.3,0.0,0.0,0.0,0.19650437,0.26986548,0.34531382,0.33504003,0.2783623,0.77863944,0.7263443,0.702029,1.6547676,1.8918248e+07,2.1052482e+07,1.4107896e+07,5.06542e+07,0.0010607785,0.0007237558,-0.00022643524,-0.0004967242,-0.5797627,0.052690506,-0.56523275,0.17815614,0.44588724,0.44431987,0.36777177,0.8901163,3583.4297,1996.4297,2507.6406,2233.8828,23.772873,23.59994,24.153479,23.402533,0.037243355,0.0371539,0.035023697,0.030475575,23.75703,23.258316,24.203053,23.319494,0.619421,0.3965454,0.59001064,0.36779022,0.21428572,0.15151516,0.12068965,0.3,1.4533119,0.51647455,0.5223365,0.5952381,1.8614006,0.41385764,0.44938317,0.7878788,1.3944855,0.4946422,0.46762377,0.44827586,1.3857212,0.3835976,0.4488334,0.76666665,1.9616852,2.3164463,1.7984486,1.7544289,0.12048492,0.12457496,0.120042995,0.10886437,23.636267,9.629818,6.751202,1.2154559,4.6753125,3.0374582,2.7213464,0.93461186,0.23021452,1.0144169,-0.19870442,0.78490114,0.8853816,0.87682974,0.8459441,0.71320564,0.86375856,0.8162736,0.88984233,0.80705726,22.944677,22.792564,22.873775,22.930773
399,2528737746536338832,1.069109,1.3078709,1.0713787,1.8167658,0.66239166,1.5167999,0.49754524,1.2947845,0.34113926,0.960251,1.6369693,0.5815994,0.30612245,0.4375,0.25842696,0.31578946,0.0,0.0,0.0,0.0,0.2672427,0.21420746,0.29107952,0.31512406,1.0801804,0.57590044,0.9350413,0.6529373,3.9959324e+07,8.602519e+06,9.341737e+06,1.3404048e+07,0.0005298829,0.0012344923,0.00031595133,0.0012858273,-0.09499693,-1.2880981,1.4804194,-0.65438366,0.7120921,0.3544964,0.48591477,0.35611036,3385.6016,2272.0938,3204.746,3090.6016,22.190561,22.323423,22.783215,22.609434,0.023340018,0.035509016,0.018719483,0.03876781,22.141401,22.31772,22.871786,22.398396,0.3252697,0.74040604,0.24325752,0.6444931,0.1632653,0.041666668,0.23595506,0.19298245,0.8652458,0.2935958,0.34390083,0.6530612,1.382904,0.33547446,0.41675264,0.5,0.80267143,0.33867586,0.22444768,0.23595506,1.5079689,0.43371794,0.48490512,0.57894737,1.2379799,1.4294662,1.5491009,2.2506618,0.083328635,0.10594541,0.058393918,0.13139933,124.25922,107.08404,20.69359,14.938613,8.681794,8.074177,3.1082566,3.208322,0.47727507,0.14359029,-1.1039987,0.27359486,0.5179281,0.7926828,0.42649,0.87651825,0.7300302,0.8002638,0.7351831,0.8035255,21.945654,22.05359,22.638096,22.028173
400,2528737747578399916,1.5492334,1.4699888,1.8206434,2.1461,1.2331066,1.8070278,1.4105377,1.925991,1.4122651,1.1914681,3.7528405,0.66657066,0.34,0.44680852,0.23404256,0.39655173,0.0,0.0,0.0,0.0,0.38494274,0.2552069,0.41363686,0.3571944,0.5010268,0.39034018,0.22298063,0.5145093,1.7647998e+07,7.1635055e+06,1.8836395e+06,3.9861538e+06,0.0012638621,0.0018422189,0.0017212413,0.0024297629,-0.55497646,-1.3763821,0.023904324,-0.9621215,0.37203634,0.28566343,0.14723918,0.2743447,3603.121,2481.539,3261.9648,1685.5312,21.465168,21.790619,22.162184,21.922264,0.035629243,0.043050215,0.04169546,0.04988738,21.235954,21.834635,22.527973,21.81983,0.37073708,0.86795616,0.47246265,0.92419434,0.24,0.06382979,0.15957446,0.12068965,1.4567394,0.37318736,0.3425802,0.7,1.6494999,0.35974476,0.49686322,0.4893617,1.7064133,0.6130952,0.350972,0.32978722,1.868536,0.5583294,0.5964207,0.5689655,1.812645,1.5240974,2.7282333,2.4250107,0.11740782,0.12513553,0.13701448,0.15698431,509.05988,272.7715,433.8316,76.94729,18.691957,14.660103,19.76031,9.133115,0.5141019,0.12832156,-0.94750434,0.22340705,0.7647877,0.93809086,0.9240625,1.0936444,0.77396554,0.87031585,0.8211614,0.8516596,21.102953,21.478832,21.14564,20.97867
401,2528737749422753410,1.2871838,1.3712912,1.3646784,1.7270079,0.67689323,1.1953678,0.5846844,1.5275078,0.7481008,0.5510208,0.6373982,1.0376133,0.26,0.41666666,0.2795699,0.40350878,0.0,0.0,0.0,0.0,0.27072567,0.2041659,0.35310462,0.33230317,0.64987564,0.7396706,0.66003424,0.6818101,8.2737565e+06,1.242474e+07,7.7764165e+06,8.568939e+06,0.0007374953,0.00093531,0.00041218943,0.0013117508,0.20573044,-1.0103624,0.6238141,-1.12871,0.3794908,0.40742067,0.3639094,0.3463705,1544.6758,1597.0117,2641.707,2238.039,22.24468,22.555748,23.012207,22.76019,0.02752455,0.031305864,0.021615356,0.039928894,22.23604,22.567202,23.089867,22.648668,0.3378296,0.61369896,0.3029461,0.76137733,0.28,0.16666667,0.23655914,0.0877193,0.9166126,0.45167884,0.3457376,0.54,1.1857033,0.35710558,0.39733362,0.5,0.7970028,0.35691294,0.27051753,0.39784947,1.5943928,0.4023104,0.46685284,0.54385966,1.3852844,1.4018822,1.6013947,1.919981,0.100784615,0.094991736,0.07360649,0.11775046,380.78506,68.94708,15.851277,11.503329,13.66653,5.9405746,2.9377232,3.2076297,-0.3787467,0.066677496,-0.5305236,0.20531765,0.6122748,0.7061272,0.49741706,0.90878916,0.8119402,0.7384069,0.7676604,0.82548976,21.593752,22.229694,22.82014,22.150757
402,2528737751484299020,1.5874424,1.2850246,1.3515244,1.8742056,0.54185104,1.0582924,0.4765091,1.4465103,0.90379566,0.631164,1.0286211,0.5553741,0.25,0.3617021,0.26136363,0.3653846,0.0,0.0,0.0,0.0,0.2613331,0.17547394,0.29956952,0.29960376,1.0475583,0.67366815,0.9662228,0.7819429,3.3499066e+07,1.3362725e+07,1.4576008e+07,1.4140218e+07,0.00075341365,0.00081487396,0.00032227338,0.0009449312,1.035449,-0.9776118,1.1911955,-0.8362689,0.5906273,0.39084587,0.5015074,0.4017629,5113.461,1957.625,4749.328,4435.8516,22.423323,22.71541,23.19098,23.05096,0.028384473,0.029552197,0.020278981,0.041056413,22.386528,22.692757,23.228308,22.885159,0.2498846,0.55151176,0.2412281,0.7066231,0.28846154,0.08510638,0.25,0.15384616,1.0863838,0.41588992,0.4636976,0.75,1.1385956,0.3222877,0.37623584,0.5106383,0.7271595,0.34568748,0.28906518,0.375,1.6402054,0.47453868,0.51198244,0.59615386,1.8557415,1.3009567,1.4715805,2.2060623,0.104710594,0.09456392,0.07565672,0.13386261,217.09952,48.322674,8.407168,7.6823945,10.064857,4.91922,2.116616,2.5153236,0.39353734,0.09334939,-0.34710628,0.2959471,0.6364742,0.6712903,0.47028947,0.9463898,0.76978815,0.718626,0.7487183,0.7931882,21.862772,22.440733,23.03026,22.300922
403,2528737752397323157,1.1418905,1.4132423,1.5033989,1.22299,0.6382942,1.1752949,0.50224686,0.7876835,0.7656912,0.32922348,0.98008245,0.34510186,0.28947368,0.2962963,0.25,0.2631579,4.7226504e-07,0.00045444941,0.90121835,0.7262567,0.15390761,0.19833311,0.20521034,0.3297799,1.3200531,0.87347996,1.2571489,1.5697533,7.0740776e+07,7.956844e+07,3.2819232e+07,5.267127e+07,-0.0001226958,-6.0584316e-05,-0.0020043054,-0.0030321612,0.09522271,-0.931201,3.688808,-0.22817612,0.72158605,0.5517015,0.71914226,0.9378974,3012.6445,3269.2188,4370.9062,1236.7344,24.426277,24.409586,24.714806,23.789719,0.023945553,0.031271014,0.021316245,0.0276951,24.359598,24.510523,24.80254,23.626608,0.3244791,0.6286144,0.28006268,0.39764404,0.21052632,0.11111111,0.28846154,0.21052632,1.1024971,0.33173096,0.39182281,0.7631579,1.3086987,0.39830977,0.37661412,0.44444445,0.9212189,0.5046289,0.30043212,0.23076923,1.083807,0.3347888,0.42298883,0.57894737,1.4161682,1.587101,2.1526031,1.4523964,0.08433854,0.09409689,0.070000604,0.09735397,2.5782492,2.1817892,0.75494176,0.78018975,1.299541,1.2132137,0.5696851,0.68250597,0.722241,-0.17785166,-1.2871745,0.3528112,0.58490074,0.7633125,0.52682686,0.65885866,0.7633809,0.8231902,0.6492642,0.73723,24.043816,24.209793,24.425686,23.387348
404,2528737753689074538,2.3166828,2.7058983,2.5647206,2.7859616,2.308937,3.5632095,1.5831661,2.9839725,3.8359015,1.138366,4.0203958,2.6262057,0.1923077,0.47826087,0.30107528,0.19642857,0.0,0.0,0.0,0.0,0.32864445,0.22248869,0.36749277,0.2960045,0.43293664,0.5142649,0.35789433,0.75725067,3.7681835e+06,2.4548942e+06,5.7622295e+06,1.0850256e+07,0.008318355,0.01179638,0.0065771514,0.012155749,-0.34302258,-1.2964841,0.042013407,-0.8939476,0.2955257,0.33907357,0.23191507,0.40789628,2408.502,2447.9766,10592.891,8632.457,16.320034,17.20365,17.846931,16.394411,0.09120508,0.108611315,0.08109985,0.11025332,15.682308,17.038055,18.379282,16.100622,0.6258817,1.6499767,0.70960236,1.5017791,0.13461539,0.06521739,0.22580644,0.035714287,2.8556442,0.5230832,0.9340641,0.6923077,3.2640285,0.9663267,0.88247454,0.5869565,3.151204,0.7165446,0.733905,0.19354838,3.2050142,0.7866622,1.0916435,0.625,4.0014706,3.0799484,3.7759771,4.0559235,0.28199843,0.31190708,0.2729377,0.32048118,842680.8,1.0837468e+06,1.063346e+06,691277.9,941.6566,1257.5894,1166.7117,1251.1902,0.97580975,0.16030112,-1.0060225,0.615232,1.4884701,1.868511,1.4473835,1.8075383,0.90730333,0.9185262,0.93415815,0.9318818,15.392886,15.497405,15.678056,14.936288
405,2528737755891953710,1.8079329,1.8475685,2.2586613,2.2447271,1.4848709,1.8166466,1.7118149,1.816042,0.8965447,0.7129258,3.1299372,1.3184851,0.33333334,0.40425533,0.23913044,0.25,0.0,0.0,0.0,0.0,0.42022106,0.2714019,0.4174342,0.31509626,0.19539498,0.38765115,0.2514792,0.59438616,3.414392e+06,4.034081e+06,1.8570948e+06,7.8052305e+06,0.0019598817,0.0024953263,0.002219623,0.00252659,-0.9222827,-0.99086237,-0.2706039,-0.73822236,0.2276091,0.2685739,0.18346213,0.31906852,1638.8828,2360.0469,2932.875,3934.8594,21.560255,22.16257,22.394768,22.26453,0.044377115,0.050242946,0.047447287,0.052095488,21.561886,22.192116,22.812057,21.964022,0.7602978,0.926445,0.570343,0.7987108,0.078431375,0.10638298,0.2173913,0.08928572,1.6264343,0.39289674,0.57800645,0.49019608,1.8483448,0.6555117,0.5785498,0.4680851,1.9648724,0.6436546,0.4274064,0.33695653,2.0446548,0.482993,0.66965306,0.58928573,1.8082504,2.0292988,3.302351,2.8794765,0.14680772,0.15692537,0.15089546,0.1731678,709.2682,310.12964,369.00388,33.068665,31.813448,14.684462,21.067635,6.11681,0.2505034,-0.22307618,-0.796153,0.50619876,0.9567819,1.1135129,1.0625709,1.1598816,0.84907776,0.82598466,0.8488418,0.8222943,20.954664,21.400318,21.084251,21.323616
406,2528737756171005215,1.2322264,1.5749798,1.4952297,1.5645885,0.8478546,1.6164036,0.40385246,1.2656136,0.5011154,0.8457096,3.073799,0.62307733,0.3846154,0.40425533,0.21978022,0.3272727,0.0,0.0,0.0,0.0,0.2718799,0.25383562,0.27850875,0.2901094,0.69383085,0.5325845,0.94681954,0.78380966,1.113419e+07,9.120335e+06,9.852659e+06,1.388183e+07,0.00075928465,0.0016065199,0.00033524333,0.0011846216,-0.6112094,-1.2602254,4.843986,-0.6731472,0.4433588,0.317562,0.5042789,0.44038776,2078.7188,2222.1172,3234.6367,2910.6172,22.215595,22.420498,22.895845,22.76609,0.027857758,0.040512938,0.01943989,0.037430275,22.236532,22.53117,22.989954,22.708035,0.4730091,0.79024124,0.19729233,0.67948914,0.25,0.12765957,0.41758242,0.09090909,1.002037,0.368012,0.38530692,0.3846154,1.5765972,0.40819457,0.47057715,0.4893617,0.8666992,0.4743922,0.22948962,0.18681319,1.4432297,0.41466483,0.5225909,0.58181816,1.2913914,1.7663269,2.0719337,1.7648506,0.09424818,0.11725953,0.05920724,0.12698103,264.8062,102.28135,18.663666,9.811104,12.001971,8.453728,2.5829813,2.9226062,-0.12574661,0.0504241,-1.6744379,0.40011743,0.6188767,0.90832025,0.4450927,0.852141,0.7873712,0.8431959,0.6471708,0.82871085,21.754911,22.058886,22.784681,22.289877
407,2528737758394527692,1.3064995,1.631383,1.7480516,1.2511263,0.74604034,1.6320419,1.1869259,0.87151337,0.2534864,1.0690612,0.4187548,0.16114989,0.30612245,0.4375,0.30769232,0.44827586,0.0,0.0,0.0,3.471072e-05,0.35963237,0.3094773,0.27038336,0.2322706,0.9323181,0.9050285,1.0269791,1.7384163,4.581949e+07,3.4034496e+07,1.4889622e+07,6.584487e+07,0.00028996254,0.000538898,-7.16837e-05,-0.00023016572,-0.13797426,-1.1820474,-0.0793581,-0.52493787,0.5182832,0.45912993,0.51398456,0.89565724,3816.9688,2847.2344,3252.371,2337.918,24.022867,23.976532,23.896654,23.465847,0.023634084,0.03769733,0.034040798,0.026099838,23.98793,23.791012,23.943857,23.507263,0.41062546,0.7454977,0.5898628,0.43501663,0.18367347,0.15625,0.16923077,0.1724138,0.9079037,0.3697876,0.30109975,0.53061223,1.6645374,0.42326924,0.3221043,0.625,1.3293056,0.5303295,0.4394489,0.41538462,0.9976349,0.33836836,0.3642728,0.44827586,1.313446,1.7385883,2.1439533,1.2895603,0.07634577,0.10676361,0.118211076,0.082802445,16.660543,6.2092285,33.950745,2.4302924,2.3058012,2.1420207,5.4831467,1.225823,-0.21709989,0.22806095,-0.45222145,-0.0033157398,0.56775844,0.9038513,0.8134612,0.61245483,0.70795846,0.7662007,0.82791126,0.7756573,23.435402,23.34334,22.446949,23.050764
409,2528737776424479411,1.7113285,1.3562498,1.2799673,1.5557146,0.4503727,1.2067661,0.604866,1.0132542,1.542145,0.35552508,0.29649183,0.40021136,0.2173913,0.3939394,0.2837838,0.25,5.551115e-16,1.3943578e-06,0.44826987,1.3548139e-05,0.281745,0.21899176,0.255679,0.2803959,1.2403557,1.0792933,0.9101053,1.2847751,1.0105165e+08,3.7327084e+07,2.2854538e+07,7.715915e+07,-6.207736e-05,-0.0002730525,-0.00017205016,-0.0003026003,1.9201655,-0.8463633,0.17003489,-0.006721258,0.8662264,0.59067106,0.4736701,0.73445386,7684.086,1633.5156,4548.703,3628.3828,24.05807,24.151447,24.3006,23.542925,0.02423399,0.029880524,0.02178198,0.031139517,23.950672,24.116247,24.31749,23.451103,0.24681759,0.6319084,0.302433,0.47741222,0.4347826,0.18181819,0.2027027,0.14285715,1.1152153,0.3584153,0.3442766,0.7826087,1.1801205,0.41962346,0.39739525,0.5151515,0.8485966,0.31660718,0.34033766,0.3783784,1.2865791,0.45035437,0.4138694,0.71428573,1.7629814,1.3739719,1.284874,1.5679989,0.074923486,0.093988314,0.07539488,0.09963903,3.7157896,2.631892,1.0124457,2.5712585,1.3117428,1.3210843,0.8087859,1.0520186,0.28511626,0.011665638,-0.033284787,0.27664566,0.583023,0.7216579,0.5293152,0.7331153,0.6683751,0.8087662,0.8077781,0.68735844,23.91941,24.029375,24.137075,22.91125
410,2528737781312854066,1.1902151,1.3753653,1.6961441,1.5253782,0.7559891,1.5649853,1.0473461,0.9240284,0.317568,0.7823716,0.4158055,0.36217415,0.35555556,0.3448276,0.31666666,0.2857143,0.0,3.9357406e-13,0.0,0.00081588334,0.3054147,0.322369,0.25013968,0.30292928,0.9919656,0.9144579,1.4355111,1.6068972,7.71415e+07,4.9277908e+07,2.8149224e+07,6.738692e+07,-0.00013741964,0.00046360173,0.00025409058,-0.0009181271,-0.19872165,-1.2699587,-0.103709936,-0.077674866,0.52458096,0.47365665,0.72378135,0.8044843,4684.5312,2144.7383,4125.004,2806.0,24.228676,23.86984,24.019833,23.60934,0.022388143,0.036072914,0.03338046,0.029897295,24.201738,23.753452,23.998589,23.438843,0.3936844,0.70853996,0.54256916,0.58508205,0.17777778,0.10344828,0.21666667,0.25,0.88043976,0.3664603,0.24173753,0.5555556,1.5047665,0.3559923,0.4670864,0.55172414,1.2746353,0.5677377,0.3662855,0.55,1.2004185,0.37667072,0.3947519,0.60714287,1.3361835,1.6095772,1.9690857,1.8092766,0.07617356,0.106573895,0.11538032,0.10009038,12.746338,4.2381787,24.702192,2.0808184,2.1649315,1.8990389,4.507031,1.0188915,-0.37930223,0.2976433,-0.45338604,0.29354116,0.54243505,0.8610547,0.80179304,0.7058554,0.70199853,0.87435555,0.84296817,0.72475266,23.599844,23.548693,22.620684,23.099384
411,2528737781323659344,1.1923695,1.5961647,1.738452,1.0435677,0.9039116,1.4451332,0.84810066,0.6140499,0.3318198,0.45761955,0.6581402,0.2995014,0.3409091,0.34375,0.265625,0.25,0.0,8.21565e-15,0.0,0.7656895,0.30145317,0.3094648,0.2317679,0.29764676,1.167376,0.93507457,1.26403,1.2957335,7.327144e+07,6.752746e+07,2.1271898e+07,7.3091496e+07,-4.608824e-06,0.00012941603,2.7637063e-06,-0.00079045194,-0.63804317,-0.9261327,0.45706272,0.14021063,0.610129,0.47244254,0.6391771,0.7011538,4013.5625,4170.836,4359.2656,1676.5586,24.27548,24.096546,24.097946,23.673676,0.022917226,0.035479903,0.030717362,0.021618783,24.366032,24.031595,24.09749,23.618221,0.4176588,0.6568155,0.46552753,0.3013935,0.18181819,0.09375,0.1875,0.16666667,0.9389019,0.29820493,0.29503843,0.45454547,1.438551,0.41967237,0.4891638,0.53125,1.1431637,0.5550342,0.37973666,0.46875,0.8234577,0.27038616,0.35254696,0.5833333,1.403698,1.6281471,2.0100079,1.1615562,0.068774916,0.102318056,0.10821073,0.07619834,10.785865,4.3314295,21.654278,0.7759933,2.2120252,1.7315155,3.8375437,0.69238085,-0.12080205,0.1624231,-0.6231378,0.46151093,0.5563267,0.85494316,0.7402253,0.51179606,0.6895569,0.8084618,0.83789414,0.7528835,23.688068,23.644188,22.697004,23.521317
412,2528737781448806010,1.2712946,1.7902441,1.7180262,1.1840239,0.8360653,1.5053787,0.96556664,0.8182583,0.20024684,0.34333006,0.35451555,0.31657714,0.3255814,0.34615386,0.2982456,0.29411766,0.0,6.312728e-13,0.0,0.48207474,0.26035297,0.29797953,0.2155505,0.35810995,1.1173303,0.8000406,1.2860303,1.2010598,4.279326e+07,9.527453e+07,2.3545438e+07,1.4883822e+08,-2.8807835e-05,0.0004324533,-0.0006097081,-0.0008501039,-0.24104047,-0.7214227,0.12203264,-0.26375222,0.5979318,0.40334186,0.7079781,0.78302103,2755.8008,3059.3984,3819.121,2273.832,24.424892,24.21992,24.226288,23.88398,0.023873905,0.040830594,0.032225583,0.027052196,24.428223,24.080696,24.18558,23.775959,0.4167881,0.6419201,0.52387047,0.4240284,0.20930232,0.1923077,0.21052632,0.11764706,0.94322395,0.37101284,0.34256157,0.39534885,1.666338,0.5861949,0.44908255,0.5769231,1.2381592,0.5529126,0.45382878,0.3859649,1.0936661,0.3679346,0.36931017,0.64705884,1.363308,1.9264431,1.9723358,1.2577782,0.07755034,0.13059732,0.11045331,0.092111796,9.025222,4.4672484,16.96292,0.97424245,1.9226755,1.6530385,3.3212297,0.7770846,-0.29471418,-0.12518567,-0.47066927,0.2694087,0.58311754,0.98891366,0.7807062,0.6461141,0.7408537,0.7553766,0.815786,0.74762493,23.750423,23.705717,22.846338,23.613518
413,2528737781526857929,1.6202345,1.2900515,1.4215746,1.180028,0.7087097,1.2525234,0.94091034,0.87075996,0.51280457,0.53797466,1.2555617,0.20564078,0.25641027,0.36363637,0.25,0.4117647,0.0,0.2976698,0.0,0.3627825,0.26233098,0.25958964,0.22992726,0.3550591,1.0021285,0.9591965,1.2839322,1.1083575,4.9822316e+07,2.0244645e+08,2.7704282e+07,9.62165e+07,2.9994084e-05,-0.0015744929,2.866571e-05,-0.0011384669,0.7287042,-0.88901377,0.16154933,-0.58855915,0.6146728,0.4955441,0.71320575,0.6399219,2866.4375,3762.4922,2891.8008,2286.0156,24.539423,24.283812,24.152985,23.917183,0.026612632,0.030441912,0.028138671,0.027713483,24.636747,24.115124,24.331362,23.894297,0.3868885,0.5520563,0.37197876,0.3684826,0.17948718,0.18181819,0.25,0.11764706,1.0204258,0.43436494,0.39049652,0.43589744,1.3411121,0.3446395,0.33288127,0.6363636,1.2531891,0.46056724,0.3199327,0.29166666,1.0376358,0.39545864,0.41717672,0.5294118,1.8119583,1.6210117,1.8794765,1.2182236,0.09173615,0.098367035,0.091208965,0.08977367,7.574787,1.1383474,13.968606,1.0848972,1.9395423,0.92913175,3.3845017,0.7669852,-0.25531128,0.38026682,-0.8658908,0.09781111,0.65305865,0.73924565,0.6796329,0.66282845,0.7572097,0.8493153,0.86294246,0.77883774,23.87542,24.110228,22.994177,23.586975
414,2528737781900780394,1.3843231,1.4339857,1.2494125,1.0327711,0.7444687,1.678772,0.6708183,0.80135155,0.22469118,0.4943709,0.26040977,0.23317802,0.2888889,0.47619048,0.33962265,0.375,8.576408e-06,0.14816354,0.0,0.21045825,0.21924308,0.33853313,0.19491535,0.35993016,1.6043506,0.80630386,1.341875,1.7158151,7.518979e+07,1.2199843e+08,2.8851718e+07,1.3350291e+08,-0.00039901564,-0.0006131743,-0.0009046759,-0.0012270033,0.081676245,-1.1853571,-0.015254974,-0.5574229,0.85182714,0.43120363,0.7159714,0.8747193,3605.539,3927.211,2281.6172,2476.1719,24.604597,24.412827,24.316555,23.663548,0.02370492,0.036263168,0.022711087,0.02620615,24.585901,24.342789,24.339191,23.656471,0.38892937,0.7172146,0.338665,0.4316721,0.08888889,0.0952381,0.18867925,0.1875,0.9334526,0.3446886,0.3518837,0.53333336,1.5195389,0.41777277,0.4847568,0.5714286,0.8932018,0.35123754,0.31635606,0.41509435,1.0057163,0.4258946,0.26189378,0.625,1.4525852,1.6380329,1.5720539,1.1424255,0.0755685,0.108831786,0.07129497,0.08481332,2.1921637,1.3278999,5.4081287,1.2715135,1.2215265,0.9905268,1.5369849,0.879091,0.041744985,0.2794455,-0.37067088,-0.24280508,0.58325,0.88528645,0.5522554,0.6201305,0.7374924,0.85925347,0.7432435,0.79822713,24.283686,24.214134,23.508007,23.228653
420,2528737793870385120,1.9037209,1.4598856,1.9137182,1.7766361,0.5951214,1.6820335,0.94906616,1.2948723,4.8568482,2.5695727,0.19630106,1.6348335,0.13207547,0.38297874,0.3152174,0.31666666,0.0,0.0,0.0,0.0,0.32408172,0.20503278,0.38091674,0.30820173,1.0358827,0.52805746,0.60719407,0.6267346,7.092483e+07,5.682187e+06,7.816939e+06,4.2964705e+06,0.0011511208,0.0020428933,0.0011022178,0.002090061,4.248535,-1.1005466,0.31329584,-0.26593852,0.59121364,0.32487237,0.32373285,0.34884536,13400.516,2848.6406,7838.59,2980.5117,22.031357,21.171062,20.963903,20.361902,0.034462836,0.045247667,0.033227578,0.04575692,21.743872,20.819868,20.94285,20.193054,0.24324608,0.46570015,0.47572994,0.6650324,0.43396226,0.14893617,0.22826087,0.1,1.6407185,0.27148232,0.7484077,0.8113208,1.920187,0.38842824,0.296165,0.70212764,1.1043911,0.4207465,0.42886037,0.5326087,1.6016579,0.3853782,0.65658796,0.6166667,3.3007336,2.0947113,2.3327484,2.4380417,0.102611996,0.13509363,0.10373535,0.14134376,119.905045,531.9906,950.52826,604.60724,7.921156,19.23065,26.402164,24.8778,1.9995637,0.6394946,0.18741615,0.7878816,0.75926304,0.9579412,0.6965797,0.93169796,0.68990076,0.82213837,0.85583067,0.8805323,21.701906,20.856749,20.601583,19.870756
421,2528737793903883826,1.781045,2.2440653,2.5301123,2.519473,1.4504261,2.5832577,1.3101902,1.959629,3.5202513,2.5605283,0.31971806,1.6355914,0.3018868,0.3617021,0.2826087,0.28333333,0.0,0.0,0.0,0.0,0.31694302,0.23990104,0.39726025,0.31432492,1.0129597,0.5630457,0.5839688,0.66596496,4.5273096e+07,7.7577925e+06,7.848364e+06,3.3348475e+06,0.0019311832,0.0038576396,0.0017857052,0.003957453,-0.18089819,-1.0266578,0.1420536,-0.41527367,0.5345484,0.34929708,0.30927834,0.36917663,10716.844,4188.5156,10363.34,4109.1836,22.78611,22.132887,22.120779,21.231932,0.044863764,0.06260329,0.042563125,0.06326544,22.338034,21.539263,22.291515,20.99551,0.358387,0.767086,0.64990234,0.9771509,0.3207547,0.17021276,0.19565217,0.1,1.9738941,0.27949435,0.6430943,0.6792453,2.7202435,0.5159127,0.56636065,0.68085104,1.5305386,0.53281254,0.5589813,0.47826087,2.3317623,0.5736587,0.8916513,0.6166667,2.830103,3.429165,2.724617,3.4357452,0.14471835,0.18648301,0.14408855,0.20039856,61.84443,202.22665,297.59128,231.62534,6.604226,11.140617,17.028496,19.463846,1.0207337,0.6795011,0.08931609,0.71572506,1.0222707,1.3855915,0.9415295,1.3432475,0.7868932,0.76818967,0.8224895,0.8767333,22.116076,21.363575,21.320143,20.198406
422,2528737794053073262,2.055313,0.43640804,1.9054003,0.54644394,0.21598053,0.40481186,0.23243713,0.39063263,11.833365,1.3834376,9.565027,2.5337949,0.037037037,0.29787233,0.032608695,0.2,0.0,0.0,0.0,0.0,0.21526906,0.22263186,0.19331536,0.2886086,1.8550488,0.7450562,1.0783238,0.68055195,1.0685472e+08,1.9366196e+07,1.6001225e+07,3.2507172e+06,0.0010512009,0.00015516726,0.0004272351,0.000231231,22.052258,-0.7228179,57.597607,0.11485052,0.928641,0.40945557,0.8891901,0.37307784,11424.039,1088.5391,7804.5195,840.47656,21.107878,19.874651,19.433628,19.085072,0.032587174,0.012478621,0.02067564,0.015216008,20.910889,19.805323,19.395655,18.97958,0.07535076,0.15498734,0.11494541,0.15851879,0.8333333,0.10638298,0.70652175,0.13333334,3.4558163,0.18514867,0.5718538,0.962963,0.45821953,0.10924895,0.13051131,0.65957445,3.4430008,0.18154083,0.0,0.98913044,0.5055065,0.10268648,0.22092389,0.6333333,3.9291763,0.6141281,3.4435482,0.8254585,0.032989163,0.03941825,0.033955757,0.0487064,184.75456,481.55478,780.89233,1004.4946,7.7428203,20.189173,22.553215,25.271732,4.6169753,0.6170362,6.796217,1.0071038,0.6878461,0.24800824,0.40180272,0.2903986,0.66864836,0.8746599,0.8044192,0.8165346,20.987253,19.957182,19.408184,19.131609
423,2528737794058681538,1.9678144,0.85094166,1.8651762,1.0737324,0.5822201,1.0937824,0.53941727,0.7430153,5.6762943,3.3204424,1.6406965,2.6174467,0.12962963,0.3617021,0.19565217,0.2,0.0,0.0,0.0,0.0,0.30656403,0.22445098,0.32388398,0.28333068,1.5552223,0.4665748,0.8055486,0.6676189,8.292049e+07,5.136326e+06,1.1527328e+07,3.7386335e+06,0.0010213304,0.0007864141,0.00058508787,0.00083077746,10.7951355,-1.0076118,13.906099,0.23374319,0.7984992,0.2984768,0.5273593,0.3643038,9434.8125,1296.9688,7597.6914,1657.668,21.389774,20.321539,19.976774,19.48762,0.032088246,0.028059186,0.024197435,0.028832799,21.08323,20.053919,19.999516,19.333029,0.10215759,0.27705574,0.2827978,0.3326578,0.5925926,0.08510638,0.38043478,0.11666667,2.8902473,0.40538618,0.7058916,0.962963,1.149683,0.2052216,0.21763982,0.70212764,0.6740532,0.19403939,0.43211105,0.4347826,1.0597954,0.25796917,0.41528538,0.73333335,3.5888844,1.3567104,2.9161472,1.637495,0.066592366,0.079908855,0.06469483,0.08932234,328.5528,1002.5934,1431.4431,1339.9613,11.023723,27.584526,32.094074,30.722553,2.9427748,0.76396966,2.4290814,1.0571179,0.68636036,0.57020587,0.4833867,0.5618826,0.6915917,0.85868657,0.86138517,0.83968395,21.164991,20.291933,19.894032,19.384197
424,2528737794079200205,2.472086,0.17241573,1.782239,0.18632698,0.06298828,0.08516121,0.04637146,0.059249878,17.454468,1.6809412,29.35767,2.7614512,0.037037037,0.23404256,0.010869565,0.15,0.0,0.0,0.0,0.0,0.19019704,0.20882283,0.1065249,0.23305072,1.8409998,1.4481027,1.0187024,1.1302067,1.07477976e+08,7.844859e+07,1.5751736e+07,4.370618e+06,0.0014633202,9.373331e-06,0.00037097768,1.0282784e-05,26.999508,6.662404,90.47128,9.602387,0.921614,0.75773805,0.99909896,0.58745366,12911.383,637.58984,7205.5977,131.55078,20.850157,19.506964,18.994215,18.69517,0.038702026,0.00312232,0.01926467,0.0032355678,20.673695,19.491177,18.958035,18.6772,0.022995949,0.039373398,0.024553299,0.028452873,0.9074074,0.27659574,0.98913044,0.26666668,4.1475677,0.08600387,1.0018595,0.962963,0.10365105,0.023510057,0.055930186,0.68085104,3.4955578,0.03306158,0.0,0.98913044,0.122377396,0.028856428,0.074740455,0.8333333,4.8788395,0.28319168,3.493744,0.32030678,0.018979479,0.007203158,0.0059603783,0.00828085,17.289742,36.324146,100.49214,101.87979,2.859461,5.4951816,6.3079042,6.992512,5.189582,1.9205084,9.473192,2.466845,0.8069433,0.060906984,0.3659173,0.060489487,0.747425,0.908435,0.6206022,0.7105184,20.690775,19.526268,18.962704,18.71882
426,2528737801229857589,1.6239014,1.962719,1.9199162,2.3952131,0.6093559,1.6450005,1.0831223,1.700676,3.3885245,2.276221,0.60983455,1.5532097,0.22916667,0.3409091,0.26804122,0.31034482,0.0,0.0,0.0,0.0,0.2472235,0.23763841,0.3944693,0.31739038,0.8664906,0.6791703,0.5819499,0.5977901,2.833013e+07,7.292137e+06,7.0880435e+06,2.4695478e+06,0.00097247376,0.0024049734,0.0012225745,0.003253963,1.524179,-0.5551741,-0.03249216,-0.40947104,0.45355436,0.40183914,0.29372802,0.34183186,3633.5742,2471.914,7863.9766,2116.082,23.800821,22.908571,21.900816,20.623495,0.034624625,0.05095274,0.035114788,0.057128336,23.555458,22.498735,22.06193,20.32538,0.29746723,0.55167866,0.44759178,0.8778801,0.29166666,0.18181819,0.21649484,0.10344828,1.8503475,0.3258432,0.5966809,0.8125,2.4108295,0.5111471,0.47710362,0.75,1.2692604,0.47938806,0.42869738,0.40206185,2.058405,0.44408226,0.7519384,0.5862069,2.5957508,2.918686,2.2710876,3.4433556,0.11769679,0.15534736,0.111161895,0.17932504,6.751766,35.42842,318.7961,563.87976,2.1326048,4.649716,15.826581,26.085295,1.5007473,0.8650405,-0.28038418,0.6803357,0.8240945,1.1672544,0.7690425,1.1781859,0.80473804,0.7705409,0.8259061,0.86814535,23.397669,22.351412,21.329128,19.7972
427,2528737801254089838,1.287406,1.6788464,2.1365757,2.530632,0.7752552,1.3715992,1.3293457,2.3777962,0.39078295,0.43283325,1.0312393,1.0077817,0.33333334,0.4,0.29761904,0.37037036,1.2373421e-09,0.0,0.0,0.0,0.26489925,0.17687446,0.38665548,0.35358256,1.8262483,0.94966805,0.7509753,0.5828072,2.7287286e+08,4.294013e+07,1.2324305e+07,6.057317e+06,1.6119608e-05,9.1464986e-05,0.0011890453,0.003745161,-0.16865015,-0.96739197,0.2547536,-1.1440368,0.9327975,0.52987754,0.38345778,0.31131962,6055.5156,3136.5156,6420.539,3456.9492,24.69719,24.024357,23.72574,22.17329,0.026943842,0.038072478,0.040411986,0.06413524,24.71467,23.947191,23.868816,22.039917,0.38562584,0.7156544,0.70249844,1.2202234,0.3030303,0.114285715,0.16666667,0.09259259,1.0260773,0.45046452,0.41132927,0.42424244,1.576601,0.4918954,0.4579271,0.6,1.6163349,0.6643588,0.46159816,0.3809524,2.511549,0.62575287,0.71393996,0.5555556,1.4042053,1.7135372,2.8299332,2.892908,0.096690245,0.11649158,0.13143978,0.19272706,3.2682264,5.2977824,29.504036,63.874935,1.2983284,1.8195533,4.4960823,11.163038,-0.2620355,0.17785567,-0.7219271,0.26165742,0.66543716,0.91466683,0.9588043,1.4220892,0.8050235,0.74109477,0.7995538,0.8531954,24.10188,23.405508,22.602304,20.771572
428,2528737801259910687,1.5140085,0.1231966,1.5516462,0.032305717,0.082141876,0.042655945,0.019731522,0.020925522,14.702969,1.2948086,34.756096,0.6956375,0.037037037,0.23404256,0.010309278,0.36206895,5.4068632e-06,0.0022167854,0.0,0.0,0.19945775,0.1534169,0.100394055,0.24151166,1.7379718,1.8047899,1.0187974,0.7677875,1.1905919e+08,1.2259845e+08,1.4155224e+07,1.5833557e+07,0.0005087122,2.3327334e-06,0.00026519198,6.963013e-07,22.684624,1.7192638,96.625786,-0.6046431,0.87717026,0.95199233,1.009733,0.476533,10287.008,497.58594,6304.1133,71.67969,22.22773,20.718647,19.12679,18.354406,0.023863211,0.0022976212,0.01628991,0.00090114825,22.120169,20.711142,19.096197,18.351437,0.045636177,0.020252228,0.009757996,0.011210442,0.8888889,0.29787233,0.9896907,0.12068965,2.7258053,0.104456075,0.21322665,0.962963,0.105838776,0.03211599,0.029491723,0.87234044,3.065773,0.013548831,0.0,0.9896907,0.027917862,0.008228319,0.010602365,0.6034483,2.8831844,0.14034843,3.0647583,0.04105568,0.025712537,0.008187793,0.0024354002,0.0028736868,2.09487,1.6964841,42.85255,11.400977,1.1957082,1.1032244,2.609147,2.7179148,4.7890167,0.53735656,9.820623,0.47081515,0.530425,0.047603603,0.31157368,0.016540041,0.8155396,0.8494219,0.39638126,0.8045479,22.109411,20.716915,19.097816,18.360647
430,2528737802828349485,1.8031616,1.6654663,1.8776512,1.4140549,0.518713,1.1672325,0.9955864,1.4291096,3.330218,0.49889466,0.36053222,0.808238,0.14634146,0.33333334,0.31578946,0.3846154,3.7059966e-10,0.0,0.0,3.398104e-11,0.1890697,0.198995,0.36387005,0.32359368,0.9027713,0.7252077,0.6371353,0.908373,1.3100609e+07,2.6057684e+07,1.1628595e+07,2.069282e+07,0.0005715493,0.00078823214,0.00012835949,0.0002890168,2.637938,-0.48471737,0.11443615,-1.109596,0.46610177,0.47586,0.44687173,0.4792777,1704.7734,3062.0664,4446.6406,3212.7422,24.10291,23.724766,24.2033,23.259941,0.031873826,0.038018193,0.030622303,0.03497015,23.920897,23.601797,24.252514,23.367325,0.2624302,0.53886604,0.5011349,0.7493906,0.34146342,0.07692308,0.13157895,0.17307693,2.0685844,0.3490081,0.373887,0.8780488,1.5641727,0.4885477,0.5585675,0.6666667,1.2126884,0.49037385,0.3794178,0.43421054,1.4231052,0.3023832,0.4593041,0.42307693,2.5046654,1.9573803,2.2793446,1.4749622,0.109654,0.1330293,0.09993251,0.106578715,3.0389032,5.2892756,3.8050582,2.8762567,1.4262689,1.8361007,1.5971184,1.9210796,1.6566808,0.48645753,-0.46105775,0.086710215,0.7682519,0.9019727,0.7411608,0.8134036,0.8011792,0.7967004,0.7858914,0.863779,23.79648,23.508898,23.671251,22.65925
433,2528737819870738934,1.657567,0.13033581,1.3378544,0.15269566,0.09347725,0.1408596,0.07605553,0.108760834,14.639608,1.164686,22.444635,2.4520774,0.03773585,0.41666666,0.010869565,0.26666668,0.0,0.0,0.0,0.0,0.18665479,0.2212854,0.12080171,0.2809396,1.8866358,0.6816901,1.0528011,0.63479185,1.095074e+08,2.0763918e+07,1.620782e+07,2.7589312e+06,0.00057355507,1.4385672e-05,0.00020515805,2.0413656e-05,31.66445,-1.0528207,85.1073,-0.19937181,0.94401443,0.3984441,0.9843696,0.36251083,6785.8125,332.17188,5453.168,154.41016,20.878847,19.634077,19.114372,18.808994,0.024060436,0.003846145,0.01432813,0.0045416644,20.762383,19.617558,19.087208,18.77218,0.04183197,0.053578377,0.03831482,0.04960823,0.9245283,0.20833333,0.9782609,0.15,2.4636154,0.07568536,1.0749725,0.9622642,0.14066505,0.037779327,0.029117953,0.6666667,2.5779095,0.05293665,0.0,0.98913044,0.14485359,0.026932685,0.06451297,0.5833333,3.2472343,0.15960693,2.577053,0.23156357,0.015502687,0.012176175,0.009346576,0.014551268,36.7323,74.3498,142.99515,164.2556,4.0524883,7.995085,8.723255,10.896899,5.4820337,0.33329928,9.055751,0.9020658,0.50235415,0.07551551,0.2738732,0.08542414,0.72988594,0.90370256,0.722699,0.8206683,20.786444,19.670246,19.096355,18.84821
434,2528737819873440900,1.6941109,1.8318005,1.5894213,2.1692905,1.3973846,2.2531853,1.1028557,1.6926727,3.4670436,2.6802862,0.4376813,1.9130073,0.26415095,0.375,0.32608697,0.28333333,0.0,0.0,0.0,0.0,0.33050093,0.2139616,0.40773523,0.29998598,0.97332346,0.51828027,0.47142228,0.5918837,3.9927624e+07,4.4579265e+06,5.729411e+06,1.7816096e+06,0.0015167884,0.0031596245,0.0012234575,0.003247648,-0.077881336,-1.1763918,-0.5407796,-0.40878344,0.5677262,0.33175564,0.23649958,0.3312474,6939.078,3080.0312,6510.2695,1707.2891,22.383747,21.688217,21.511398,20.802803,0.039506108,0.056363102,0.035053525,0.057101108,21.983994,21.152714,21.62387,20.621956,0.3101902,0.67593193,0.5353565,0.8421993,0.35849056,0.14583333,0.13043478,0.11666667,1.7324009,0.2868624,0.5277258,0.6981132,2.3738327,0.4522489,0.502265,0.6666667,1.2548542,0.447508,0.3891185,0.4673913,2.0640793,0.5058027,0.8287188,0.6333333,2.7167225,2.8091831,1.8388538,2.948265,0.1288206,0.16168112,0.11810602,0.18203463,100.71114,373.91977,543.5464,384.71606,7.9107594,15.777795,21.258823,23.337639,1.0231136,0.62132406,-0.1992773,0.77886593,0.8842947,1.2224152,0.7540504,1.1878631,0.74606484,0.80892265,0.82846665,0.8854319,21.849646,21.060726,20.975443,20.006525
435,2528737819883216469,1.5371122,1.6170282,1.5742197,2.0191994,1.2469673,2.1534557,0.9737549,1.56357,4.2504983,2.5692508,0.4637119,2.0002549,0.20754717,0.3877551,0.27173913,0.28333333,0.0,0.0,0.0,0.0,0.33112463,0.19049957,0.3902023,0.29881144,0.92141443,0.6636783,0.5649831,0.65491915,3.6197228e+07,1.4420968e+07,6.3649065e+06,1.9601081e+06,0.0015116669,0.0027460698,0.001037937,0.0029793812,-0.092360735,-1.3239723,-0.1990273,-0.46572328,0.5349075,0.38952658,0.28312147,0.3673777,6305.4766,4930.1953,6378.8594,1835.3828,22.281038,21.553371,21.33283,20.66609,0.03937128,0.052569445,0.032272648,0.05466254,21.848278,21.064146,21.431576,20.373188,0.26865768,0.6505699,0.41506004,0.73155785,0.3207547,0.12244898,0.11956522,0.1,1.763689,0.2713987,0.52352124,0.7169811,2.1863613,0.43679807,0.40605468,0.6530612,1.1225262,0.41718832,0.3842452,0.45652175,1.9566326,0.40884483,0.7888498,0.6,2.6511116,2.415144,1.8169842,2.8680973,0.11907193,0.15006466,0.10950028,0.17354906,104.842606,442.45468,599.91473,444.2849,7.815935,17.674261,21.213526,22.483204,1.1058877,0.51252156,-0.14655395,0.7767069,0.877233,1.1330488,0.6884669,1.129661,0.7279274,0.8167089,0.8269835,0.8912526,21.794859,20.967918,20.915686,19.952421
437,2528737827393286656,1.2036142,0.30424118,0.90184784,0.36939716,0.24950409,0.38404465,0.16326523,0.28913498,4.2706766,1.4834619,4.8906617,1.0288779,0.09803922,0.41666666,0.13186814,0.36666667,0.0,0.0,0.0,0.0,0.23506826,0.21382703,0.2663012,0.32926252,2.1508398,0.5726444,1.1331515,0.5407938,1.2583648e+08,8.362542e+06,1.6614127e+07,2.8460105e+06,0.000252124,9.806121e-05,9.775842e-05,0.00010507891,21.050695,-1.3699661,31.6309,-0.9512286,1.107186,0.36162588,0.7960821,0.29277295,4930.004,590.10156,3693.9688,372.58984,21.779322,20.207123,19.701645,19.305857,0.016244572,0.009948296,0.009899565,0.010272086,21.683788,20.170292,19.725386,19.282585,0.121341705,0.15491772,0.06879234,0.15635109,0.49019608,0.104166664,0.5824176,0.06666667,2.0568142,0.20756315,0.0,0.98039216,0.36266327,0.09461375,0.08784656,0.6041667,1.4434338,0.123751,0.0,0.989011,0.3456993,0.093540385,0.1080129,0.5833333,2.1120148,0.3520546,1.4038296,0.41433716,0.035278115,0.028669579,0.020626714,0.031166924,45.86974,191.3473,206.9894,336.2103,4.6725307,13.334154,11.188082,15.8536,3.9336805,0.24077514,4.176047,0.34575504,0.35379577,0.20102642,0.19503771,0.19831142,0.7596773,0.9007662,0.80075693,0.84970284,21.745075,20.293163,19.703869,19.373693
438,2528737827429050792,0.93357563,0.88612175,0.99879456,1.0970192,0.60585976,1.1449661,0.52218246,0.88492584,2.314281,1.8262632,0.7763944,1.5815187,0.25490198,0.4375,0.25274727,0.31666666,0.0,0.0,0.0,0.0,0.31202722,0.21513219,0.37432185,0.31480742,0.86450404,0.56218636,0.6918847,0.5590233,3.3044674e+07,6.616733e+06,8.23738e+06,1.8287159e+06,0.0004391052,0.0007874839,0.00034837815,0.0009489816,-0.02135396,-1.3633333,0.24617362,-0.7300329,0.55704063,0.34818697,0.34919596,0.315435,3191.293,1494.7031,4091.0625,1056.4375,22.36976,21.011148,20.64566,20.117748,0.021425009,0.02810821,0.018689059,0.030832063,22.189505,20.842,20.701567,19.971373,0.22457695,0.44443035,0.22450829,0.45427513,0.19607843,0.125,0.20879121,0.083333336,0.9110317,0.21548861,0.32622647,0.7254902,1.1224632,0.28383103,0.17448491,0.6666667,0.64307785,0.2481654,0.21885498,0.36263737,1.0891285,0.24937911,0.386825,0.6,1.2791004,1.1338634,1.1608105,1.4427776,0.06974966,0.08115246,0.060622193,0.095647864,62.813927,388.06583,490.60342,596.28937,5.479605,17.30348,17.604086,21.259895,0.94606984,0.36657894,-0.35826942,0.6067966,0.4792723,0.59058577,0.38584796,0.6202717,0.70594776,0.8626555,0.82153416,0.86088496,22.22431,21.00228,20.57842,19.961
440,2528737832911427228,1.748519,1.3605356,2.5313644,1.8882198,0.97919273,1.6465454,0.854229,1.2947712,2.558663,2.366741,2.6431482,2.1034942,0.20754717,0.39583334,0.21505377,0.2881356,0.0,0.0,0.0,0.0,0.30690888,0.20803353,0.30021384,0.29648295,1.3083045,0.5648731,0.82163435,0.6542961,5.5273516e+07,6.910673e+06,4.5561015e+06,3.3898582e+06,0.0012370074,0.0018319841,0.0015122691,0.0021402913,1.9261677,-1.1718035,3.7878392,-0.3589363,0.71542144,0.3459838,0.4177663,0.37399736,7127.2812,3101.0469,7242.129,2424.6797,21.398085,21.420614,21.80884,21.320078,0.035263743,0.042875532,0.040454146,0.046479117,21.140997,21.050903,21.84205,21.041285,0.31299782,0.52593136,0.42103958,0.6097603,0.28301886,0.14583333,0.3655914,0.084745765,1.4051571,0.2702407,0.6364542,0.7169811,1.8015537,0.38509452,0.3194372,0.6875,2.31876,0.5618359,0.90887004,0.9139785,1.7054291,0.347207,0.7054386,0.59322035,2.8807583,1.9766407,3.3264294,2.7121391,0.113858834,0.124053255,0.1346776,0.14612255,540.132,399.9913,242.80013,111.10506,17.886751,16.333178,13.396048,10.50845,1.425348,0.57924616,1.4446138,0.8093845,0.75457656,0.91842026,0.88225794,0.9909384,0.7366162,0.8084997,0.8298424,0.871297,21.03861,21.079786,21.367653,20.770603
441,2528737832938860903,1.7724771,2.474187,2.5957165,0.052311897,0.025182724,0.01781845,0.014917374,0.023830414,17.53837,18.721447,33.511307,0.1871341,0.03773585,0.020408163,0.022222223,0.33898306,0.0,0.0,0.0,0.015465289,0.18766423,0.13989878,0.14036539,0.16569684,1.9045025,2.047153,1.7756566,1.3841527,1.09842456e+08,1.1652e+08,4.112993e+06,4.2332356e+07,0.0007369009,0.0012434196,0.0009736106,1.7606065e-07,31.41765,48.93609,54.149937,0.6658659,0.9523991,1.0235766,1.0162381,0.7052246,7378.8125,10066.344,6094.918,156.96484,20.129177,19.803303,19.676258,19.574615,0.02717593,0.035418946,0.031829555,0.0009845841,20.015991,19.700771,19.586376,19.574793,0.012493134,0.009202957,0.007616043,0.011936188,0.9433962,0.97959185,0.9777778,0.2542373,2.7215576,0.049196426,1.088469,0.9622642,4.9083786,0.017551111,0.0,0.97959185,4.080387,0.011399477,1.5291996,0.9777778,0.029561996,0.01259465,0.012114178,0.47457626,3.501709,4.91074,5.160902,0.059066772,0.013016974,0.003701951,0.0020480282,0.0032544632,35.88916,4.5220566,19.026398,1.4417474,3.130428,1.328895,1.5960176,0.9600806,5.5128574,6.9932942,7.247724,-0.1690519,0.5470291,0.70141214,0.62628657,0.019272855,0.521985,0.6167673,0.36452845,0.79389125,20.020247,19.700565,19.585033,19.577063
442,2528737832940362866,1.672409,0.7039499,1.5836945,0.9690733,0.41720963,0.6656227,0.46282578,0.6395931,6.190206,2.9178243,1.6351293,2.6007118,0.13207547,0.3125,0.20224719,0.22033899,0.0,0.0,0.0,0.0,0.28686988,0.21151634,0.32970816,0.28071076,1.7657448,0.49301404,0.7778956,0.5792782,1.0070895e+08,6.386889e+06,1.2383085e+07,3.1141958e+06,0.00077646633,0.00048243004,0.00041488395,0.000583706,12.99916,-0.7179966,14.159623,0.23369741,0.9103381,0.30840605,0.5207547,0.31497043,8001.383,1540.0234,6486.8125,1018.6953,20.61459,20.392393,20.470673,20.312757,0.027906595,0.021987924,0.020391265,0.024203697,20.387934,20.194786,20.495047,20.22081,0.10213661,0.22019482,0.23937416,0.29637337,0.6226415,0.104166664,0.3483146,0.13559322,2.3922977,0.32990065,0.8680053,0.9622642,0.89178467,0.16661525,0.22303878,0.7083333,0.57928085,0.16651702,0.38317114,0.47191012,0.934248,0.21548662,0.35507333,0.7288136,3.1424541,1.1255322,2.5041504,1.4370651,0.058749765,0.06532694,0.052012473,0.076460674,838.8025,641.8538,444.09305,274.52155,17.577414,22.294384,17.832561,13.518746,3.2152355,0.8506443,2.5227993,1.0590526,0.575283,0.4483864,0.4174229,0.49164382,0.6938386,0.8406219,0.85790926,0.823597,20.46506,20.414677,20.41968,20.275879
443,2528737835594219778,1.6313686,2.2858772,2.1862354,2.5068111,1.1339912,2.3345604,1.3919506,2.1566105,1.6290591,1.4911308,0.8865726,0.97913796,0.3409091,0.4375,0.27906978,0.31578946,0.0,0.0,0.0,0.0,0.26119828,0.20180982,0.41219276,0.3320187,1.101477,0.5808646,0.57697946,0.6738796,7.215681e+07,1.0237237e+07,7.756838e+06,3.3161945e+06,0.0009799859,0.0029536765,0.0013695424,0.0034543509,-0.107818365,-1.0144646,-0.25036168,-0.5657482,0.57980573,0.34847143,0.29600587,0.35213548,6783.367,3857.4766,8431.047,2269.8633,23.541908,22.848091,22.97049,22.026192,0.036014587,0.056627266,0.040063214,0.06086705,23.272392,22.558178,23.15208,21.929026,0.5349741,0.96899605,0.6968384,1.0848122,0.27272728,0.083333336,0.1744186,0.15789473,1.5869656,0.32910714,0.5356422,0.6818182,2.462593,0.63231033,0.48874748,0.6875,1.5725842,0.5504942,0.44306165,0.41860464,2.2825317,0.625168,0.86021835,0.5964912,2.3370285,3.1103497,2.549284,3.0464783,0.11638737,0.15953368,0.12791021,0.19835298,15.215338,85.53766,72.77528,67.04114,3.3330207,7.3802333,8.034099,10.605468,0.8820192,0.48339888,-0.39749473,0.5561533,0.8478521,1.2938249,0.92027164,1.3406693,0.8257404,0.75346714,0.7986007,0.8504815,23.047373,21.944096,22.121847,20.873646
444,2528737835612662790,1.7156582,0.37795734,1.5901394,0.45345974,0.29821968,0.437109,0.21580124,0.34565544,6.892821,1.2643038,8.354406,1.3150951,0.041666668,0.40816328,0.05882353,0.31034482,0.0,0.0,0.0,0.0,0.22401083,0.19353889,0.2185106,0.3177872,2.1285615,0.5695201,1.1490264,0.6191877,1.4032437e+08,9.683799e+06,2.0186076e+07,2.017819e+06,0.00058108475,0.00013348949,0.00028984298,0.00016075915,25.42004,-1.2014079,50.655064,-0.6431196,1.0826609,0.3435647,0.91065115,0.34308264,7027.336,782.9922,6513.211,330.16406,21.499681,20.180458,19.718374,19.302654,0.024373308,0.01158999,0.017034093,0.012695971,21.35704,20.149015,19.716116,19.256207,0.11471462,0.18902588,0.10645485,0.17120552,0.6458333,0.14285715,0.69411767,0.0862069,3.120222,0.2707882,0.0,0.9791667,0.43761826,0.12154285,0.07723837,0.67346936,2.7346516,0.15854791,0.0,0.9882353,0.42340088,0.095282264,0.15583208,0.5689655,3.1978607,0.43543243,2.7047405,0.57958794,0.03606996,0.03593062,0.028506743,0.041966867,104.00271,294.85654,353.28598,513.13556,6.727832,15.231372,15.29149,19.073027,4.627282,0.31909865,6.245001,0.5735985,0.52401835,0.23389131,0.3358846,0.24506594,0.72323954,0.8771657,0.8154656,0.8384527,21.417374,20.26351,19.70592,19.370518
447,2528737859787540772,1.8347092,2.1704817,2.4162006,2.7621346,1.1547718,2.390335,1.2601433,1.9622383,1.9260936,1.1731358,1.0036827,1.0370128,0.20454545,0.42553192,0.31034482,0.3220339,0.0,0.0,0.0,0.0,0.2967043,0.19599888,0.40043244,0.32620233,0.78957343,0.67714626,0.43064883,0.5253047,2.262933e+07,1.034276e+07,6.3794025e+06,2.9581652e+06,0.0015290725,0.0032945683,0.001768221,0.004208473,1.6409945,-1.0173519,-0.046147346,-0.3581705,0.427987,0.41698617,0.22419925,0.28800955,3666.8984,3989.4766,5582.5,2918.0312,23.123726,22.381607,21.924572,20.90709,0.040226817,0.058039043,0.04219695,0.06514069,22.844784,22.114643,22.070053,20.61374,0.50305843,0.9337406,0.5974083,0.9723377,0.20454545,0.12765957,0.16091955,0.13559322,1.6985912,0.38572073,0.8209695,0.72727275,2.4427452,0.63935584,0.5351522,0.68085104,1.5598812,0.60222876,0.4510223,0.40229884,2.3354034,0.555103,0.88582087,0.5762712,2.8913174,2.754509,2.8445969,3.7238407,0.15116939,0.18331188,0.13525955,0.21758445,29.168821,187.93684,556.92896,588.68445,4.707063,11.231597,21.36521,26.827414,1.378072,0.44759873,-0.5093251,0.6222127,0.9301939,1.299007,0.9251501,1.3619021,0.81163955,0.78242564,0.81938076,0.853244,22.61438,21.5515,21.026146,19.756157
448,2528737859890267301,1.0031261,0.4772625,1.2144175,0.67591286,0.34804153,0.63656235,0.3107376,0.45742226,3.8902333,2.3919468,2.3832757,2.8052516,0.10869565,0.41666666,0.1954023,0.20338982,0.0,0.0,0.0,0.0,0.29327574,0.2068226,0.30387965,0.28327054,1.6501865,0.61790264,0.8967391,0.6698289,9.8930776e+07,1.0511358e+07,1.4908802e+07,1.9904111e+06,0.00029040463,0.00025806128,0.00025648443,0.0003875964,8.949813,-1.2716764,18.0248,0.2822852,0.86505574,0.35923886,0.602336,0.37362206,4108.8047,1172.5859,4974.254,547.78906,20.980701,19.784082,18.873217,18.285477,0.017118663,0.01607686,0.016017323,0.01968961,20.82777,19.675312,18.876268,18.163227,0.09783554,0.20579147,0.14432526,0.19628716,0.5,0.14583333,0.43678162,0.118644066,0.67778015,0.12772702,0.42670542,0.7826087,0.61671257,0.1284497,0.11148823,0.6666667,1.941618,0.22049446,0.0,0.9885057,0.62607384,0.12512667,0.28612715,0.6440678,1.8005028,0.671278,1.9162483,1.0372963,0.04372078,0.045788825,0.040344156,0.06401788,344.04938,1032.4945,2447.6401,5095.582,10.927891,28.908024,41.32439,56.117077,2.5602107,0.5291781,3.0040984,1.0901136,0.35916156,0.3180659,0.30229843,0.3600339,0.699578,0.90074646,0.8362692,0.8167138,20.923172,19.860367,18.858265,18.298046
449,2528737859915066633,0.98355293,0.08636856,1.1424313,0.035388947,0.025953293,0.022258759,0.011459351,0.0146484375,14.095725,2.3369038,32.269306,0.6854989,0.04347826,0.14583333,0.011494253,0.2881356,0.0,0.0,0.0,0.0,0.17054284,0.19032139,0.105933264,0.2134811,2.0848072,2.371119,1.0069375,1.044024,1.4342128e+08,1.3909051e+08,1.744201e+07,3.0854748e+07,0.00020735402,1.4799522e-06,0.00017762375,5.356074e-07,36.889412,15.195128,86.83742,0.6421201,1.0424358,1.1888652,1.0071392,0.52527755,3984.664,306.33594,4631.3164,81.8125,20.572973,19.249342,18.242369,17.757442,0.01446011,0.0013141383,0.013329064,0.00076456205,20.517395,19.249294,18.215826,17.755175,0.0155239105,0.010532379,0.0057468414,0.0066452026,0.9347826,0.375,0.9885057,0.2542373,1.9137554,0.095298685,0.0,0.9782609,0.13446045,0.016400175,0.0,0.9791667,2.266964,0.0073491344,0.0,0.9885057,0.023174286,0.008204444,0.009461517,0.7118644,1.9277287,0.13170624,2.2674484,0.039512634,0.015310462,0.003059202,0.0013261309,0.002698622,10.910429,6.946197,226.68184,17.345114,1.8860867,1.9225941,3.5831072,3.1471617,5.917961,2.9722176,9.314452,0.4615227,0.29748747,0.025296297,0.24315369,0.013576667,0.5679528,0.72515273,0.23653804,0.7679404,20.515602,19.248087,18.217493,17.76121
450,2528737859925067254,1.5062971,1.7364645,1.6771059,2.0861444,1.1733952,2.2467804,1.0256863,1.5544796,1.8258758,2.4396584,0.88262403,1.762892,0.2826087,0.39583334,0.27586207,0.2542373,0.0,0.0,0.0,0.0,0.3340094,0.22390945,0.40355822,0.30953094,0.8110562,0.53954434,0.4299824,0.6209362,2.357475e+07,6.4719975e+06,6.012436e+06,1.9496485e+06,0.0013398074,0.0029242602,0.0012035669,0.0031825288,0.055820942,-1.2633344,-0.3132062,-0.30029893,0.50393176,0.33266056,0.21800989,0.35904744,4250.828,3547.2812,5068.0273,2004.2773,22.262905,21.456665,20.810575,19.845366,0.036927436,0.054163698,0.034712955,0.056433357,21.990398,20.942148,21.014223,19.609365,0.45789337,0.672307,0.47359848,0.7879143,0.23913044,0.104166664,0.1954023,0.10169491,1.5841007,0.33988768,0.52557015,0.7173913,2.2493134,0.46873793,0.4244288,0.6666667,1.2298794,0.43635657,0.36415,0.40229884,1.9628696,0.45267054,0.7626517,0.62711865,2.2711964,2.5739288,2.0831337,2.888773,0.122549914,0.15542768,0.1139022,0.18633221,140.37428,524.5036,1818.3899,1962.6964,9.889206,19.06466,38.71393,47.772633,0.97699726,0.5342308,-0.38558105,0.7892547,0.822112,1.1621723,0.7223966,1.1199406,0.78060037,0.81538296,0.83314496,0.87476695,21.773304,20.887142,20.336021,19.13076
451,2528737859929783995,0.9075823,0.8370609,1.0980206,0.9977236,0.453413,0.90285873,0.51953125,0.6812191,3.6619012,1.5885565,0.26050943,2.141538,0.1521739,0.41666666,0.31034482,0.27118644,0.0,0.0,0.0,0.0,0.3159569,0.21359785,0.3651514,0.29516193,1.2409368,0.53637445,0.62831897,0.6305033,6.4828704e+07,9.665345e+06,8.583792e+06,2.135907e+06,0.00040131275,0.0006191633,0.00044249644,0.00079945195,1.8377638,-0.93623304,0.5993929,0.045915127,0.7061192,0.31182665,0.34067932,0.35343906,3717.457,2078.9375,4497.492,925.71094,21.210608,20.120232,19.263447,18.631979,0.02010814,0.024895193,0.021038076,0.028277084,21.040802,19.982973,19.25369,18.465042,0.1378231,0.31628704,0.26090813,0.33739853,0.39130434,0.104166664,0.1954023,0.118644066,1.0978413,0.2074886,0.20907345,0.8695652,0.95540047,0.23408732,0.21137787,0.6875,0.6491871,0.22069088,0.27771112,0.57471263,0.90940285,0.19487886,0.3977545,0.62711865,1.4873638,1.1808109,1.3951721,1.4875641,0.0649694,0.076938614,0.069082715,0.09211817,365.34943,1198.5444,4103.078,5268.442,11.373845,31.119394,54.501724,60.23369,1.5871825,0.56951106,0.52015615,0.9565185,0.42650583,0.50089705,0.40526587,0.52685803,0.65054065,0.8603139,0.8449237,0.8462693,21.119196,20.16227,19.1935,18.554688
452,2528737860304115728,1.4601927,2.0751019,2.358963,2.5961494,0.9230118,1.7140598,1.3936405,2.1805573,0.13587017,0.7514924,0.88915515,0.5664198,0.27027026,0.45,0.29069766,0.375,0.0,0.0,0.0,0.0,0.23389691,0.26975158,0.39033812,0.35810652,1.0081639,1.0210307,0.5794432,0.6205815,6.7033788e+07,1.526601e+07,8.0751315e+06,8.380971e+06,0.00048737362,0.0023989074,0.0016631968,0.0038456582,-0.13668633,-0.9160633,0.22050309,-0.8379724,0.56661004,0.59663576,0.31788966,0.34241635,2898.3594,3558.3672,7087.535,5869.4375,23.846735,23.082184,23.071257,21.791952,0.028289063,0.051924933,0.042277627,0.063178904,23.79622,22.900131,23.271091,21.681126,0.48649406,0.9026451,0.7210703,1.0972595,0.10810811,0.15,0.1744186,0.125,1.0846195,0.36998755,0.42324623,0.5135135,2.1322556,0.6654346,0.6201468,0.675,1.6509914,0.65038955,0.44522506,0.40697673,2.3621006,0.6842987,0.7581554,0.5714286,1.6895981,2.475851,3.2829037,2.9052143,0.096044324,0.15978251,0.1350432,0.20527223,9.387174,48.773335,110.91752,164.10019,2.5940065,5.4923553,8.685382,15.334159,0.22391947,0.35390186,-0.64998466,0.2824929,0.6746018,1.1985408,0.97539794,1.3767917,0.8035682,0.77622527,0.7548617,0.8356035,23.389256,22.242508,21.943205,20.35631
453,2528737862040070874,1.2482529,1.2576017,1.2155476,1.3752851,0.7679367,1.4184628,0.6158142,1.1044254,2.7898498,1.7295833,0.94196814,1.1169504,0.2264151,0.40816328,0.28723404,0.31034482,0.0,0.0,0.0,0.0,0.33420154,0.20495106,0.3570664,0.32138243,0.9867575,0.51440704,0.6382917,0.49498785,3.3422514e+07,6.1760925e+06,5.958387e+06,4.436347e+06,0.0006789129,0.0012112831,0.0005192146,0.0011407421,1.1492631,-1.2018179,0.08641672,-0.5793538,0.5500075,0.31760457,0.32239047,0.2836642,5112.8438,1905.4141,3377.332,1354.3906,22.143824,21.930363,21.960157,21.530592,0.026424952,0.034997623,0.02297002,0.03409253,21.92888,21.729439,22.078205,21.388042,0.25330925,0.47851562,0.31229687,0.5063,0.33962265,0.10204082,0.22340426,0.10344828,1.1034698,0.21801752,0.4590824,0.7169811,1.4580631,0.3588696,0.28823042,0.67346936,0.83784485,0.3315832,0.25949505,0.40425533,1.2740917,0.33885312,0.4642672,0.62068963,2.0436344,1.5453949,1.5081291,1.7708416,0.08415681,0.10244403,0.0830025,0.108595945,106.47822,116.388985,93.42247,58.41819,7.4092197,8.857498,7.8476386,6.966977,1.2948433,0.4388189,-0.4344849,0.60172296,0.58514947,0.7675106,0.5044253,0.7340324,0.69136375,0.81619555,0.82608736,0.8565406,21.89459,21.77611,21.795433,21.238806
456,2528737875293894022,0.7278614,0.3044014,0.47841835,0.34698296,0.22615242,0.34981918,0.15488815,0.27075005,3.8691766,1.3478632,1.2430953,1.2883567,0.13461539,0.41666666,0.26041666,0.3448276,0.0,0.0,0.0,0.0,0.29104406,0.19541168,0.34676903,0.3122677,1.7190332,0.5349082,0.8079715,0.56553537,7.631891e+07,1.1419375e+07,9.663272e+06,2.476412e+06,0.00014014843,9.08093e-05,4.8409704e-05,9.678752e-05,10.452169,-1.2060714,3.7280817,-0.7787063,0.90216,0.3413811,0.45840043,0.31161287,2979.7422,583.9531,1959.6016,304.0078,21.07803,19.86718,19.424492,19.061563,0.011945577,0.009557552,0.006968118,0.009852961,20.986933,19.827318,19.450884,19.026241,0.09175587,0.12575912,0.06692791,0.14093685,0.44230768,0.125,0.36458334,0.10344828,0.53590775,0.10647199,0.3384249,0.84615386,0.34404182,0.09491517,0.08830338,0.6458333,0.21224213,0.081295125,0.09254468,0.36458334,0.32600212,0.07872387,0.11625471,0.5862069,1.3113422,0.37722778,0.5865097,0.42923164,0.026943533,0.02817255,0.021351527,0.030239804,118.74451,328.34244,285.68082,469.15677,7.076837,16.65128,13.443411,18.296247,2.7562025,0.35292906,0.5041343,0.5331829,0.25178924,0.1898816,0.13535215,0.18781283,0.7420164,0.8622622,0.80934936,0.84166807,21.05044,19.942268,19.435938,19.121843
457,2528737875309506498,0.68295,0.81854534,0.8070688,0.9238739,0.55335426,0.9027271,0.43223,0.63366127,3.1778054,1.7935009,0.86199677,1.7281492,0.28846154,0.39583334,0.30208334,0.31034482,0.0,0.0,0.0,0.0,0.33244827,0.19609046,0.37970608,0.30444428,0.7337317,0.505475,0.43464214,0.55155855,2.304252e+07,6.274727e+06,4.0982682e+06,2.153681e+06,0.0003423386,0.00058444176,0.00026276705,0.00065246836,-0.40168405,-1.0730112,-0.08802152,-0.51915216,0.4457272,0.3177609,0.22303604,0.30634293,2323.9922,1245.9844,2154.375,794.1719,21.527493,20.479076,20.174118,19.703524,0.018623974,0.024198994,0.01622221,0.025558403,21.360168,20.351969,20.237719,19.628302,0.17696285,0.29669857,0.19141006,0.31713104,0.26923078,0.14583333,0.25,0.10344828,0.75673866,0.105732664,0.25312522,0.65384614,0.9709053,0.23636577,0.1643703,0.7083333,0.561985,0.19850636,0.17831676,0.35416666,0.86553,0.20196311,0.34843138,0.6034483,1.0651073,1.1015549,0.9225464,1.2063694,0.06030362,0.06935545,0.054415517,0.07868265,209.75797,712.53217,771.6344,905.81067,9.3289385,22.677603,22.195284,25.520628,0.9336894,0.5459943,-0.38758677,0.7206785,0.40092745,0.49557304,0.32726878,0.5035906,0.7030469,0.8229068,0.8313444,0.84434676,21.426868,20.496231,20.143673,19.647522
460,2528737884158427311,0.66033363,0.57276917,0.6373882,0.8046303,0.27506447,0.7185993,0.330698,0.5512352,5.025687,2.381455,0.50278336,2.767326,0.10638298,0.39583334,0.25531915,0.22413793,0.0,0.0,0.0,0.0,0.24003121,0.19976121,0.35722056,0.2942787,1.0584317,0.49098974,0.37491316,0.6488527,3.3555468e+07,8.784409e+06,3.26663e+06,3.540742e+06,0.00023876062,0.00037501732,0.00019400593,0.0006214913,3.000745,-1.2049928,0.09986949,-0.1375184,0.5507919,0.28950012,0.26444477,0.36408693,2528.3008,1296.3672,1020.0,1376.9414,20.76922,19.66324,18.643654,18.033344,0.015489005,0.019373653,0.013930105,0.024930868,20.640947,19.525095,18.668253,17.863379,0.0904274,0.20787525,0.16422558,0.2479868,0.40425533,0.14583333,0.20212767,0.12068965,0.92959404,0.14346333,0.117777966,0.89361703,0.7499161,0.16025081,0.11936908,0.6875,0.4224682,0.15114358,0.16068332,0.39361703,0.94119644,0.23450635,0.23660842,0.79310346,1.1458168,0.8287277,0.6488228,1.2591572,0.05237021,0.055571515,0.048187487,0.07634016,545.2443,1750.9702,4460.1865,11036.175,13.471498,37.516598,54.226048,84.149124,1.9303793,0.56200606,-0.010999063,0.9715317,0.32169455,0.3809488,0.25970805,0.44958693,0.6844142,0.8759738,0.81746095,0.83511776,20.759146,19.732937,18.64452,18.000761
461,2528737884165892497,0.6052599,0.06211281,0.0476532,0.06633091,0.036182404,0.049427032,0.027231216,0.03844452,11.907245,0.809787,0.21432327,3.5158412,0.04255319,0.39583334,0.32978722,0.22413793,0.0,0.0,0.0,0.0,0.18624912,0.21548946,0.32982287,0.24843356,1.8217834,0.8763644,0.52568644,0.66953635,8.5365496e+07,4.271386e+07,5.357471e+06,8.59385e+06,7.983957e-05,2.4992314e-06,1.1131864e-06,3.7551372e-06,31.960386,-0.7779114,-0.36420417,0.32071662,0.9122348,0.48904675,0.29122567,0.3766735,2330.6484,209.39844,88.515625,129.57422,20.354599,19.058142,17.912066,17.391954,0.008977313,0.0016367699,0.0010654257,0.0019454174,20.315508,19.051538,17.911339,17.377,0.017751694,0.0201025,0.013805389,0.013766289,0.9148936,0.22916667,0.19148937,0.20689656,1.1409473,0.076285824,0.0,0.9787234,0.055490494,0.016929464,0.014421222,0.6458333,0.031093597,0.011273845,0.010962957,0.5531915,0.07520294,0.016247911,0.01643004,0.8103448,1.1557636,0.06568718,0.05007553,0.10523605,0.01184517,0.0051946775,0.0033759996,0.0061872206,55.20959,35.359413,53.02737,185.35713,3.13739,4.978396,6.0401807,10.4395075,5.4256616,0.18693437,0.07925902,1.1548045,0.1827296,0.031193793,0.019083975,0.03383461,0.42657384,0.826046,0.8281304,0.81534636,20.320036,19.070187,17.914585,17.401867
462,2528737884206949517,0.6868248,0.5860815,0.64011097,0.7717657,0.29058456,0.7444992,0.39571953,0.4991684,4.546159,3.1586013,0.55764824,2.8117301,0.12765957,0.33333334,0.30851063,0.2413793,0.0,0.0,0.0,0.0,0.26271024,0.20575367,0.37802088,0.28950444,0.89178246,0.4278219,0.2708172,0.6154417,2.952151e+07,4.7347855e+06,2.2414002e+06,4.2702125e+06,0.0002271308,0.00041280602,0.0002124465,0.0005121224,2.83196,-0.96801496,-0.29744005,0.108309746,0.4831583,0.2720608,0.20451847,0.33786693,2349.0078,1104.7266,849.0156,1297.3594,20.698317,19.610527,18.586546,17.94848,0.015105728,0.0203249,0.014576889,0.022631245,20.579493,19.412193,18.625751,17.845394,0.09275818,0.183218,0.18041706,0.237113,0.42553192,0.14583333,0.20212767,0.13793103,0.8745556,0.15501843,0.15346794,0.89361703,0.7873211,0.13893875,0.18060325,0.6875,0.4540043,0.13737571,0.15985157,0.42553192,0.8899555,0.20750393,0.19082688,0.8103448,1.1636963,0.9534874,0.71468735,1.1876545,0.04825711,0.05881418,0.049609646,0.06895044,581.97833,1998.2606,5153.6597,10240.463,14.05136,39.91943,60.155525,80.42581,1.8297391,0.76329154,0.07970929,1.053152,0.31266314,0.398582,0.27093402,0.40619645,0.69515365,0.86390007,0.85253674,0.81824607,20.676054,19.656881,18.581959,17.935661
463,2528737884220218212,2.0028667,2.1631403,2.0658493,2.9060783,0.8524513,2.0532112,1.4445496,2.2564526,3.053326,1.8278,1.2518022,1.2279574,0.2826087,0.38636363,0.30851063,0.3448276,0.0,0.0,0.0,0.0,0.2758498,0.18820854,0.4123583,0.3309057,0.5734322,0.5522149,0.31089506,0.5771732,1.059338e+07,9.127194e+06,3.2372262e+06,4.262046e+06,0.0019385829,0.0037864018,0.0019869115,0.0058157546,0.6743698,-0.8890481,-0.2042172,-0.6190703,0.33589908,0.37025076,0.2243764,0.3182871,2695.961,4511.2266,4503.703,4017.9883,22.878712,22.333178,22.002104,20.908802,0.04469547,0.062300026,0.044748615,0.07668265,22.578861,22.02903,22.31136,20.613892,0.42346478,0.77370644,0.67047596,1.1902466,0.3478261,0.13636364,0.22340426,0.10344828,2.1193829,0.36926284,0.694573,0.76086956,2.8447266,0.6871716,0.37002695,0.75,1.6578159,0.66671365,0.41223794,0.43617022,2.7576084,0.66742724,1.0393187,0.5862069,2.995741,2.910448,2.7726154,3.7443295,0.15298781,0.1892594,0.14155434,0.24598412,36.694923,206.37375,611.9595,760.7379,5.3656673,11.869367,24.09448,37.40534,1.2438067,0.6614476,-0.6203505,0.60191256,1.0225748,1.3913575,0.9845637,1.6033424,0.8632915,0.7529842,0.829773,0.86014575,22.396795,21.374634,20.925745,19.4547
464,2528737884242273013,1.4202604,1.8710375,2.7478123,2.056737,0.7160187,2.2079372,1.1270981,1.6526833,3.107908,2.8555613,0.4866373,1.974069,0.23404256,0.375,0.2631579,0.3448276,0.0,0.0,0.0,0.0,0.2725729,0.210704,0.37564227,0.3105722,0.58181643,0.4623722,0.5161835,0.5940398,1.2574274e+07,4.666489e+06,4.8159625e+06,3.321623e+06,0.0010941298,0.0032482075,0.001697598,0.003616685,1.1840794,-0.98226905,3.1817448,-0.44945073,0.3589463,0.2901363,0.31752393,0.32909194,2196.7344,2957.4531,7255.043,3349.8633,21.773565,21.120857,20.380268,19.404497,0.03317488,0.057050303,0.04131868,0.060148165,21.532488,20.61931,20.51066,19.155481,0.25230598,0.61235905,0.5132046,0.7851534,0.31914893,0.16666667,0.2736842,0.12068965,1.5379429,0.2872625,0.51752305,0.78723407,2.3818932,0.434417,0.51365143,0.6875,1.3068485,0.46245548,0.5853881,0.4526316,2.054945,0.47364497,0.80621034,0.63793105,2.1719227,2.8638897,3.657261,2.8757458,0.11558455,0.17009623,0.12684427,0.18776391,232.9197,900.37665,4000.4717,4277.542,11.580857,24.154873,57.415386,73.43152,1.3850139,0.7325818,0.67520744,0.793853,0.7223354,1.2049513,0.8420858,1.1671449,0.74520826,0.8002448,0.83844405,0.8936146,21.472824,20.521593,19.871155,18.644396
465,2528737884257050777,2.5707197,1.5703735,1.5251198,1.9644423,0.6879921,2.0352154,0.9151287,1.4321651,3.9766965,2.97066,0.6631381,2.191558,0.125,0.35416666,0.27659574,0.25862068,0.0,0.0,0.0,0.0,0.18796937,0.20772982,0.39205098,0.3074431,1.4221386,0.4430169,0.308027,0.6351041,1.6141715e+08,6.039241e+06,3.0596805e+06,3.1722018e+06,0.0016781457,0.0026229091,0.0010728246,0.0031420134,8.23289,-1.1732666,-0.22241926,-0.37428832,0.7434742,0.28447616,0.23739618,0.35960868,19141.508,3246.2031,2495.5703,3042.6055,21.710997,20.906796,20.08688,19.196323,0.0423635,0.05124651,0.032760028,0.05605937,21.414825,20.421955,20.188448,18.923994,0.25067043,0.57132053,0.41707325,0.7065792,0.5208333,0.14583333,0.11702128,0.13793103,2.4672089,0.42845395,1.0936455,0.8958333,2.1302967,0.40519738,0.36814076,0.6875,1.0970058,0.39921093,0.36678725,0.39361703,1.8899746,0.38696092,0.75569093,0.62068963,4.4462414,2.3946114,1.7121258,2.8524876,0.12408849,0.14857319,0.11215147,0.17418884,307.85205,1112.0314,4633.8755,5206.3853,13.014369,27.431011,57.92213,75.20745,2.520678,0.6506238,-0.27629972,0.8357299,0.9197538,1.0714003,0.6580467,1.0761338,0.73668456,0.8120712,0.8337189,0.8921619,21.356052,20.396536,19.757954,18.557323
466,2528737884269641069,2.1940775,2.3573933,2.3036585,2.9381428,1.0601368,2.6869278,1.3597031,1.9774647,1.5353491,1.5883806,1.0454392,0.9985824,0.19565217,0.41666666,0.27659574,0.33333334,0.0,0.0,0.0,0.0,0.22156648,0.18289357,0.3966424,0.33575007,0.6970545,0.58187944,0.3638384,0.5404397,1.3968537e+07,1.3978446e+07,3.6704625e+06,5.1919575e+06,0.001738208,0.0039928397,0.0018828453,0.0050304756,1.0901699,-1.1117282,0.12359142,-0.31396818,0.3854861,0.36463645,0.281665,0.3317944,2654.0,4774.199,4256.754,4353.9375,22.914482,22.479654,21.844316,20.75474,0.04218747,0.06599818,0.043530542,0.071145475,22.737667,22.037643,22.079254,20.507442,0.5300684,1.0162048,0.59248257,0.9683628,0.23913044,0.14583333,0.18085106,0.12280702,1.8981552,0.4918866,0.7737012,0.7826087,2.8473873,0.7027365,0.5371756,0.6875,1.6077404,0.6547607,0.4685038,0.3723404,2.5074196,0.645725,1.0019453,0.5964912,2.937828,3.2414703,2.9965324,3.910448,0.14953218,0.20456147,0.14439152,0.23583433,56.701496,204.75885,792.8812,893.902,6.7009068,11.938833,24.858608,35.8337,1.1267675,0.49912557,-0.6420016,0.66329193,0.966704,1.4836162,0.95089495,1.4766059,0.8577731,0.75038624,0.8200265,0.8552323,22.42258,21.329115,20.840715,19.455784
469,2528737908461752922,1.1602364,0.63242054,0.67031,0.7739706,0.18647957,0.6891594,0.4069805,0.5853634,5.0815215,1.2883874,0.12996833,1.6957719,0.11627907,0.41666666,0.3218391,0.29310346,0.0,0.0,0.0,0.0,0.21622798,0.19924667,0.38209254,0.29839948,1.6805738,0.5693592,0.56117123,0.6217288,1.0395422e+08,1.2756063e+07,7.3105755e+06,1.857209e+06,0.00041051314,0.00035724437,0.00021065258,0.00045258531,9.953019,-0.9711902,-0.38609362,-0.34779072,0.8558986,0.3383317,0.28752148,0.3464091,4584.7812,1550.5625,2745.5898,707.71094,20.869638,20.241959,20.101208,19.814976,0.020302273,0.018922668,0.014526721,0.021295808,20.732517,20.179066,20.109865,19.69704,0.10046959,0.2997799,0.21619225,0.2745161,0.60465115,0.083333336,0.20689656,0.12068965,1.1231613,0.15151775,0.5283189,0.88372093,0.7230797,0.19008869,0.15753122,0.6875,0.47629166,0.16134064,0.17911026,0.42528737,0.7345257,0.16885683,0.29148945,0.62068963,2.0721912,0.8282261,0.6857929,1.0764923,0.05312908,0.060360078,0.0484632,0.067227095,492.40652,650.73413,635.052,558.4917,13.059473,22.200502,20.759624,19.54938,2.8572288,0.4958717,-0.022498252,0.7825861,0.4237011,0.38303187,0.29200464,0.42197594,0.6575932,0.84642446,0.825236,0.8400442,20.832258,20.318811,20.088135,19.816057
470,2528737908867813447,0.48485565,0.18676567,0.6496544,0.21956253,0.07162857,0.18893051,0.10558128,0.16723442,6.6453576,1.3790218,6.930602,1.4285784,0.046511628,0.39583334,0.057471264,0.2413793,0.0,0.0,0.0,0.0,0.18448655,0.2113126,0.23704718,0.30806988,2.1706321,0.5490214,1.0437198,0.577855,1.5709971e+08,1.9389176e+07,1.774759e+07,2.9856032e+06,7.4836964e-05,3.0192197e-05,5.210083e-05,3.62172e-05,14.020462,-1.1752357,46.365955,-0.50797796,1.0866324,0.337988,0.83856565,0.3084834,1920.3477,608.9219,2623.0508,230.86719,20.416462,19.689636,19.42928,19.228092,0.008702601,0.0055346824,0.0072295605,0.0060513117,20.358892,19.668346,19.432238,19.205227,0.028381348,0.076672554,0.04944229,0.08328152,0.60465115,0.0625,0.6091954,0.10344828,0.75946236,0.0712265,0.15182981,0.95348835,0.20020676,0.052600704,0.046832092,0.6458333,1.1265392,0.07213678,0.0,0.9885057,0.20105362,0.048539203,0.07703345,0.6034483,0.8890686,0.23517418,1.110632,0.28720665,0.021142742,0.017016105,0.012886322,0.019740354,112.99942,132.95616,122.299774,144.31764,6.3894196,11.121266,8.746479,10.093749,3.5812654,0.3823541,5.815181,0.6638102,0.17767633,0.10897588,0.14046516,0.11635518,0.6734558,0.8905547,0.7853936,0.8357199,20.405577,19.742464,19.432905,19.279253
471,2528737909026354518,1.5594435,1.2136879,1.2490673,1.267026,1.0418186,1.3699722,1.0523205,1.1315575,1.6332272,0.5922776,0.54351854,0.262909,0.33333334,0.46153846,0.375,0.3529412,1.284628e-11,0.07408339,0.34202725,0.13633485,0.20458722,0.20829472,0.38124126,0.29365173,1.3798842,1.6004329,0.5000494,1.7962457,9.466152e+07,1.5996407e+07,4.213279e+07,1.3293739e+08,0.0008108059,-0.00056510436,-0.0011613875,-0.0007050924,-0.4511392,-1.2479346,-0.70442486,-0.80339146,0.84773326,1.0779539,0.25002483,0.9944145,3790.6094,570.39453,1962.7734,2224.3594,24.639576,24.21321,24.534342,23.6335,0.039253764,0.036115218,0.02970445,0.032325096,24.971617,23.910824,24.684303,23.755314,0.3535366,0.64816856,0.49832916,0.37019348,0.23809524,0.15384616,0.25,0.11764706,2.0765438,0.22465938,0.37244242,0.23809524,1.5800514,0.33528453,0.42060292,0.61538464,1.3214073,0.3841941,0.35307023,0.33333334,1.244709,0.4359102,0.42517135,0.47058824,2.1854343,1.7390156,1.5417328,1.3649769,0.11647601,0.10045342,0.09674274,0.103370346,4.7164927,1.6371765,1.0939656,1.3885368,1.6751055,1.1088991,0.8550095,1.2028899,-0.9425631,0.5085376,-0.5062015,-0.023198001,0.9671961,0.87446535,0.72877914,0.7639551,0.8969174,0.85273105,0.8387174,0.86003447,24.06369,23.985506,24.136272,22.976305
475,2528737931232693918,1.1209116,1.6747122,1.4470615,1.264637,0.83405113,0.7841263,0.5494995,0.77636147,0.55592763,0.58867824,0.442631,0.9406106,0.36734694,0.25,0.3043478,0.4047619,0.0,0.0,0.0,7.482059e-06,0.29012048,0.19461043,0.21881057,0.28001523,0.49468625,1.0234377,1.2486327,1.1497356,1.5884716e+07,2.8712578e+07,2.32935e+07,3.7457296e+07,0.00044980005,0.00054496375,0.00017444194,-9.8570104e-05,-0.60062146,1.890091,0.58495426,-0.6588309,0.30535033,0.5473946,0.69165576,0.62767005,2665.7656,3028.5977,5976.0547,2848.9453,23.242117,23.346268,23.755981,23.378147,0.024781829,0.027791275,0.021774763,0.031211177,23.120193,23.278938,23.765587,23.250051,0.41978645,0.39922142,0.30169296,0.48796272,0.12244898,0.27083334,0.25,0.30952382,0.99926376,0.299422,0.3311036,0.63265306,1.0084534,0.34885216,0.532221,0.625,0.78783417,0.30924883,0.3569592,0.47826087,1.2703648,0.4071727,0.41969177,0.6666667,1.4401855,2.1423454,1.5824451,1.4614582,0.082914025,0.09034059,0.069900654,0.10397119,24.826132,12.514555,3.1273592,2.2568498,3.9578495,2.2051504,1.4138699,1.1891413,0.42199907,0.9111029,0.17940359,0.3451667,0.57598215,0.64882255,0.5172809,0.7296595,0.7310431,0.6714105,0.78091615,0.83024776,22.912304,23.1337,23.532238,22.89735
476,2528737935522153343,1.3694754,0.99257183,1.1692848,1.0555735,1.0971222,1.091629,0.8098202,0.87435913,0.30902204,0.39105412,0.21299347,0.28896752,0.3181818,0.3846154,0.36842105,0.4,2.822125e-05,0.019986164,0.0031733932,0.12377092,0.30499387,0.38394886,0.22028661,0.27292195,1.4216295,1.1267036,2.2730772,1.4676341,9.039036e+07,1.1423583e+08,1.20247576e+08,1.0148079e+08,0.00022929173,-0.0012507767,-0.00014457517,-0.0006527295,-0.828012,-1.3120925,-0.54422426,-0.46068025,0.7790263,0.6694927,1.1638204,0.8071466,2530.2812,1308.9062,4729.125,1635.6836,24.568174,24.447706,24.279083,23.510197,0.031094946,0.026987597,0.02271633,0.02456216,24.569859,24.233534,24.263678,23.492216,0.5485611,0.53422546,0.41283417,0.3993368,0.0,0.15384616,0.15789473,0.25,1.3064766,0.40113765,0.3548182,0.5,1.1809216,0.30656004,0.2621631,0.61538464,0.89909935,0.3341345,0.29459217,0.5263158,1.0089931,0.36502084,0.2560172,0.7,1.5052624,1.2871685,1.2095642,1.0787182,0.09990512,0.07987092,0.06844583,0.08355867,2.747932,2.0046804,1.7505318,1.3807936,1.4146603,1.4222263,1.2520401,0.8376506,-0.11380114,0.3059733,-0.06854687,0.10024327,0.76394606,0.65978485,0.5515317,0.5774612,0.834339,0.78166777,0.88694173,0.7027648,24.561316,23.7457,23.896084,23.363266
478,2528737946773721846,2.2570353,2.252431,2.2183628,2.6875,0.64967537,2.8353672,1.2535095,1.8567295,2.9983187,1.9429144,0.990821,0.86709976,0.17391305,0.44444445,0.29032257,0.31578946,0.0,0.0,0.0,0.0,0.23137115,0.1975039,0.40364677,0.30473465,0.890837,0.44620726,0.28311706,0.6539381,3.9689316e+07,1.0625733e+07,2.8702375e+06,4.785699e+06,0.0013908742,0.0040760054,0.0018272087,0.0038083764,5.4177,-1.2625773,-0.12639499,-0.5488913,0.46488726,0.28138372,0.21476011,0.3601836,6228.8203,5622.164,3981.1328,4101.4336,23.066177,22.564924,21.815016,20.852942,0.03845897,0.06492918,0.04288245,0.061848942,22.885918,22.200117,21.978928,20.4986,0.3253374,1.1960163,0.61924934,0.937809,0.41304347,0.15555556,0.15053764,0.14035088,2.1443672,0.40272507,1.0095758,0.8695652,2.8314419,0.6193915,0.4745875,0.6666667,1.5725079,0.6052475,0.4591964,0.40860215,2.2010517,0.51692325,0.8155955,0.54385966,3.535654,2.9875507,2.52981,3.6859055,0.13051617,0.18673472,0.13572168,0.18910933,22.432316,154.75932,602.0226,625.95355,3.767535,10.6592655,23.104076,26.488783,2.096369,0.47723404,-0.45837927,0.50684106,0.8871014,1.465122,0.9354813,1.2897323,0.7932161,0.77274334,0.8445307,0.870116,22.80969,21.508024,20.963167,19.76751
479,2528737946979727562,1.6980057,1.8883333,1.8359146,2.2524166,1.0524349,2.4523258,1.1085281,1.7626839,3.7152066,2.8405344,0.24582157,1.5445151,0.23404256,0.37777779,0.2795699,0.3508772,0.0,0.0,0.0,0.0,0.28725305,0.21684617,0.37625268,0.28706154,0.47529987,0.43208852,0.41614383,0.5736194,7.732526e+06,2.9426722e+06,5.700101e+06,4.3146275e+06,0.0013733801,0.003634589,0.0014447807,0.003733902,1.2982767,-1.2296858,-0.2837069,-0.56984305,0.27659488,0.28658846,0.28384537,0.32529712,2227.3945,2666.375,6004.8438,3881.7266,22.50007,21.889153,21.072899,20.16822,0.037421126,0.06052274,0.038044747,0.06114323,22.207605,21.28924,21.078552,19.990028,0.31663513,0.6855087,0.55594254,0.87789345,0.42553192,0.08888889,0.11827957,0.12280702,1.7021751,0.25064182,0.64547175,0.7446808,2.5973911,0.46619824,0.49685007,0.6666667,1.3018913,0.4794845,0.45167613,0.49462366,2.1032314,0.5045165,0.8546305,0.5964912,2.666401,2.9086819,1.8754921,3.0124836,0.1275782,0.1732937,0.1288089,0.19128017,59.046818,294.574,1266.5791,1431.7756,5.9027386,14.205601,31.372288,45.77316,1.4368112,0.6265943,-0.0660438,0.6866034,0.84197795,1.3247914,0.8017131,1.2331501,0.75582016,0.80860746,0.8166371,0.88230956,22.13618,21.17573,20.503681,19.279856
480,2528737947056426015,0.6201916,0.062812805,0.18580341,0.19267273,0.06270218,0.036945343,0.021429062,0.02705574,10.755663,0.15037043,9.277859,7.594018,0.04255319,0.2888889,0.06451613,0.01754386,0.0,0.0,0.0,0.0,0.17975777,0.18060553,0.14781314,0.15569733,1.7367594,1.522973,1.6767972,1.6168851,6.3919004e+07,9.920928e+07,1.1256842e+07,3.8847438e+06,9.315553e-05,1.565253e-06,3.7921636e-06,8.082584e-06,21.8698,-0.1674962,50.700294,38.347736,1.0516516,0.79052514,0.8393982,0.8162845,2340.5,253.59375,376.15366,131.1289,20.95639,19.607637,18.425219,17.889637,0.009755792,0.0014146272,0.0019578664,0.0028528774,20.913754,19.611269,18.4251,17.880331,0.030538559,0.019586563,0.009756088,0.012069702,0.87234044,0.13333334,0.7419355,0.6666667,0.9614506,0.044688534,0.25443614,0.9574468,0.044591904,0.016518861,0.016185082,0.4888889,0.3003235,0.018307235,0.0,0.9892473,0.35103035,0.021237463,0.0,0.98245615,1.1430874,0.06397629,0.2972145,0.35417747,0.014656862,0.004540869,0.0033970808,0.003942741,26.409777,8.183953,113.31715,179.20229,2.84877,2.4289083,4.805534,6.33035,4.5910344,-0.0020121278,5.992614,5.698008,0.2044462,0.027737496,0.036074117,0.05103694,0.5614344,0.8071903,0.4498609,0.53652287,20.922504,19.619556,18.427074,17.897038
481,2528737947059494233,1.1950388,1.5891247,1.4645071,1.8569603,0.6209583,2.0427856,0.9417782,1.4033031,3.3788917,2.9006255,0.30179453,1.9411762,0.23404256,0.37777779,0.31182796,0.31578946,0.0,0.0,0.0,0.0,0.2786209,0.21224622,0.39383468,0.27346668,0.6519247,0.43796682,0.24996321,0.6225615,1.2463685e+07,4.9509315e+06,2.7796e+06,3.7861392e+06,0.0007693788,0.0023758514,0.0010196931,0.0027357582,1.5465348,-1.1672685,-0.3966167,-0.19395947,0.39296645,0.27891132,0.19822466,0.34710303,1580.7734,2585.8594,2254.8281,3013.918,22.131325,21.353096,20.474604,19.613998,0.027938755,0.048810136,0.031944677,0.05231564,21.888405,20.879248,20.556608,19.429436,0.21102905,0.4776001,0.44932556,0.6800709,0.23404256,0.13333334,0.13978495,0.10526316,1.2713623,0.21156797,0.49004626,0.7659575,2.0432968,0.35141858,0.4195622,0.6666667,1.0726585,0.3977,0.35322574,0.4623656,1.9486027,0.509529,0.673567,0.7368421,1.9853992,2.4825993,1.5382767,2.599697,0.0965126,0.13962404,0.108117096,0.16272649,105.01722,479.72568,2227.608,2542.0872,7.2936025,18.166185,40.24465,52.717278,1.4960914,0.661466,-0.17062913,0.87406427,0.61832166,1.0422475,0.6540546,1.0261189,0.7204046,0.8191622,0.8391923,0.90003014,21.92481,20.911785,20.150526,19.0309
482,2528737947064023837,0.6379862,0.512887,0.5406351,0.68143845,0.18406296,0.65789413,0.26075172,0.47969246,3.027665,2.142447,0.49085355,2.4031358,0.19148937,0.42222223,0.2580645,0.28070176,0.0,0.0,0.0,0.0,0.22004083,0.21642536,0.3388144,0.26671433,1.30877,0.5643075,0.38476706,0.6467138,4.3577132e+07,1.1282579e+07,3.9872032e+06,3.3452068e+06,0.00015373538,0.00028954368,0.00012865082,0.00043705708,3.4862306,-1.2092342,0.23507428,-0.16116333,0.7263168,0.32696602,0.2622487,0.36289135,2288.8984,1517.5625,857.3242,1145.4609,21.301748,20.155298,19.059248,18.454659,0.0125141535,0.017037949,0.011345824,0.020908397,21.218908,20.023155,19.07416,18.303017,0.10538292,0.21217537,0.12634468,0.2298336,0.3617021,0.08888889,0.16129032,0.14035088,0.6778221,0.12780297,0.20530097,0.87234044,0.66407967,0.13929254,0.12423352,0.6666667,0.34119415,0.1317559,0.13483334,0.4516129,0.8495312,0.21805683,0.14887014,0.8245614,1.0630856,0.74690247,0.54927444,1.0456944,0.041075364,0.050596308,0.039608203,0.06578049,163.0062,649.8864,1634.4521,4545.776,8.208756,23.77854,32.980118,54.455273,1.7966101,0.5467514,0.04243106,0.9345307,0.26657334,0.34340495,0.21624288,0.3858573,0.6960067,0.88353467,0.812659,0.82472336,21.319115,20.23312,19.070763,18.452555
483,2528737947088874756,1.4085321,1.7063656,1.6694784,2.1289206,0.8133068,2.4225235,0.919117,1.5379124,2.3604646,2.4515398,0.7709604,1.4445306,0.29787233,0.4,0.26881722,0.33333334,0.0,0.0,0.0,0.0,0.2706074,0.20052499,0.39011863,0.28981355,0.65423113,0.50257176,0.31503594,0.6444735,9.367813e+06,6.9428755e+06,3.6234798e+06,3.788969e+06,0.0010810699,0.0029291448,0.0011422648,0.0030773934,1.1535995,-1.3277727,-0.100743055,-0.49114347,0.3814544,0.3137884,0.23774594,0.3664273,1634.6719,3942.9297,2686.3398,3437.164,22.423525,21.757782,20.915588,19.990023,0.03316747,0.05427046,0.033821963,0.05549686,22.190498,21.292389,21.096964,19.672367,0.33547783,0.67752457,0.39715576,0.7990856,0.25531915,0.15555556,0.17204301,0.14035088,1.538477,0.32965913,0.5675277,0.78723407,2.2988205,0.4716694,0.38282657,0.6666667,1.1584187,0.46469817,0.37479177,0.41935483,1.9138184,0.44774058,0.7402604,0.5964912,2.2000484,2.485798,2.0288105,3.0313625,0.11798392,0.1544101,0.11368855,0.17673168,83.296394,352.28156,1443.1156,1708.3658,7.306837,15.348159,32.777252,42.119427,1.3210104,0.51840246,-0.37408507,0.6793064,0.7437316,1.1808048,0.7074063,1.1093835,0.77906156,0.80501837,0.81966865,0.886922,22.11995,21.129808,20.482454,19.261047
485,2528737956400907015,0.6815977,0.45414257,0.12703419,0.71907234,0.047956467,0.13504791,0.0650692,0.09243584,9.526294,3.9428678,0.23733659,8.014291,0.024390243,0.02173913,0.27586207,0.018181818,0.0,0.0,0.0,0.0,0.17108543,0.16774112,0.32909554,0.13586411,1.8550657,1.8058388,0.58819157,1.9008105,1.0891309e+08,8.329031e+06,9.015834e+06,2.0591442e+08,9.3857714e-05,4.3210523e-05,5.038718e-06,8.608301e-05,36.650414,23.102552,0.38212943,38.575024,0.92774487,0.9073352,0.30108482,0.9589686,2517.4766,425.5703,315.8711,5599.539,20.854197,20.550226,20.431818,20.41199,0.009782381,0.006720623,0.0024088803,0.009499972,20.82318,20.512955,20.431816,20.368366,0.023109436,0.05065918,0.032915115,0.04339218,0.80487806,0.41304347,0.21839081,0.74545455,1.2727757,0.04647829,0.0,0.9756098,0.79990005,0.072679296,0.0,0.9782609,0.07616615,0.03025718,0.031895377,0.4827586,1.3230858,0.07670165,0.0,0.9818182,1.2727509,0.81978226,0.14487648,1.3426495,0.008849131,0.010517824,0.007549087,0.013322546,36.469997,58.9119,9.181226,11.55729,3.1826625,4.9683986,2.4810371,2.6243289,5.903212,4.178853,0.13755651,5.7737274,0.2040037,0.13811032,0.0492178,0.19391333,0.5279378,0.6004195,0.8096961,0.79641813,20.828213,20.58067,20.440401,20.428236
487,2528737962356826854,0.9295769,0.15842152,0.32489586,0.65969944,0.1272335,0.16592598,0.066028595,0.1597004,6.7577724,0.8289592,3.1818936,4.2421675,0.023809524,0.46153846,0.1625,0.054545455,0.0,0.0,0.0,0.0,0.14397407,0.25140852,0.27011037,0.13889676,2.2657428,0.9582936,1.151163,1.9172351,1.3061868e+08,3.606315e+07,2.2221576e+07,4.748862e+07,0.00014112401,1.6721395e-05,1.43883635e-05,8.566561e-05,31.736595,-1.1508641,17.88406,24.412378,1.1342973,0.5080484,0.7441712,0.9665634,3655.8438,421.48828,1330.7734,2590.3008,22.109356,20.853655,20.339233,20.041632,0.012524589,0.0043825833,0.0038676895,0.009358467,22.054552,20.841763,20.345192,20.004004,0.05305004,0.077596664,0.028654099,0.07177162,0.6666667,0.12820514,0.5375,0.43636364,1.6822071,0.09764882,0.0,0.97619045,0.16189003,0.0505876,0.030337507,0.5897436,0.49234772,0.056557193,0.0,0.9875,1.150959,0.10631149,0.0,0.9818182,1.6969604,0.16335678,0.48023605,1.1676617,0.015111905,0.013412634,0.010039431,0.01594825,9.119454,19.148232,18.832071,38.110275,2.0773184,3.9214706,3.2588544,4.9947667,5.307769,-0.06872671,2.7099996,4.2377286,0.2769106,0.09139288,0.07866584,0.18755895,0.74077433,0.8616541,0.75118464,0.80498374,22.10743,20.8835,20.342968,20.074446
488,2528737980426382611,0.9402132,0.21061707,1.228735,1.2724733,0.080459595,0.059326172,0.025220871,0.031225204,7.629327,1.0841053,31.322271,18.592655,0.06521739,0.19148937,0.010752688,0.018181818,1.8651747e-14,2.5814492e-05,0.0,0.0,0.18442206,0.16536081,0.10233138,0.13201365,2.0221515,1.6805762,1.991955,2.0335393,1.21672664e+08,1.1246916e+08,1.5072619e+07,2.2747267e+08,0.00010743519,5.0655985e-06,0.00016183569,0.00031749217,25.600655,4.7451773,92.07152,54.34482,1.0218447,0.84535825,0.9959788,1.0170944,3426.2617,629.39453,4891.035,10247.594,22.406942,21.072447,19.639318,18.985418,0.0118059665,0.0031650676,0.012735429,0.01785017,22.376314,21.070461,19.613396,18.938442,0.03839302,0.033483505,0.012926102,0.01750946,0.73913044,0.42553192,0.9892473,0.9818182,1.1172695,0.089845195,0.6433578,0.95652175,0.090955734,0.041481264,0.056279264,0.5319149,2.4061737,0.017506378,0.0,0.9892473,2.5061817,0.02572038,0.0,0.9818182,1.554245,0.2659607,2.4062233,2.5075932,0.020036597,0.009579351,0.00260856,0.0043821265,3.507834,2.0747962,16.257523,20.136488,1.2138585,1.206396,2.0626338,3.1401057,4.61986,1.0318012,9.572066,7.351383,0.2645356,0.06669572,0.25011516,0.33889294,0.63891625,0.83139586,0.5106069,0.7337131,22.362492,21.075674,19.61637,18.951674
489,2528737983433620441,1.0411816,0.1921053,0.6247473,0.0668602,0.14119339,0.07354355,0.01979065,0.03611946,4.8284125,1.0025605,23.795946,0.711869,0.12195122,0.25531915,0.060240965,0.28301886,0.00047530225,0.062503435,0.0,0.048641574,0.18121888,0.18131398,0.20033713,0.1340131,2.7752461,1.8027204,0.5601113,2.2565591,2.6106245e+08,1.564028e+08,2.1900748e+06,1.750204e+08,-0.00030087878,2.460949e-06,9.160861e-05,7.7371e-07,9.056128,1.6803071,22.176727,-0.031214952,1.432422,0.90826577,0.2896007,1.12856,5822.883,857.9844,1010.21484,518.47656,22.902374,21.476564,20.529522,20.0522,0.016174864,0.0036789435,0.009648203,0.0015853029,22.813063,21.468822,20.483858,20.055777,0.06940842,0.036798477,0.010204315,0.016038895,0.63414633,0.31914893,0.92771083,0.20754717,1.2405453,0.15805045,0.3780421,0.9268293,0.15528488,0.046021443,0.064556085,0.80851066,0.8650818,0.035214964,0.30065522,0.9518072,0.057037354,0.015858194,0.020367604,0.26415095,1.6755505,0.26665497,1.1944389,0.067892075,0.056297522,0.013109188,0.01884232,0.0059994278,1.9072044,1.3376633,7.2072253,1.3461032,1.0634025,0.9347089,1.3570224,0.97175187,2.758649,1.0057142,4.6662054,-0.14199518,0.3704428,0.07901107,0.198073,0.03178881,0.75984746,0.8169779,0.50966436,0.8313631,22.810238,21.463018,20.485931,20.055233
498,2528738016947358048,1.2646904,0.76447487,0.63391685,0.47310925,0.3134613,0.24458122,0.093164444,0.22653389,3.3777514,1.1810454,5.7781906,0.28380916,0.078431375,0.17021276,0.08791209,0.3,0.0,0.0,1.24923405e-11,3.663736e-15,0.28418154,0.24327312,0.210821,0.23608556,1.2793386,2.029473,1.2458187,1.5306711,4.747569e+07,1.2597151e+08,1.7416844e+07,4.8248504e+07,0.00023280428,7.830509e-05,3.0434067e-05,4.156039e-05,24.072334,7.8256426,39.88557,0.21480227,0.6473972,1.0153476,0.95908916,0.76974463,3825.6406,2751.125,2385.9258,1152.25,22.36382,22.104557,21.834759,21.863865,0.01614778,0.010687473,0.006304802,0.008933632,22.31282,22.109474,21.824398,21.866781,0.14720535,0.10278702,0.04818535,0.11230087,0.4509804,0.34042552,0.5934066,0.23333333,2.167368,0.19770178,0.0,0.98039216,0.32125092,0.12638766,0.20362505,0.42553192,1.0775452,0.079129495,0.0,0.989011,0.3118248,0.12706299,0.119795285,0.38333333,2.175871,1.0505238,1.0760651,0.51932335,0.028881012,0.029087715,0.012726321,0.030334797,12.662483,5.9477725,2.3369184,3.1632497,2.9265761,1.8490397,1.2470399,1.3684187,4.1284695,1.6508316,5.2207522,-0.23341045,0.361126,0.23624186,0.13766383,0.19532372,0.79981107,0.75017565,0.8036419,0.76091266,22.266808,22.116814,21.807758,21.894337
503,2528738031401891700,1.3961096,1.6114922,1.9087086,2.3054953,1.3838959,2.0162487,1.7068119,1.95928,1.9994901,2.518311,4.022046,0.84083354,0.35555556,0.45238096,0.29347825,0.4117647,0.0,0.0,0.0,0.0,0.37192082,0.2635669,0.43734372,0.37362438,0.33389378,0.4830378,0.18698002,0.43361107,3.492766e+06,7.1445155e+06,2.0937722e+06,4.8009605e+06,0.0012277667,0.0021064866,0.0018852178,0.0028331475,-0.92697024,-1.6253939,-0.7808099,-0.99004483,0.2751383,0.32356548,0.13506739,0.24371448,1094.6719,1722.1641,3444.9375,2209.3867,21.969759,22.080149,22.508455,22.230444,0.035218973,0.046128497,0.043830354,0.05467316,21.683708,21.596405,22.974302,22.094843,0.43361855,0.75021553,0.4913206,0.9975548,0.22222222,0.14285715,0.2173913,0.1764706,1.4848938,0.3042778,0.33895102,0.6666667,1.9315834,0.32697767,0.31604055,0.5714286,1.8093643,0.5755142,0.3085996,0.39130434,2.1379528,0.6099422,0.6127097,0.60784316,1.8274632,2.181137,2.776699,2.5841408,0.10734768,0.12494012,0.13351364,0.16946855,262.39606,142.49681,175.9904,46.148956,14.174211,10.147421,16.444601,7.7741017,0.60870445,0.23244612,-0.6709296,0.31146201,0.77375233,1.018524,0.98655355,1.2154087,0.7902051,0.8240838,0.85515827,0.8409328,21.478336,21.539053,21.519098,21.094727
504,2528738031715598557,1.8197832,1.8527298,2.604311,2.124958,1.6477394,2.1067314,2.006796,2.2347622,0.95447433,0.93062955,3.8196638,1.8402528,0.34615386,0.42553192,0.30107528,0.39215687,0.0,0.0,0.0,0.0,0.40590537,0.24078786,0.4169421,0.358089,0.3321912,0.34557304,0.22751339,0.67147684,8.055842e+06,5.8498715e+06,1.616934e+06,8.616742e+06,0.0021024356,0.0025145772,0.0027610494,0.002473049,-1.1365407,-1.297974,-0.5343716,-1.3316739,0.27685237,0.25046426,0.19632584,0.35547638,4171.9453,3405.0156,3012.875,3040.3125,22.135616,22.528757,22.84077,22.564358,0.046147525,0.050657377,0.053706426,0.052841105,22.230198,22.465317,23.386683,22.189987,0.88979435,0.96360207,0.5225582,0.8638325,0.115384616,0.14893617,0.2580645,0.13725491,1.7828903,0.39990687,0.5646056,0.44230768,2.0241337,0.6167493,0.42599848,0.59574467,2.3065205,0.6824141,0.48792776,0.33333334,2.2282677,0.52719676,0.42643988,0.627451,1.9980412,1.8529625,3.4406624,2.6406574,0.14589149,0.14843251,0.16959044,0.14748421,370.19833,128.9392,210.25125,18.550108,24.678268,9.604785,20.260378,4.510898,0.043341983,0.04427096,-0.7114724,0.31970596,1.0215039,1.1412477,1.2266961,1.1923256,0.81372863,0.8127404,0.8689091,0.83969784,21.358469,21.876394,21.172024,21.53415
505,2528738040044280427,2.084011,2.4396954,2.6145973,2.8393526,1.3371258,1.7342606,1.1237049,2.4384174,1.0146371,0.75092834,2.1304338,0.7433209,0.27906978,0.3783784,0.26966292,0.3469388,0.0,0.0,0.0,0.0,0.2759793,0.1977242,0.36830962,0.3546631,0.82194984,0.67008847,0.513975,0.66957855,3.8213868e+07,2.1502938e+07,7.817899e+06,9.878876e+06,0.0019480061,0.0022872514,0.00196469,0.0049589826,-0.23029566,-0.6682,0.6170645,-0.8724866,0.45630702,0.4189122,0.32495725,0.35269964,4879.871,3146.8984,6818.086,5232.797,23.411161,22.935984,22.180265,20.771389,0.046415746,0.05937291,0.04458919,0.07056711,23.084389,22.616726,22.391672,20.631212,0.67489815,0.7728939,0.5210972,1.173399,0.20930232,0.27027026,0.25842696,0.12244898,1.8948135,0.494467,0.75232565,0.6511628,2.6499462,0.79421365,0.48756996,0.7567568,1.7938576,0.72286046,0.49894375,0.28089887,2.5844479,0.72266585,0.75587124,0.6122449,2.7494164,2.9937496,3.2798862,3.3143349,0.15747961,0.19338432,0.14257511,0.21836786,28.785961,189.36115,651.2931,1162.4613,4.634908,9.334412,20.650627,42.699642,0.72963756,0.44220304,-0.83787614,0.36594,1.0866466,1.3617761,0.9890001,1.4657768,0.83717364,0.7309964,0.8072776,0.8580741,22.751595,21.60082,20.96329,19.318512
506,2528738041437468424,2.057581,2.2738008,2.6798296,2.8817368,1.1348724,1.7519016,1.4057522,2.4660416,1.5620487,0.5234523,0.9195098,1.0501182,0.325,0.4117647,0.3068182,0.33333334,0.0,0.0,0.0,0.0,0.24506809,0.2613339,0.38214284,0.3485471,0.82982045,0.9292441,0.43816143,0.7085759,4.866616e+07,2.3848142e+07,5.037828e+06,1.2418693e+07,0.0018953361,0.0029724014,0.002373185,0.004904737,0.21394801,-0.8558996,0.20109987,-0.91399765,0.47565466,0.5544923,0.31215864,0.37731904,4962.0938,2884.0156,5349.3555,6162.3555,23.424816,22.842295,22.348011,20.800224,0.045830872,0.05611213,0.04924944,0.07017402,23.193512,22.702726,22.562353,20.492504,0.5694752,0.8976488,0.67094994,1.2583094,0.3,0.0882353,0.27272728,0.16666667,2.2133636,0.5097598,0.610773,0.775,2.3054752,0.70601565,0.6079444,0.6764706,1.871891,0.7410986,0.59499764,0.3409091,2.6859703,0.7040147,0.6153065,0.6458333,2.8787384,2.6125488,3.114771,3.534729,0.15401642,0.18168674,0.16581635,0.21287087,21.914398,181.11844,526.99854,1164.3813,4.125486,11.081866,20.449657,36.706646,0.97547114,0.331926,-0.51525366,0.36811155,1.0735798,1.2817298,1.1006271,1.4596354,0.8653769,0.7693786,0.80774003,0.84898823,22.894022,21.42225,21.013391,19.321537
507,2528738041482558767,1.6127348,1.9991026,3.1334476,2.1972666,1.2828217,2.353794,1.2071304,2.000948,1.9802256,1.4961305,0.9975218,1.5903487,0.2173913,0.3902439,0.2888889,0.32,0.0,0.0,0.0,0.0,0.336557,0.29633594,0.36895874,0.32647103,0.6296788,0.5396917,0.771914,0.5883507,1.7285612e+07,1.1838821e+07,6.270763e+06,6.0730595e+06,0.0016817293,0.0036308623,0.0022344915,0.0045432914,0.064915895,-1.3519404,2.0785635,-0.9356923,0.42985445,0.35067734,0.42666027,0.33451805,3281.1719,4426.9297,8635.34,4306.051,21.923351,21.498161,20.460823,19.239368,0.041185208,0.060345042,0.047413222,0.067410074,21.639923,21.17038,20.561378,18.85919,0.45519257,1.0866852,0.6189232,0.86803055,0.19565217,0.07317073,0.2888889,0.14,1.7266712,0.36987197,0.6126535,0.7173913,2.4441013,0.5735643,0.40298837,0.63414633,1.5631962,0.5955954,0.6172734,0.36666667,2.35717,0.50048834,0.72463834,0.62,2.3022861,2.3730698,3.822483,2.844593,0.13706076,0.1837916,0.14145948,0.20544341,211.35284,1539.9739,6688.2515,9190.732,12.3780575,31.08434,73.261345,100.20105,1.0038316,0.29386023,0.19376148,0.5711455,0.9029178,1.2973075,0.9701136,1.2969272,0.8100289,0.76103616,0.8660274,0.86661094,21.505621,20.409973,19.647974,18.278667
508,2528738041526273343,1.2505331,0.045236588,3.4564009,1.4517555,0.02446556,0.014923096,0.010240555,0.013664246,15.369668,3.9407775,33.736397,17.98821,0.02173913,0.17073171,0.022222223,0.02,0.0,0.0,0.0,0.0,0.15100826,0.14237551,0.103411816,0.13780701,1.857966,1.6480974,2.0140712,2.053441,8.692308e+07,1.5984315e+08,1.6403408e+07,1.5238678e+06,0.00034353803,1.3631152e-06,0.0018171436,0.000617973,44.655457,2.930035,87.09859,48.80591,0.9290017,0.8255485,1.0149459,1.0267236,4973.461,264.33594,14107.719,659.0651,19.719421,18.38118,17.11079,16.482767,0.018542828,0.0011886907,0.04272315,0.024859324,19.656807,18.374165,17.02449,16.415535,0.012106895,0.0061798096,0.005115509,0.0057373047,0.9130435,0.31707317,0.9777778,0.96,2.4628506,0.04339252,0.0,0.9782609,0.059944153,0.008960582,0.011286736,0.8780488,6.8801594,0.09237974,0.0,0.98888886,2.8809452,0.044025473,0.0,0.98,2.4719257,0.074056625,6.8900127,2.8905563,0.009439805,0.0042192987,0.0023854615,0.006730984,249.74655,50.254906,772.76483,3231.6555,5.5372686,4.146085,7.073316,16.529968,6.641325,1.8710443,9.276479,6.9532433,0.36565384,0.021849537,0.7310268,0.40975046,0.3766231,0.65448016,0.2567771,0.3169088,19.665916,18.382097,17.02611,16.42326
509,2528738041530599519,1.2463074,0.67552567,0.7759638,1.1691256,0.36471176,0.9067993,0.45970345,0.6955147,3.8292556,1.8727261,0.5267834,3.2529378,0.13043478,0.41463414,0.3258427,0.22,0.0,0.0,0.0,0.0,0.2694774,0.2939744,0.36468148,0.2751307,1.1902677,0.5449194,0.36428696,0.67823124,4.7028976e+07,1.0844811e+07,3.892249e+06,5.924482e+06,0.0005234332,0.0005652182,0.00033931178,0.001000412,7.835108,-1.3658661,-0.2663815,0.88119316,0.65075284,0.3365276,0.18795261,0.37478498,4466.293,1538.6953,1790.4922,1593.9258,20.230968,19.181755,17.939577,17.182022,0.022890385,0.023776557,0.018420873,0.03162957,20.052345,19.059177,17.976162,16.949272,0.15570164,0.3224163,0.19484138,0.23047256,0.45652175,0.09756097,0.23595506,0.24,1.1189594,0.20690057,0.5382375,0.8695652,0.8498497,0.16658002,0.20131454,0.6097561,0.5503769,0.17735118,0.20818184,0.35955057,1.060749,0.18412249,0.38666388,0.72,2.2393303,0.9017639,0.827631,1.9564991,0.059362493,0.06882924,0.060227685,0.08468193,1522.0275,6094.633,19555.56,43870.54,23.858824,67.48784,113.36336,168.7452,2.439296,0.43872148,-0.008239723,1.2565587,0.46309465,0.4560761,0.33046266,0.54345995,0.6950231,0.88922477,0.82010233,0.84750587,20.154861,19.175533,17.90656,17.08935
510,2528738041612297123,1.1979761,1.4499388,2.2772617,1.8982582,0.94670105,1.8719997,0.70375824,1.5199394,2.6981928,2.2377841,0.9592988,3.0009973,0.2826087,0.4390244,0.23333333,0.22,0.0,0.0,0.0,0.0,0.33891633,0.30168143,0.34643766,0.29067847,0.71817255,0.52137715,0.84110534,0.62493336,1.6851974e+07,7.813466e+06,7.709783e+06,4.888895e+06,0.0011797263,0.0024017864,0.0012692222,0.0035363678,-0.17751431,-1.4380013,3.3228457,-0.35309577,0.43568805,0.3345317,0.44572002,0.35556597,3681.9453,2670.5781,6651.215,2855.7344,20.979315,20.282501,19.16394,18.117895,0.034379307,0.049016263,0.03562937,0.059468225,20.70735,19.925413,19.244495,17.727556,0.36184406,0.65851593,0.36718655,0.5207405,0.19565217,0.09756097,0.35555556,0.12,1.4487209,0.29334298,0.42150447,0.73913044,1.9102116,0.36387458,0.3290683,0.63414633,1.0369797,0.4011512,0.48575574,0.41111112,2.122572,0.4230608,0.632762,0.72,1.8806076,1.9597378,2.9161682,2.9303265,0.109875776,0.13994633,0.112463675,0.17375319,1082.6029,4049.1538,18548.125,29077.098,24.315283,54.444405,108.49294,163.20581,1.019648,0.43578586,0.6334746,0.9639172,0.7212543,0.99417245,0.6827991,1.0774391,0.7266479,0.82372826,0.8211697,0.88717717,20.636726,19.74558,18.876211,17.564331
517,2528738052066642203,1.3624859,1.5414839,1.3400154,1.3125305,1.114254,1.2170143,1.221302,0.7329273,0.39752886,0.2467951,0.8317395,0.28818062,0.40625,0.3043478,0.42,0.35714287,0.0,0.012955432,0.0,0.003809536,0.33242688,0.18432242,0.19757678,0.34816253,1.0882671,1.1788849,1.3246791,1.9242785,8.290366e+07,1.0026614e+08,5.5015256e+07,9.810464e+07,0.0003709306,-5.101854e-06,-0.000496748,-0.0006633593,-0.76720285,-0.6382723,-1.034519,0.23861217,0.59736735,0.7997905,0.6632067,0.9748063,3145.9727,3465.2812,6098.4375,1929.8086,24.521214,24.248999,24.252165,23.57485,0.030680371,0.03445257,0.028482217,0.029351644,24.434431,24.109674,24.36412,23.694468,0.4868536,0.6118355,0.5694456,0.3225479,0.15625,0.13043478,0.12,0.21428572,1.33354,0.4511741,0.34072766,0.6875,1.4277992,0.43029648,0.4717106,0.6086956,1.2267761,0.29935107,0.36688834,0.38,1.1116581,0.41951996,0.43994033,0.35714287,1.451952,1.8221169,1.393568,1.3614159,0.10078233,0.11327794,0.07791227,0.10287018,8.532124,1.787415,4.1744504,2.3566403,2.0484245,1.1875814,2.6831777,1.2733262,0.18991177,0.34153658,-0.17407483,-0.026797857,0.75231993,0.8354403,0.6907554,0.69196063,0.7566215,0.8389243,0.8622139,0.80690795,23.81369,23.928251,23.493637,23.317541
518,2528738052107777595,1.6809111,1.8661022,1.2741528,1.3899536,0.9164448,1.9203262,0.9903374,1.1544533,0.34273475,1.1199414,0.4844528,0.34699136,0.29268292,0.26086956,0.4107143,0.33333334,0.0,1.1286319e-09,0.0,0.002017351,0.34869432,0.36434138,0.27162495,0.24936636,1.044838,1.0251673,1.1066651,1.6582317,4.3141824e+07,1.485011e+08,2.183978e+07,6.00067e+08,0.0003328167,0.0005880343,2.0363852e-05,-0.00035387988,0.07600665,-1.0879738,-0.9767413,-0.580322,0.53589636,0.5563974,0.5966406,0.8840929,3276.0938,5894.0703,4377.836,4644.9453,24.19042,24.144152,23.922176,23.557705,0.029277558,0.045388583,0.028733024,0.03369893,24.216116,23.77103,23.952005,23.482452,0.46074104,0.6931267,0.49679947,0.57722664,0.09756097,0.2173913,0.16071428,0.16666667,1.1565437,0.41975173,0.38821208,0.4878049,2.0119743,0.41709742,0.4978193,0.6086956,1.1674156,0.3309876,0.39246696,0.42857143,1.439928,0.4685419,0.38479137,0.7222222,1.7404194,2.1718693,1.3228474,1.6373386,0.09463494,0.13309154,0.09143749,0.108274266,11.876731,3.9520173,7.3073015,2.2718463,2.900018,2.489059,3.2053978,1.4246567,-0.08623779,0.38339755,-0.025441837,0.39155835,0.7082364,1.0958688,0.6873565,0.7938695,0.75446177,0.81124437,0.87324286,0.82392824,23.577967,23.26856,23.176205,22.972738
519,2528738052270547164,2.0980787,1.7174234,1.7346249,1.3609781,0.90992355,1.5113544,1.2769604,0.90891075,1.0609981,0.7162322,0.39729515,0.6285617,0.1923077,0.3255814,0.3448276,0.40625,0.0,0.0,0.0,3.3295734e-07,0.3376305,0.26652822,0.307151,0.23056044,1.0805784,0.9800861,0.5864654,1.2775245,3.379706e+07,4.3075852e+07,6.2456625e+06,5.6156444e+07,0.0007049236,0.00091351767,0.00036153858,-6.840654e-05,6.453774,-0.6670468,-0.7480607,-0.5495031,0.54379976,0.55603266,0.2934221,0.6415326,5094.3555,4326.6133,4049.8125,2808.8242,23.131706,23.532885,23.438124,23.37834,0.029418979,0.03793161,0.038421337,0.028251484,23.206045,23.34821,23.488342,23.231129,0.45031357,0.6830616,0.6099949,0.42784595,0.1923077,0.13953489,0.14942528,0.1875,1.0295467,0.3036939,0.542259,0.48076922,1.5845547,0.45057938,0.4971408,0.6511628,1.4869022,0.48892593,0.5242618,0.4597701,1.188818,0.37226313,0.3155927,0.6875,2.965105,2.0098515,1.7381935,1.4888382,0.07018719,0.122423105,0.12847887,0.079825684,38.40551,23.937174,32.547367,2.8039007,6.2867966,4.402604,7.9802766,1.4577667,1.500153,0.46395913,0.01887081,0.27668113,0.6805112,0.8926402,0.9005241,0.6604728,0.8156479,0.7249128,0.853971,0.80769455,22.65794,22.44963,22.248734,22.76307
520,2528738052274246399,1.8142614,1.7520208,1.6738548,1.3443565,0.8264942,1.2918301,1.2531509,0.6479225,0.8502517,0.23768088,0.37813702,0.62579525,0.25,0.2826087,0.32967034,0.31578946,0.0,0.0,0.0,1.6254997e-11,0.34680048,0.26976302,0.3218418,0.20393126,1.02532,1.022888,0.6734113,1.4256475,3.2279894e+07,4.1444316e+07,6.268992e+06,7.1603096e+07,0.0006975891,0.00053304713,0.0009013871,-0.0004025425,3.3484106,-0.5612018,-0.61362934,0.4144287,0.52439636,0.53766316,0.3491958,0.71949553,4689.6562,4630.008,3807.3906,2997.4922,22.98338,23.430256,23.304161,23.231394,0.027607663,0.035208818,0.035820592,0.026733002,23.032463,23.382984,23.384953,23.111115,0.39048672,0.64591503,0.5863972,0.28184795,0.1923077,0.17391305,0.18681319,0.31578946,0.9879837,0.3280865,0.44899553,0.46153846,1.3592148,0.41908136,0.50067097,0.5,1.3943195,0.43733042,0.49801376,0.4065934,1.0503407,0.36293703,0.41775137,0.68421054,2.4523773,1.8145256,1.6801262,1.6265469,0.07415778,0.11443847,0.122829586,0.10193771,57.210358,38.649616,36.751354,3.384713,7.116484,5.3602324,8.05406,1.4518611,0.8518117,0.17454252,-0.029246097,0.44720834,0.6345174,0.8249516,0.83476883,0.6210449,0.8105046,0.7259788,0.8610963,0.81868577,22.515572,22.25942,22.189056,22.566132
521,2528738052296885502,1.1456738,1.4287643,1.3763533,1.3437729,1.0437641,2.20611,1.191822,1.0675926,1.2249626,2.282743,0.40620905,0.2879595,0.38297874,0.4,0.34920636,0.3181818,0.0,0.0,0.0,8.9240215e-09,0.32940364,0.32573757,0.25801742,0.24474956,0.7070532,0.91265005,1.2556907,1.7082167,4.285239e+07,5.139644e+07,1.8982834e+07,2.3254587e+08,0.00037155813,0.0009368724,0.0005455481,-0.00010528523,-1.0121663,-1.6261121,-0.8660307,-0.75677204,0.39820147,0.5288673,0.6300519,0.917064,4712.078,5533.492,3464.7188,3712.754,23.80589,24.009867,23.765963,23.643518,0.02703594,0.04478891,0.03083201,0.030897036,23.98613,23.466597,23.754124,23.685043,0.4430275,0.5608854,0.6022701,0.5338831,0.06382979,0.1,0.1904762,0.18181819,1.1742878,0.31496185,0.29388526,0.3617021,2.0853672,0.37645215,0.26255426,0.6333333,1.2045937,0.42852825,0.4017536,0.53968257,1.2417831,0.32793447,0.42284426,0.4090909,1.3990955,2.1363525,1.4915028,1.411726,0.08209833,0.118777595,0.10111826,0.09680375,18.973635,5.5884275,10.600716,3.797145,4.260837,2.2699213,3.7572134,1.6074022,-0.42616376,0.42574772,0.04428193,-0.0077415574,0.6436146,1.0753757,0.7327524,0.73051465,0.82017976,0.791166,0.8871664,0.8076295,23.249668,23.114609,22.975595,22.912983
522,2528738052361716001,1.7733736,1.5131617,1.4295912,1.2178183,0.6229706,1.1597118,0.98586655,1.0274258,2.6571038,0.8619253,0.26949978,0.36436394,0.23076923,0.33333334,0.34567901,0.38709676,0.0,0.0,0.0,0.01529669,0.32995343,0.2671785,0.2371078,0.26913026,0.88150615,0.929513,1.5216109,1.4907885,3.0344052e+07,5.1567372e+07,1.6058038e+07,4.5294084e+07,0.000775795,0.00070772314,0.00011545499,-0.0012934495,0.73602057,-0.7631295,-0.58384347,-0.9657326,0.4411435,0.5481559,0.7618613,0.79230994,5139.336,4665.91,3594.0547,2119.043,23.374706,23.49193,23.691988,23.74577,0.031535957,0.03433398,0.028941926,0.028197916,23.56865,23.233135,23.673002,23.771387,0.30683327,0.5423479,0.48677254,0.51773643,0.32692307,0.1388889,0.16049382,0.09677419,1.6458874,0.28237566,0.40572596,0.17307693,1.4298477,0.33934334,0.46901965,0.6111111,1.1142216,0.37029418,0.4234424,0.50617284,1.1390266,0.3300366,0.36000475,0.4516129,1.8664474,2.0394,1.5690289,1.3112946,0.10259405,0.10514214,0.099627994,0.08976196,96.09436,12.067439,7.881482,1.6371876,7.956351,3.0871346,3.055554,1.2385256,-0.7478264,0.526104,0.17539509,-0.098914586,0.7371437,0.8065715,0.6856918,0.66958123,0.831927,0.7538105,0.84945637,0.7977259,22.43362,22.86226,23.042578,23.216927
523,2528738052957277360,1.4672289,1.7890882,1.5351315,2.047079,1.2510204,2.062498,1.0066051,1.6632328,3.4503942,2.0014117,0.7806572,2.688474,0.26086956,0.34146342,0.30337077,0.24,0.0,0.0,0.0,0.0,0.3566558,0.30372998,0.39776215,0.29738516,0.5463588,0.46363515,0.27728254,0.61610365,1.331632e+07,5.9041985e+06,3.310624e+06,5.514183e+06,0.0016995696,0.0032017287,0.0013329226,0.0041524884,-0.33138633,-1.27633,-0.4363222,-0.43577814,0.35829866,0.3138694,0.17453878,0.34764612,3926.7656,2327.3594,2539.5469,3293.9648,21.168425,20.536621,19.437704,18.33045,0.04127183,0.05659877,0.036511123,0.06444117,20.792696,20.136036,19.58053,17.88893,0.3325758,0.77643585,0.44210243,0.6190319,0.32608697,0.12195122,0.17977528,0.08,1.696579,0.21203803,0.5279436,0.67391306,2.201973,0.42551437,0.49236608,0.63414633,1.2113914,0.42911607,0.37049368,0.38202247,2.2662964,0.46304432,0.71473294,0.7,2.3172493,2.5440044,1.7801971,3.1301117,0.13090026,0.16245776,0.12148245,0.18605717,679.69165,3237.5935,18470.209,24639.164,19.985085,49.320732,115.50239,158.16785,1.0024244,0.5176006,-0.3773162,0.9065367,0.8736597,1.1623476,0.7096924,1.1812356,0.7448569,0.83501905,0.8519872,0.8925753,20.71982,19.883013,19.011433,17.653336
524,2528738053546439888,1.4267035,1.8227215,1.6548367,2.212556,1.4866886,2.1579914,1.1058064,1.58041,3.6523576,2.2086918,0.78836656,2.5064492,0.26086956,0.3809524,0.2967033,0.25,0.0,0.0,0.0,0.0,0.37119836,0.30416095,0.40002656,0.29931054,0.47071108,0.5096138,0.24866286,0.7049338,1.1308617e+07,9.173056e+06,3.1246918e+06,8.104941e+06,0.0015562294,0.0030233574,0.0012673868,0.0033183922,-0.5995939,-1.3037401,-0.4086299,-0.15792298,0.3188456,0.32290617,0.16681063,0.40859243,3136.8672,3853.9375,2695.5703,3727.461,21.594675,21.485731,21.48757,20.793636,0.0395595,0.055070378,0.03566821,0.05772956,21.238398,21.03897,21.666916,20.36205,0.33848572,0.6987791,0.4966545,0.6548624,0.32608697,0.14285715,0.17582418,0.104166664,1.6786289,0.20711106,0.46822193,0.67391306,2.2755928,0.4211348,0.45165828,0.64285713,1.3046627,0.46815136,0.3989349,0.3846154,2.3470516,0.50539666,0.7541039,0.7291667,2.183195,2.5601006,1.9273472,3.3519974,0.1204701,0.15972479,0.11973287,0.17249314,341.33118,688.3511,692.0678,322.8305,14.502813,21.001068,23.034477,18.128864,0.9266091,0.521767,-0.3763624,0.99005055,0.8542745,1.1832273,0.7664231,1.2004075,0.7361099,0.7928694,0.8489335,0.86187285,21.143574,20.7823,20.90723,20.093878
525,2528738053552042563,1.1926298,0.8068285,0.8999615,2.4664478,0.5278225,1.1257229,0.43104935,0.7615547,3.5884874,2.6032557,0.8196212,4.110466,0.1521739,0.42857143,0.2857143,0.14285715,0.0,0.0,0.0,0.0,0.28831685,0.29724994,0.35526955,0.23341657,1.0825617,0.5298891,0.39866108,1.0263177,3.987052e+07,1.0707005e+07,4.84475e+06,3.414593e+06,0.0005849393,0.00079489645,0.0003318531,0.0019262068,3.063387,-1.4558916,0.14965081,9.589096,0.62024075,0.33316526,0.21336584,0.5607141,4393.0547,1816.6328,2014.7812,1776.3125,20.699251,20.219082,20.056328,19.764284,0.024210103,0.028204087,0.018225696,0.044138733,20.49076,20.004076,20.12148,19.464682,0.14997959,0.3585844,0.20030594,0.2699871,0.41304347,0.0952381,0.26373628,0.42857143,0.99902534,0.17245767,0.44004908,0.76086956,1.1082306,0.2021708,0.17470932,0.64285713,0.58550835,0.23729034,0.21282032,0.41758242,1.7261086,0.29537705,1.0274029,0.79591835,2.0562916,1.1212559,0.9599323,4.4332504,0.06900623,0.0781332,0.0649412,0.112818405,983.71277,1698.3683,1206.5046,978.13837,19.833405,34.622543,27.084818,25.585808,1.7178097,0.46999687,-0.15722254,2.6372435,0.501131,0.57026076,0.36554053,0.8723705,0.68757516,0.8537258,0.8091909,0.83974606,20.581692,20.115248,20.007902,19.540699
526,2528738053568659042,1.3691692,1.3898802,1.5043945,1.6974297,0.889452,1.6624756,0.72078323,1.2322788,3.0601525,2.235914,0.48922977,2.799361,0.19565217,0.3809524,0.30769232,0.24489796,0.0,0.0,0.0,0.0,0.32747048,0.3158827,0.3640613,0.2812259,0.74635893,0.46937516,0.5661648,0.7161285,2.2599824e+07,7.566285e+06,5.3350175e+06,6.8993115e+06,0.0010976935,0.0019049001,0.0007812079,0.0021684936,0.3569367,-1.2516457,0.24631524,-0.10658002,0.46925607,0.3070455,0.3118531,0.41571316,4384.4375,2632.9453,4020.2383,2793.961,21.119478,20.826284,20.756165,20.22781,0.03317309,0.043666948,0.027974298,0.04659669,20.832886,20.494759,20.821375,19.948105,0.2716961,0.55021477,0.32697868,0.50710106,0.3043478,0.14285715,0.25274727,0.10204082,1.3629513,0.24000184,0.4932929,0.7173913,1.7352314,0.32423592,0.3910356,0.64285713,0.9402485,0.34772354,0.35681564,0.3956044,1.8675861,0.38198745,0.59325695,0.7346939,2.189268,1.9791889,1.6631889,2.5755138,0.100166425,0.124867335,0.09423182,0.14212646,695.6491,1206.7297,1143.6611,637.88727,18.968864,29.082912,26.5671,24.356272,1.1820066,0.5600726,-0.019536538,1.0314314,0.7005984,0.90942025,0.5806391,0.942549,0.7067088,0.82469946,0.82416224,0.8960793,20.823997,20.43246,20.500967,19.794048
527,2528738053588833699,1.3269615,0.04339695,0.76228046,1.6773682,0.03577423,0.017576218,0.012756348,0.02357483,14.762947,2.395995,30.243755,16.856823,0.02173913,0.21428572,0.021978023,0.020408163,0.0,0.0,0.0,0.0,0.1510204,0.20602562,0.092445955,0.13848773,1.8552289,1.4438567,1.8017154,2.0748558,8.747296e+07,1.269672e+08,1.6353439e+07,2.3415662e+06,0.00036607357,1.0479021e-06,9.038673e-05,0.00063950155,44.473026,1.024375,54.513363,46.868683,0.9280874,0.7350752,1.0250691,1.0374547,5204.883,163.25781,3058.957,758.388,20.021517,19.190714,18.914988,18.847265,0.019145764,0.0011045617,0.009511771,0.02530206,19.95314,19.184608,18.888208,18.761906,0.015797615,0.00952816,0.0065307617,0.008420944,0.9347826,0.30952382,0.96703297,0.93877554,2.57942,0.048502818,0.0,0.9782609,0.04654312,0.009564962,0.014008895,0.8095238,1.1725273,0.015390783,0.4507757,0.978022,3.30344,0.069289036,0.0,0.97959185,2.5917225,0.062280655,1.492281,3.3213825,0.010314025,0.003909523,0.002857255,0.018192997,158.80287,13.935449,151.0337,53.306915,4.7380786,2.3548312,3.4377015,3.2260246,6.621297,1.264946,7.243118,6.7879524,0.38332725,0.021197328,0.17991503,0.47687465,0.40675637,0.6965474,0.28218836,0.4662777,19.963575,19.191954,18.889866,18.76735
528,2528738053854963393,1.268363,1.1887722,1.1016836,1.1619158,0.8977432,1.4851036,0.7344341,0.97276497,0.8003441,0.93083835,0.8925086,0.44498426,0.2857143,0.3529412,0.2987013,0.41860464,0.5769572,0.0027472463,0.0073606353,0.000869852,0.26512927,0.25501257,0.24562162,0.29168013,1.2483903,1.5812762,1.137865,1.248959,9.244002e+07,6.860241e+07,1.7000934e+07,6.873451e+07,-0.0006053256,0.00030030948,-0.0003897357,-0.00015956566,-0.2564628,-1.2180424,-0.6062422,-1.0273204,0.7128375,0.98418,0.6247676,0.6503284,3024.4922,1946.6406,2831.836,5154.617,24.888855,24.595497,24.3575,23.415203,0.029032435,0.03410196,0.021150036,0.02644271,25.018106,24.891512,24.458206,23.457159,0.45624542,0.4623146,0.3561859,0.52337646,0.04761905,0.1764706,0.19480519,0.069767445,1.4070187,0.40519944,0.38678902,0.23809524,1.5748825,0.3716062,0.30601397,0.3529412,0.9141712,0.27424672,0.26962623,0.35064936,1.0568962,0.33193636,0.30585662,0.4651163,1.6469498,1.7374535,1.3419609,1.2398205,0.092607945,0.09385976,0.0673012,0.079138294,0.90793306,2.2601264,1.4386941,1.8247904,0.7911302,1.3528763,1.0141447,1.2011095,-0.7943755,-0.6079717,-0.36690572,-0.14237621,0.72258407,0.83875465,0.515162,0.6191614,0.8016867,0.9095435,0.84051454,0.8406797,24.857328,24.286917,24.07176,23.130667
529,2528738054980270468,1.1195393,1.251667,1.1232843,0.7233486,0.89341736,1.8399334,0.68966293,0.39524078,0.29186553,0.51886207,0.28398764,0.27152845,0.39285713,0.5,0.33333334,0.25,0.50718844,0.07395675,0.9473693,0.9981384,0.16604336,0.25735468,0.31234565,0.3502431,1.783208,1.5525107,1.1172417,1.280597,2.6295701e+08,2.4115466e+08,4.6319228e+07,2.9410496e+08,-0.0008569956,-0.000109855326,-0.0008692079,-0.0011024881,-0.461133,-1.5202131,-0.087889194,0.6679287,0.9122435,0.99346954,0.56031907,0.64108306,2780.6758,2613.6055,3519.875,1482.6797,25.075748,24.668926,24.66337,24.097574,0.023127584,0.036286503,0.02112398,0.015827926,25.019451,24.814167,24.692867,24.070152,0.46584892,0.79867744,0.35349846,0.24263382,0.14285715,0.21428572,0.24444444,0.25,0.9531498,0.30844548,0.3442443,0.53571427,1.5588837,0.3983215,0.42955884,0.42857143,0.85735893,0.30006275,0.33894992,0.33333334,0.58270454,0.2767659,0.1938485,0.5833333,1.4132023,1.5035667,1.338501,0.7477875,0.06815437,0.09849321,0.07259403,0.057433337,0.9705945,1.6114106,0.68109185,0.19034189,0.78956985,1.2784857,0.6460693,0.35598624,0.26966232,-0.16936676,-0.14947152,-0.36912203,0.57994145,0.8951491,0.5209885,0.38141462,0.7765755,0.92298657,0.7944647,0.7778801,24.850565,24.266327,24.393772,24.0565
530,2528738055774665282,1.184722,1.4097958,1.4336767,1.1983805,0.71507263,1.3293495,0.71956635,0.7382908,0.7828372,0.66146785,0.4287081,0.26070556,0.32608697,0.31428573,0.25,0.23809524,0.0,0.0,0.00023471372,0.46904257,0.28295952,0.21449283,0.27619848,0.3556022,1.2994753,0.6922062,0.9704814,1.2348595,3.827473e+07,4.3077616e+07,2.009245e+07,1.1248532e+08,0.00014512903,0.0004182543,-0.00013993517,-0.0006102697,0.1796248,-1.0366278,0.5519035,-0.1385045,0.6511386,0.455856,0.5864313,0.6202645,3706.418,2896.7969,4138.8984,2484.8516,23.858393,24.14631,24.414932,23.56916,0.023329303,0.03250944,0.023875456,0.026060797,23.737772,24.269222,24.459034,23.583086,0.33682728,0.62422943,0.34396267,0.37544632,0.19565217,0.114285715,0.20833333,0.14285715,0.9528179,0.2479094,0.39452755,0.6304348,1.3761959,0.41008633,0.35263562,0.42857143,0.94425774,0.41076332,0.3365303,0.3611111,0.97268486,0.32429773,0.4053646,0.47619048,1.6424236,1.6470833,1.739399,1.2594738,0.07341113,0.10092178,0.08307112,0.09141693,8.147526,6.214107,1.6944466,0.99115574,2.304875,1.8345882,0.9367015,0.8767201,0.7813007,-0.31131777,-0.5152111,0.1742317,0.5565997,0.784983,0.58291763,0.6142311,0.73273885,0.7959999,0.7602824,0.77845377,23.572933,23.70311,24.108011,23.150236
531,2528738057548936544,1.668973,2.0308018,2.0080643,1.6871367,1.3605194,1.5005417,1.4218998,1.1421394,0.5671345,1.4231505,1.5682687,0.18764338,0.36734694,0.27906978,0.3125,0.34375,0.0,0.0,0.0,1.110223e-16,0.3932565,0.31454098,0.39584228,0.33645037,0.41721156,0.35223916,0.32561016,1.1454554,1.0048286e+07,9.818418e+06,3.4668115e+06,1.0294151e+08,0.001371514,0.0014300494,0.0011135784,0.0001488289,-0.93755484,-0.55753946,-0.011492968,-0.21045351,0.33478925,0.22508635,0.21263637,0.6176137,3645.4883,2188.1719,2332.746,4102.285,23.012379,23.68238,23.741465,23.41678,0.038692236,0.044997215,0.03929108,0.035200648,22.984028,23.898365,24.063055,23.428802,0.68289375,0.72872543,0.6167631,0.5927801,0.06122449,0.13953489,0.2125,0.15625,1.5193882,0.39959952,0.50882757,0.5102041,1.9643021,0.62819123,0.46802652,0.3255814,1.6572342,0.5915137,0.40427837,0.3625,1.3161068,0.52560186,0.47470656,0.4375,1.6817608,2.474102,2.9673958,2.0023842,0.12516977,0.13700569,0.12600568,0.11143548,60.494583,23.170567,21.898722,4.7055845,8.263261,4.155389,4.315261,1.6810992,0.20570163,-0.6915934,-0.7349212,-0.26603505,0.8904004,1.0656412,0.9328278,0.82428586,0.8355855,0.8280709,0.7683342,0.7700578,22.50049,22.727163,22.799572,22.65426
532,2528738057625019607,1.4080515,1.59091,1.9950047,1.6850128,0.6808834,1.2274532,1.6371784,1.054575,1.8596718,0.5479601,1.5178894,0.25396734,0.27659574,0.275,0.33333334,0.31578946,0.0,0.0,0.0,1.6320278e-14,0.33647493,0.22902344,0.36946312,0.34937266,0.47069186,0.73563117,0.4225708,0.5686153,9.028492e+06,5.969046e+07,5.3777405e+06,3.897121e+07,0.0008508589,0.0007932154,0.00161544,0.000549529,-0.017665863,-0.3194399,-0.84196043,-0.12285066,0.29060844,0.55467016,0.23400126,0.40290543,2040.1094,5433.3906,6052.2266,3255.2656,23.248621,23.41159,23.777542,23.21488,0.031913847,0.034564752,0.046816472,0.03334641,23.102108,23.285992,24.051723,23.093508,0.2776165,0.5305834,0.697279,0.4712,0.25531915,0.2,0.12345679,0.15789473,1.5283146,0.39880696,0.3665611,0.78723407,1.3700466,0.3784619,0.5306991,0.6,1.9720592,0.62111866,0.5382661,0.37037036,1.2493172,0.41098157,0.50818485,0.55263156,1.7357922,1.9588108,2.3868656,2.0724697,0.11381704,0.11869051,0.14970931,0.10849563,55.32608,7.7462587,28.15923,3.8859763,6.19559,2.2487898,7.5301223,1.5654237,0.7197999,0.54630697,-0.42742345,0.36265254,0.7419529,0.80921584,1.1131806,0.7741329,0.8457158,0.79874605,0.9204221,0.7837266,22.433258,23.173094,22.059656,22.813456
533,2528738058203570350,1.8897848,1.3474283,1.591588,0.78162193,1.2726727,0.9928913,1.2053509,0.6293335,0.35510197,0.26300594,1.046382,0.45322016,0.35714287,0.29411766,0.3529412,0.3125,0.0,0.051590573,0.0,0.96285486,0.31331685,0.18690673,0.36725888,0.29872906,1.0353087,1.4107962,0.5982681,1.2021394,5.5105516e+07,1.1494439e+08,1.9398178e+07,1.49229e+08,-0.0001278226,-0.00079991337,-0.00073047285,-0.001233786,-0.40182137,-0.5554223,-0.83955,-0.36847186,0.5209304,0.863493,0.3400744,0.6014143,2857.625,1992.2031,2562.2422,1301.7552,24.581217,24.344082,24.375767,23.75244,0.039529,0.031450775,0.03780393,0.019038742,24.677565,24.516258,24.581432,23.696865,0.5984516,0.52464485,0.5894203,0.30718327,0.17857143,0.11764706,0.0,0.25,1.5675449,0.5984123,0.5599707,0.42857143,1.3103905,0.38818553,0.44265005,0.3529412,1.7240219,0.4595574,0.47278234,0.29411766,0.8602028,0.2509592,0.22719347,0.75,2.022499,1.4426022,1.9454975,0.98615074,0.12053191,0.101795375,0.1148067,0.061054822,12.937561,1.6360508,5.0593386,0.4536187,5.9272795,1.0166816,3.716866,0.5713809,-0.11757502,-0.17166328,-0.5412329,0.6632625,0.97167087,0.76564026,0.9214997,0.45221657,0.9150959,0.8104879,0.8848555,0.82281154,23.200338,24.296558,22.949675,23.596807
534,2528738058584262929,1.4562902,1.7859087,1.5563507,0.97400093,0.99066544,1.3493347,1.278141,0.81596756,0.46657154,0.2202742,0.2521097,0.45138985,0.34146342,0.32,0.35849056,0.375,0.0,0.0,0.0,0.68377113,0.3370634,0.21886775,0.23465651,0.3163189,0.72852373,0.8528831,1.6861784,1.5773199,4.141119e+07,4.7493804e+07,4.7676896e+07,1.3348466e+08,0.00080203934,0.00013140426,0.00031743187,-0.0008353433,-0.6320441,-0.5764463,-0.74743724,-0.5141692,0.37320945,0.43050516,0.8475159,0.9109723,3090.1406,2180.957,4865.5547,1982.0547,23.98698,24.092335,23.92899,23.88044,0.031412736,0.040090818,0.033684567,0.02472075,24.006908,24.002401,23.860325,23.811745,0.4931717,0.7213936,0.6352329,0.44725037,0.17073171,0.12,0.16981132,0.1875,1.3453522,0.3695507,0.45690563,0.29268292,1.5825882,0.61263746,0.45304123,0.52,1.3503418,0.48015037,0.40262675,0.5849057,1.126976,0.32892212,0.27523372,0.75,1.4660969,1.9224339,1.6713772,1.1734924,0.101280466,0.13534972,0.118745625,0.07792274,11.435192,14.495311,11.177612,0.7958178,2.985827,5.1273894,3.5232484,0.82529426,-0.26176286,-0.2865164,0.04858185,0.58722126,0.7534967,0.9658814,0.8060376,0.5903424,0.8795697,0.86337584,0.84041154,0.83972436,23.601654,22.315495,22.972485,23.473642
535,2528738059172560144,1.485755,1.4251814,1.5113068,0.8258915,0.729578,1.3156376,0.92738533,0.63251305,0.19488111,0.36252058,0.5195186,0.26688161,0.30232558,0.33333334,0.29166666,0.2777778,0.0,5.484699e-09,0.0,0.91768265,0.3260623,0.29168642,0.2556061,0.27458495,1.1646711,1.0605438,1.595315,1.5547655,6.1233784e+07,1.2672736e+08,4.8648396e+07,1.7088206e+08,1.0165422e-05,0.00029830876,-2.6700276e-05,-0.0012421422,0.1378591,-0.49093103,-0.11380744,-0.5160577,0.5908078,0.62831265,0.8082893,0.79902923,4601.5,1467.4258,4906.1875,1487.1445,24.29082,23.981543,24.01735,23.93349,0.025662536,0.033291746,0.031488415,0.01913173,24.222233,24.008081,24.022566,23.967037,0.3542652,0.7303028,0.5426407,0.34395885,0.23255815,0.26666668,0.1875,0.11111111,0.99738884,0.38076758,0.39294514,0.60465115,1.364296,0.45222393,0.46877572,0.6666667,1.184763,0.5454916,0.38298497,0.47916666,0.74375534,0.24786182,0.27006915,0.5,1.5608425,1.5617905,1.6199703,0.9167061,0.08553969,0.10836592,0.11655768,0.0629596,4.841558,4.820482,16.454853,0.5675851,1.6134578,2.4004557,4.1764636,0.6747877,0.16499172,0.42437527,-0.48058337,0.06604747,0.62336403,0.7983874,0.75626826,0.45788908,0.74008745,0.8893029,0.8873357,0.82345223,23.938093,23.447464,22.769339,23.705242
545,2528738067342335696,1.7618866,2.1829653,1.977684,3.3475199,1.4483681,2.93466,1.284544,2.2384453,1.4050725,2.538214,1.3806467,1.2413489,0.24390244,0.41463414,0.2972973,0.33333334,0.0,0.0,0.0,0.0,0.35724318,0.22409488,0.40173978,0.3511541,0.5122524,0.6120816,0.34675083,0.6305316,1.4060209e+07,8.1680015e+06,4.767835e+06,2.2161426e+07,0.0022761254,0.0052402727,0.0022145403,0.0052592275,0.15456486,-1.5215685,-0.34556746,0.17373109,0.3587443,0.3664472,0.27697483,0.3524325,3281.6719,3871.2344,3903.0273,9476.602,20.223133,20.525625,20.842644,20.425547,0.04771622,0.072411865,0.047082264,0.073186114,19.93897,19.932684,21.098614,20.09182,0.59132004,1.0988827,0.57525635,1.071703,0.14634146,0.2195122,0.13513513,0.125,1.7667141,0.44243562,0.69235855,0.70731705,2.8855686,0.54083395,0.36326134,0.63414633,1.7388897,0.6287272,0.4733675,0.33783785,2.5715828,0.55959094,1.0110061,0.5833333,2.5087986,3.118557,2.6777248,4.8754215,0.16193087,0.19835927,0.15337066,0.20141344,4859.5015,3780.9622,4000.217,1470.2915,62.78231,59.022125,61.78497,46.059288,0.95574653,0.39013186,-0.6404815,0.79211175,0.9649714,1.4862988,0.98131883,1.4948664,0.8411385,0.83119315,0.8687396,0.85192657,19.75404,19.208742,19.913471,19.218603
546,2528738067375155459,0.8657837,1.0352678,1.9117298,2.2614155,0.58379745,1.3901806,0.71713066,1.1397858,3.2625976,2.8116183,1.6618592,2.4182673,0.2195122,0.41463414,0.22972973,0.20408164,0.0,0.0,0.0,0.0,0.382719,0.27677867,0.33672452,0.30402943,0.4116538,0.4900214,0.409161,0.86912096,7.461492e+06,9.26834e+06,3.3373315e+06,5.625759e+07,0.00074951886,0.0015194801,0.0012761612,0.0025983376,0.44036174,-1.4042873,5.8052516,2.7686794,0.3110209,0.30019185,0.2556182,0.50968045,1168.6953,2196.0781,2358.6953,12713.266,18.637627,18.593401,18.700819,18.578688,0.027378198,0.038981244,0.035725325,0.050980106,18.401033,18.225803,18.730309,18.297302,0.17707253,0.3925743,0.31634998,0.48157692,0.3902439,0.09756097,0.3243243,0.20408164,1.0333748,0.1982006,0.35935846,0.75609756,1.3997116,0.2313964,0.27231953,0.63414633,0.932148,0.29278785,0.59453666,0.45945945,1.8243294,0.40186563,0.80276465,0.75510204,1.4370441,1.6398468,2.7848148,3.7788963,0.089075126,0.10798362,0.09264103,0.1378837,20358.762,28837.059,17769.662,11934.664,94.58194,144.90396,115.17768,98.21609,1.2528412,0.5400988,1.6942512,1.5389283,0.51026464,0.7247939,0.66809285,0.94714344,0.7475895,0.8718867,0.8699054,0.8810969,18.524006,18.467741,18.527082,18.254044
547,2528738067422113454,0.18414879,0.1319561,3.8652925,1.4229326,0.021932602,0.0075473785,0.0103702545,0.011270523,7.5531473,10.950073,25.473742,17.632902,0.09756097,0.024390243,0.067567565,0.020408163,0.0,0.0,0.0,0.0,0.1859391,0.15547064,0.21667808,0.13919865,1.4527898,1.9904742,0.579134,2.0420225,1.5857518e+08,7.787751e+07,4.489301e+06,2.2903851e+08,1.5582134e-05,5.21255e-06,0.005478369,0.00054585404,11.575878,38.37166,23.214714,47.90121,0.7293883,0.9952438,0.30257222,1.0238564,699.5078,483.91797,9215.8125,11514.336,17.799334,17.423092,17.595423,17.340303,0.003949883,0.0022872565,0.074610226,0.023364415,17.776508,17.416206,17.29062,17.274555,0.009521484,0.004055023,0.0050525665,0.0052452087,0.7804878,0.902439,0.9324324,0.93877554,0.20766068,0.020246094,0.095378555,0.902439,0.25128555,0.0070166336,0.0,0.9756098,6.238163,0.3087696,1.8876268,0.9594595,2.820961,0.042137623,0.0,0.97959185,0.34566307,0.25204086,7.707304,2.8291416,0.01135149,0.0015918112,0.10918258,0.012439767,1151.2659,109.58439,4345.919,875.51886,14.488955,3.9314198,15.16537,9.244962,3.2462866,6.1034675,4.791807,6.8892097,0.07030529,0.03985108,1.3127985,0.40514606,0.53857166,0.3816722,0.25559357,0.3533264,17.795315,17.417917,17.297573,17.282257
548,2528738067436156773,0.84376335,1.1014643,2.855834,1.3781033,0.6617031,1.5478249,0.6542511,1.1446705,2.9680398,3.218679,6.224483,2.4784024,0.24390244,0.3902439,0.08450704,0.2857143,0.0,0.0,0.0,0.0,0.3829951,0.2729667,0.25976223,0.33238798,0.46422595,0.5170257,0.4244265,0.6382906,1.0906456e+07,6.10702e+06,1.3560765e+06,1.4992169e+07,0.0007273118,0.0017972939,0.0023694702,0.0019251091,0.15758395,-1.3521558,18.300434,-0.70630574,0.32639235,0.3140203,0.48608974,0.36107206,1845.6953,2002.6328,1565.0391,4700.1094,18.67702,18.651443,18.761602,18.536087,0.026969623,0.04239524,0.048709396,0.043877456,18.411469,18.18128,18.775553,18.324883,0.1532116,0.33842278,0.30812454,0.5086098,0.29268292,0.2195122,0.46478873,0.10204082,0.9050293,0.108789004,0.3837657,0.63414633,1.5317688,0.22005631,0.32525012,0.63414633,4.8063526,0.44653702,0.033546194,0.97183096,1.5292454,0.30829564,0.48375016,0.67346936,1.4295368,1.8350811,4.6807346,1.9810944,0.08705321,0.11915379,0.08386906,0.12679125,20236.605,28397.738,17130.342,12418.539,99.34633,141.31802,111.55527,101.048454,1.1376661,0.6079901,3.773767,0.7987488,0.5037122,0.79073244,0.91386634,0.81331635,0.76817364,0.87282044,0.8541824,0.8850108,18.555746,18.460718,18.564884,18.257734
549,2528738067798880270,1.4426832,1.6179152,3.2048197,2.1524868,0.8837795,2.237236,1.088316,1.7962837,2.4796653,2.6913955,1.2191652,1.782081,0.19512194,0.3902439,0.24285714,0.3469388,0.0,0.0,0.0,0.0,0.35994518,0.23574331,0.35142216,0.34716722,0.54493415,0.5720432,0.5295683,0.6291907,1.0813688e+07,8.520246e+06,3.406418e+06,1.8260052e+07,0.0015499729,0.0035116212,0.0022299252,0.0036808818,0.78491783,-1.5145528,8.013727,-0.8443501,0.37557912,0.3403869,0.6068585,0.35940915,2239.2266,3517.414,2917.0586,8076.7812,19.38847,19.546715,19.700275,19.464977,0.039371558,0.05926179,0.047354527,0.060680773,19.064602,18.989943,19.746246,19.123789,0.29932404,0.72364426,0.51463604,0.7746296,0.24390244,0.12195122,0.3,0.12244898,1.5173092,0.30629307,0.5856507,0.75609756,2.255764,0.39474985,0.31337252,0.63414633,1.3763542,0.47680297,0.7332809,0.41428572,2.1118946,0.4485775,0.71674967,0.6122449,2.2915077,2.4177456,4.641882,3.02775,0.13085485,0.16488934,0.12124031,0.17527026,11335.488,13138.492,12409.694,5039.1943,80.760605,97.38031,99.65944,72.90391,1.283297,0.43863714,1.4978286,0.6388805,0.76335424,1.1583734,0.9328972,1.1811498,0.7818743,0.81289554,0.86893547,0.8912311,19.122353,18.836681,19.225885,18.725843
550,2528738067868067788,2.35808,1.9002352,2.0797987,2.019127,1.3657303,2.4338188,0.9436798,1.4953842,1.0186745,1.316422,1.5059037,0.42555213,0.27027026,0.57575756,0.2982456,0.40625,0.0,0.0,0.0,0.0,0.2749341,0.23096463,0.37128726,0.36193097,0.8017269,1.1368155,0.62102634,1.0094279,3.3986016e+07,4.6756656e+07,1.2540274e+07,7.810256e+07,0.0021817011,0.0017117298,0.00096610293,0.0014027383,0.46440816,-1.4149745,0.66016316,-0.5805154,0.49744537,0.65332097,0.3646755,0.50922686,3589.6094,4320.383,4173.9688,3864.9531,23.406458,23.310768,24.033442,22.700916,0.048958123,0.04973903,0.039348394,0.043159835,23.26462,23.371758,24.152237,22.507877,0.63079643,1.1905956,0.4956894,0.75534725,0.21621622,0.09090909,0.24561404,0.15625,2.4815044,0.6886702,0.64658767,0.8378378,2.0898666,0.2681746,0.61818945,0.42424244,1.8293858,0.66530323,0.46244034,0.24561404,1.7133331,0.5130673,0.49913484,0.625,2.768467,2.215334,2.747776,2.4466476,0.17241254,0.1319879,0.1403628,0.12817235,37.6678,17.321781,15.602699,9.857232,5.899048,5.2651563,2.8691654,2.9879975,0.82527155,0.10353787,-0.9936653,0.3142898,1.1459363,1.159455,0.94567734,0.9797678,0.8425614,0.76105005,0.7994904,0.859308,22.651712,22.160192,22.997484,21.813751
573,2528738104588579681,1.6765194,2.1151638,1.9143877,2.3071709,0.9398155,1.8677406,0.7542839,1.5328064,0.42537022,0.4442941,2.3198025,0.20301922,0.25,0.41304347,0.23863636,0.33333334,0.0,0.0,0.0,0.0,0.27180195,0.20680161,0.33469003,0.3609719,0.8195021,0.55639714,0.6381093,0.7720776,2.834292e+07,1.3722829e+07,7.2311215e+06,1.7096588e+07,0.0008583402,0.002092782,0.00093002734,0.00222914,0.18197966,-0.89751124,2.124835,-0.67958593,0.47083986,0.32438955,0.39033756,0.39347076,5218.0,2794.2227,3851.75,4596.09,23.388945,23.129389,23.183258,22.32984,0.032038752,0.048763707,0.031940714,0.04939121,23.316116,23.21335,23.306362,22.331995,0.47784996,0.9338703,0.36557007,0.7686825,0.1923077,0.2173913,0.26136363,0.11764706,1.2165585,0.41916037,0.51174754,0.61538464,1.8638115,0.5737127,0.68474096,0.4347826,1.5052624,0.6601904,0.40254492,0.18181819,1.8250675,0.5997605,0.627085,0.47058824,1.8540783,2.2846851,2.7087212,2.3498383,0.11938539,0.15081146,0.11445493,0.1553181,18.232706,66.01469,49.73446,53.75043,3.7604017,6.738067,4.29621,7.093188,0.43479565,0.034301225,-1.2921681,-0.016441027,0.74935263,1.1278747,0.7404898,1.1028978,0.8132017,0.7830683,0.72511905,0.8312761,23.037136,22.087835,22.589296,21.141802
574,2528738104818409029,1.8341236,2.209034,1.8071823,3.078188,1.4395142,2.525734,1.1874485,1.846653,2.9173408,2.4742985,0.89193386,1.4961842,0.3018868,0.375,0.2840909,0.21818182,0.0,0.0,0.0,0.0,0.33530444,0.21021582,0.4052271,0.29449108,0.5861655,0.41371402,0.34524772,0.8860045,7.6481655e+06,5.64653e+06,4.1738822e+06,8.3190725e+06,0.0020562217,0.004468927,0.001536523,0.0047847116,0.19685888,-1.1028719,-0.16306996,0.8756492,0.37237498,0.27705476,0.27146816,0.50286645,3402.121,3341.789,3478.6406,6710.2383,20.781437,20.46222,20.522785,19.830084,0.04536983,0.06687158,0.039210018,0.06935188,20.430595,19.86229,20.586483,19.570484,0.39990425,0.7680769,0.5883131,0.8964195,0.26415095,0.14583333,0.125,0.14545454,1.8343029,0.30190933,0.5978998,0.6981132,2.693409,0.5530868,0.4928228,0.6875,1.3606815,0.52666044,0.40176234,0.38636363,2.3258858,0.5338033,1.0606558,0.6181818,2.845213,3.367609,2.2364197,4.6104126,0.15198316,0.19547129,0.13698983,0.21518308,1582.9297,4510.6045,4095.7966,2795.8484,32.94494,53.7098,54.67293,63.31204,1.0665838,0.6242021,-0.5679899,1.0490161,0.9428503,1.368341,0.80469877,1.3752537,0.80166775,0.7714808,0.81203395,0.85976654,20.269331,19.597343,19.941734,18.842304
575,2528738104894136849,1.0419617,1.0759459,1.260809,1.3416548,0.47361374,1.2013607,0.64263725,0.9397888,4.075276,1.7857236,0.26277176,1.7040912,0.1509434,0.39583334,0.30337077,0.27272728,0.0,0.0,0.0,0.0,0.27819172,0.20791245,0.33434895,0.2883699,0.85075456,0.5063732,0.7442431,0.8642918,1.8485994e+07,9.995192e+06,6.3207495e+06,5.4047305e+06,0.00068048656,0.0012578521,0.00060955127,0.0014194675,1.9453094,-1.0220957,0.23134041,0.15732622,0.5031188,0.29775771,0.44304207,0.51008934,3611.2031,2869.2734,3754.8828,2261.1719,19.667713,18.982325,18.815407,18.457155,0.02608976,0.03546758,0.024690114,0.03767749,19.49914,18.810337,18.840038,18.22427,0.18889809,0.4597435,0.3402462,0.4729843,0.26415095,0.14583333,0.25842696,0.16363636,1.2318592,0.23043473,0.3868618,0.8490566,1.3041325,0.2974971,0.2580957,0.6875,0.7410774,0.28694198,0.28235134,0.42696628,1.2044048,0.2611198,0.50166976,0.6181818,1.6538181,1.4957848,1.4064636,2.0018082,0.088397086,0.10809099,0.07984556,0.12205197,4361.2847,14168.313,12776.375,9925.825,43.99193,100.0836,93.43057,86.56662,1.6245067,0.5665552,-0.061228905,0.9190167,0.5131259,0.6732571,0.46455455,0.69541925,0.6858013,0.8265146,0.82790273,0.8585536,19.549706,18.895426,18.732151,18.21668
576,2528738104902067045,0.996253,0.98804,0.79542255,1.2895117,0.5657387,1.2155952,0.63575554,0.78723526,4.5082617,3.0475662,0.82019556,2.1412761,0.16981132,0.375,0.33707866,0.2,0.0,0.0,0.0,0.0,0.30379117,0.20769694,0.39097428,0.28087085,0.68144625,0.4204164,0.36431193,0.84749544,1.5772892e+07,5.5483235e+06,3.5999425e+06,4.7317595e+06,0.00062155083,0.0012227066,0.00046593975,0.0012125038,1.3002989,-0.9357381,-0.6967504,0.7352619,0.42020035,0.26712453,0.2661992,0.48934945,3335.1484,2064.3047,1451.4219,2152.1172,19.521511,18.804007,18.605738,18.236122,0.024934262,0.03496831,0.021586502,0.03482225,19.301186,18.517197,18.6729,18.078543,0.14126778,0.32412052,0.30242348,0.37714005,0.41509435,0.104166664,0.14606741,0.14545454,0.9989853,0.18775049,0.38684842,0.7735849,1.2984104,0.22859605,0.3004064,0.6875,0.68665123,0.2372833,0.19209822,0.42696628,1.2664967,0.31810075,0.47455525,0.7818182,1.7258396,1.5587044,0.93167305,1.967659,0.0774167,0.10369462,0.072864935,0.111149155,5285.3804,15574.4375,13128.832,11331.349,45.90084,105.368706,97.72278,91.080925,1.4652753,0.7683208,-0.35204983,1.1601163,0.48675448,0.6575443,0.4016328,0.6350228,0.698631,0.84468603,0.8623881,0.84257215,19.38998,18.710163,18.555471,18.05771
577,2528738104906524523,1.0754814,0.04444313,0.8323946,0.3076744,0.013278961,0.007709503,0.0080013275,0.008638382,18.632767,4.5618677,31.777586,17.269253,0.03773585,0.104166664,0.011235955,0.018181818,0.0,0.0,0.0,0.0,0.16153961,0.13081947,0.10461745,0.13250294,1.565804,2.288571,2.024619,1.97603,5.690618e+07,1.3410905e+08,1.6861922e+07,4.3400024e+07,0.0002554376,4.4489272e-07,0.00010086972,2.2169645e-05,46.268864,25.040092,88.32951,53.250477,0.7829349,1.1444652,1.0123353,0.9880216,4347.3945,169.71094,3380.7305,1191.1289,18.778973,17.7558,17.399332,17.23196,0.01598447,0.00068751693,0.010044051,0.004711161,18.728075,17.755215,17.379978,17.21969,0.0059757233,0.0033102036,0.004131317,0.0044403076,0.9622642,0.5833333,0.98876405,0.96363634,2.1149483,0.07628059,0.0,0.9811321,0.072668076,0.006312873,0.0,0.9791667,1.6456699,0.010614905,0.0,0.98876405,0.5974808,0.010093191,0.0,0.9818182,2.1259403,0.071741104,1.646534,0.5988884,0.0021799784,0.0013117631,0.0018937428,0.0019675286,1057.9279,15.127963,1644.8878,392.31155,7.9066997,2.1595564,7.471826,5.170561,6.6861243,4.2425117,9.382037,7.2459598,0.30017194,0.012207413,0.17475979,0.08118254,0.27267572,0.552082,0.19718908,0.2924526,18.737715,17.755608,17.38372,17.22457
578,2528738104931172668,0.9494333,0.8628721,0.7373409,1.2570295,0.46578598,1.199625,0.48217583,0.77217674,3.5541494,3.0914638,1.0319278,2.3566647,0.18867925,0.39583334,0.30337077,0.2,0.0,0.0,0.0,0.0,0.29172885,0.19816458,0.37201023,0.27815264,0.8343146,0.45433974,0.44681007,0.8745754,1.8540904e+07,7.242812e+06,4.8979175e+06,3.9902278e+06,0.000570524,0.0010595976,0.00032687184,0.0011812367,1.2879236,-1.2511467,-0.20504951,0.7905147,0.48955315,0.2856765,0.31732064,0.52566296,3528.1523,1927.4609,1499.8125,1892.1719,19.510345,18.800064,18.567333,18.211882,0.023888934,0.032552615,0.018080575,0.034370333,19.320179,18.530142,18.614971,18.053993,0.1816101,0.3133726,0.23274803,0.38117218,0.28301886,0.125,0.14606741,0.14545454,0.96494293,0.17745125,0.35584745,0.7735849,1.2229424,0.23248975,0.17931236,0.6875,0.5667534,0.22685139,0.15381563,0.40449437,1.092329,0.21689615,0.5094915,0.6545454,1.6037731,1.305891,0.9278431,1.9338188,0.0791804,0.09081916,0.060922746,0.11108921,5340.951,15190.31,9729.804,11216.7705,48.60164,103.99857,81.410934,89.55309,1.4253296,0.6167229,-0.60557586,1.1875699,0.46608138,0.6119912,0.33570808,0.6259484,0.70437104,0.8592947,0.836799,0.8348045,19.399488,18.730164,18.552639,18.03681
579,2528738104993099880,2.4293852,2.563014,2.4434147,2.427122,1.3339958,2.9731388,1.4650879,1.8604374,2.1487024,1.4792085,0.7845677,0.46131352,0.34,0.4680851,0.31460676,0.3962264,0.0,0.0,0.0,0.0,0.3333419,0.2022268,0.3998321,0.3384627,0.37716,0.5438413,0.4086896,0.64447063,8.115789e+06,6.449395e+06,3.9683562e+06,1.2115808e+07,0.0024481318,0.004745121,0.0023040874,0.003538522,0.245404,-1.1041884,0.05323553,-0.8779671,0.25100428,0.3299938,0.31701577,0.33843845,2597.8281,3918.1562,5066.3555,5871.465,22.403357,22.078302,22.420586,21.3681,0.050786253,0.069455564,0.048463758,0.059867855,22.02978,21.875996,22.538061,21.299578,0.46041584,1.2353649,0.7105694,0.90649414,0.32,0.12765957,0.101123594,0.1509434,2.2699337,0.4819595,0.67716074,0.74,2.8999805,0.7404812,0.6143195,0.68085104,1.7908058,0.7438684,0.50722384,0.43820226,2.2018814,0.6909386,0.6643323,0.6037736,3.406433,3.3170795,2.9918346,2.5041542,0.1604007,0.20624864,0.15960693,0.18624492,102.68743,527.7345,429.62198,316.47586,8.93246,20.896124,17.485048,20.002184,0.96097344,0.46078843,-0.5890834,0.22498961,1.1377826,1.533461,1.0865859,1.2792623,0.8404438,0.7583024,0.7926517,0.8344549,21.835037,20.734167,21.122744,20.03127
585,2528738125500544193,1.594348,1.3876085,1.3781939,1.4782867,0.8701477,1.2658062,0.8241615,1.158308,0.5074185,0.47671193,0.57637525,0.24441878,0.34146342,0.45454547,0.29166666,0.28947368,0.00020184371,5.888924e-10,9.934112e-05,3.923028e-05,0.25485957,0.22339232,0.32434878,0.29567814,0.8616808,0.7465745,0.7979885,1.2808195,4.0718964e+07,4.4677584e+07,1.5589017e+07,4.21505e+07,0.0003103644,5.406608e-05,-0.0002308725,-0.00040916182,0.21427369,-0.9368949,0.5851624,-0.6196885,0.6022425,0.44534734,0.46598232,0.71900827,3057.9297,2532.3672,4402.336,4137.1016,24.505184,23.987362,24.31232,23.441843,0.029611684,0.030889366,0.024611503,0.031348016,24.434631,23.86349,24.408678,23.452723,0.42175293,0.5160141,0.42412376,0.579154,0.2682927,0.15151516,0.2361111,0.13157895,1.2967262,0.42853236,0.4693051,0.73170733,1.3039665,0.41213158,0.32850027,0.6363636,0.9791012,0.43701783,0.32393256,0.3611111,1.2244015,0.40126386,0.3972279,0.5,1.9480877,1.5953598,1.7871666,1.6225338,0.10350553,0.09588325,0.076815225,0.10304221,1.9875466,3.3324146,1.7478222,2.1903603,1.1416495,1.4823711,1.0693555,1.3375843,0.54672945,0.17951961,-0.6821854,-0.034026343,0.72563976,0.7409544,0.59836274,0.73485523,0.817607,0.7990403,0.79778975,0.78001577,24.279514,23.870022,24.039995,22.897324
586,2528738125746490858,1.3603754,1.2826748,1.2365599,1.5229664,0.9676342,1.6915417,0.6455765,1.2490673,2.2042446,1.9900461,2.476952,0.93710303,0.3148148,0.5,0.25842696,0.36206895,0.0,0.0,0.0,0.0,0.29552707,0.2012046,0.3485989,0.31294647,0.70004684,0.57689774,0.5760252,0.5879338,1.3867888e+07,2.2492146e+07,6.980228e+06,4.213369e+06,0.0011309707,0.0016385274,0.0005184792,0.0016332907,-0.14613008,-1.4426148,1.1462591,-0.844188,0.43877319,0.35140947,0.38239947,0.3248128,4597.7383,6101.6016,3179.0742,2309.2852,21.341972,21.14595,21.148972,20.646181,0.0336877,0.040533796,0.022825342,0.040470958,21.08154,20.872013,21.32605,20.552593,0.38342953,0.6237087,0.22442055,0.62453365,0.24074075,0.125,0.24719101,0.12068965,1.3532467,0.26922596,0.46473804,0.6851852,1.5790787,0.35408294,0.36480448,0.6041667,0.8690891,0.3773799,0.22161527,0.29213482,1.4356403,0.3903173,0.5009425,0.5862069,2.0881367,1.6966076,1.7636623,1.76511,0.10872577,0.11400513,0.07795614,0.1287258,601.70905,696.18964,520.6202,411.42477,18.773163,21.518843,16.92705,19.566986,0.92061955,0.3172206,-1.1033449,0.43354133,0.71896195,0.85712564,0.4827325,0.83557075,0.7389385,0.80911285,0.78107375,0.872462,20.996428,20.827377,20.954948,20.21394
587,2528738125834436703,1.4551306,2.2572918,1.5932732,0.4633875,0.19502258,0.41449928,0.16196823,0.34042168,8.73359,7.8257875,17.079256,1.1218361,0.037037037,0.020833334,0.056179777,0.36206895,0.0,0.0,0.0,0.0,0.18165503,0.14559558,0.19557388,0.30329806,1.5662478,1.9656698,0.69997317,0.59581614,5.2973304e+07,2.8479814e+08,8.2635455e+06,4.3775935e+06,0.00039272173,0.0010483891,0.00058876286,0.00015430347,38.124516,37.63103,18.467003,-0.7600825,0.79775083,0.9891907,0.3557543,0.3371877,5600.6406,17688.43,6076.7773,682.64844,19.93587,19.599203,19.377502,19.112135,0.019825883,0.03284018,0.024285473,0.012434143,19.829506,19.500486,19.32708,19.075417,0.06576729,0.1974802,0.07419205,0.16544056,0.6851852,0.5625,0.7752809,0.12068965,2.6760597,0.15510313,0.0,0.9814815,4.2132263,0.21312618,0.0,0.9791667,2.1441574,0.12655643,0.43958074,0.9550562,0.40989494,0.10045535,0.14523616,0.5689655,2.7328663,4.224165,2.7306595,0.53137016,0.023504065,0.03222214,0.029028252,0.038644888,538.2943,666.6523,432.41702,686.82056,15.159431,22.934929,16.111181,21.97303,5.7720256,5.805113,4.179633,0.47183496,0.3952462,0.64364135,0.4705918,0.237643,0.71702254,0.8716854,0.8063595,0.84007263,19.892145,19.594364,19.299248,19.17489
588,2528738125838552117,1.3271132,0.8726435,1.8880005,1.1475172,0.7059021,1.1681156,0.5192013,0.86450386,3.7093785,2.1478894,6.1336923,1.473357,0.18518518,0.42553192,0.11363637,0.3448276,0.0,0.0,0.0,0.0,0.2781927,0.19313532,0.18436357,0.29754266,0.88142824,0.49461553,0.732531,0.58586454,2.402478e+07,8.204621e+06,2.9371845e+06,4.1198948e+06,0.00063966657,0.00087013387,0.00086434145,0.00093736744,3.23632,-1.3280061,11.022432,-0.62235713,0.50925446,0.31039077,0.39646667,0.32906434,4723.1484,1669.5703,3384.5137,1840.0742,20.502895,20.26271,20.254915,19.84925,0.025307078,0.029511757,0.029585203,0.030632598,20.270235,20.085611,20.285275,19.739685,0.15038776,0.40895844,0.18499279,0.42380333,0.4814815,0.08510638,0.5113636,0.13793103,0.9306202,0.11829436,0.44631884,0.6666667,1.1374664,0.26045185,0.22510284,0.65957445,2.7152538,0.3426117,0.09313202,0.96590906,1.043148,0.24392872,0.40648854,0.5862069,2.2672958,1.1807594,2.6586037,1.4688435,0.07105455,0.085120335,0.06062494,0.0929827,1280.6078,1459.622,1049.3165,958.4453,23.32181,32.461792,24.981386,26.993914,1.6422414,0.46943653,2.6499403,0.6403542,0.5188684,0.5979882,0.5992458,0.60803413,0.7184794,0.835132,0.8096779,0.8581372,20.359985,20.209225,20.12415,19.69925
603,2528738149348207569,1.506361,2.3469896,2.3063602,3.3976245,0.024528503,2.789299,2.3582287,2.8175888,18.27685,5.8538847,2.9733918,6.2336044,0.03846154,0.23404256,0.37362638,0.20689656,0.0,0.0,0.0,0.0,0.16006437,0.22244456,0.40226296,0.22893667,1.6060945,0.9008088,0.5076333,0.74674463,6.055018e+07,4.1912108e+07,5.658404e+06,8.706497e+06,0.00063571415,0.009233882,0.0067996336,0.013511176,46.709255,-0.85600257,-1.2048538,-0.09358764,0.8030847,0.5328452,0.3036883,0.41247335,6086.328,12536.297,7702.3535,7416.1426,16.777788,16.805809,17.408188,16.27739,0.025213495,0.09609323,0.08246002,0.11623807,16.708916,15.625178,17.809664,14.886457,0.012245178,0.043457985,1.040041,0.029499054,0.96153843,0.5744681,0.06593407,0.55172414,2.9732037,0.095560476,0.0,0.9807692,3.2165165,0.41067496,0.8052377,0.68085104,2.5895252,0.7492303,0.5830345,0.4065934,3.6910963,0.53881854,1.178278,0.6896552,2.9848976,4.6468573,2.7294464,6.7539883,0.0033570828,0.2618358,0.23207676,0.33738494,21059.494,422264.34,851844.44,414602.94,36.932816,464.9364,1215.4303,448.2342,6.7337594,0.90168715,-0.39985785,1.0765663,0.42302668,1.6149244,1.4354796,1.8920524,0.28629375,0.84714717,0.9569497,0.8306134,16.723951,15.857096,15.878154,15.059421
604,2528738151927354241,1.6934566,1.4029007,1.5570717,1.866725,0.9114609,1.6014328,0.7081566,1.8565369,0.26872933,0.92836905,1.0657207,0.7351932,0.3243243,0.4722222,0.21428572,0.41463414,1.0286272e-10,0.0,0.0,0.0,0.1940903,0.2723314,0.16709018,0.37406763,1.1511996,0.9550877,1.1631254,0.7787098,4.6861056e+07,5.677106e+07,1.2339893e+07,1.8062348e+07,0.00045201517,0.0005653798,-5.186841e-06,0.0011085273,-0.108228445,-1.2411425,3.783329,-1.212255,0.602378,0.49396053,0.60509306,0.39215392,3165.2148,5606.711,4224.949,3018.371,24.640554,24.03846,23.945724,23.07353,0.034363575,0.037201054,0.023452025,0.046096716,24.676723,24.07325,23.985777,23.071138,0.42289352,0.86761475,0.35103416,0.9252682,0.16216215,0.083333336,0.21428572,0.07317073,1.3223152,0.5540337,0.5161403,0.43243244,1.5607624,0.27478483,0.52308095,0.4722222,0.85495186,0.48762995,0.28005672,0.39285713,1.853344,0.54346114,0.48925674,0.5609756,1.8496284,1.5369759,2.238945,2.0175743,0.1261598,0.113129884,0.06862304,0.13477238,3.2887177,4.4298196,7.560034,8.482221,1.4927983,1.8237585,1.4835918,3.0720038,-0.16811815,0.28584883,-1.3196622,0.074414566,0.8467375,0.89425606,0.5615757,1.063614,0.8156556,0.8119138,0.58765644,0.8178909,24.304644,23.64893,23.547068,22.125433
609,2528738176897270510,1.804265,0.9656105,1.1995869,1.2101707,0.81419754,1.3299408,0.57712936,0.96232605,3.0254796,2.013422,1.1903248,1.238022,0.18,0.42553192,0.28421053,0.2982456,0.0,0.0,0.0,0.0,0.2818112,0.19452131,0.3748245,0.31652507,0.91480964,0.4394855,0.5417721,0.63526255,3.0024702e+07,2.5139262e+06,4.3265485e+06,5.094782e+06,0.00087873486,0.00097485766,0.00044916512,0.0009483124,5.1776977,-1.3501351,0.31835794,-0.6194694,0.53066844,0.27914602,0.32101253,0.35131627,5939.1406,991.5078,3050.5703,2030.043,21.811373,20.903856,20.731361,20.163475,0.029785255,0.031257253,0.02122146,0.030824488,21.57259,20.80295,20.842798,20.006365,0.21139145,0.5305252,0.23557281,0.42855453,0.46,0.12765957,0.29473683,0.07017544,1.1462612,0.17450519,0.59890485,0.68,1.254097,0.31576654,0.18622863,0.68085104,0.7601261,0.26555955,0.25235122,0.3263158,1.0769615,0.26591763,0.39236686,0.5964912,2.9821453,1.1931095,1.2222328,1.595644,0.07756628,0.0880686,0.066111416,0.09659354,175.05037,580.46747,575.4679,532.0345,8.889658,20.330555,18.871502,20.229609,1.8876152,0.41718093,-0.30632427,0.5926876,0.6496573,0.65339714,0.43994978,0.6215288,0.6787295,0.8276446,0.8272449,0.8641903,21.591494,20.836475,20.635147,19.984135
610,2528738177239746337,1.6217432,0.32165146,2.15423,0.41469097,0.2289753,0.40958786,0.16523933,0.31610298,7.4080524,1.6927218,16.108786,0.7113251,0.04,0.44680852,0.021052632,0.33333334,0.0,0.0,0.0,0.0,0.1954819,0.20056498,0.15612519,0.30775973,1.4359965,0.45551094,1.9150347,0.77404624,5.5851908e+07,4.0212015e+06,1.3794936e+07,1.143155e+07,0.00048459374,0.0001164919,0.0004599532,0.000119418386,30.521688,-1.4122348,75.486626,-0.6862323,0.7355551,0.29284507,0.9588994,0.42837393,6126.1523,450.8203,8020.328,926.3203,21.033752,19.883673,19.55141,19.17195,0.022063127,0.010817458,0.021543738,0.010944206,20.911,19.897747,19.547815,19.135376,0.0848093,0.19703865,0.07860947,0.15807152,0.7,0.12765957,0.86315787,0.14035088,2.9214687,0.21352275,0.0,0.98,0.3768158,0.06958608,0.12406052,0.4893617,3.8833237,0.13740493,0.0,0.9894737,0.35688972,0.094903536,0.1288663,0.5614035,2.9857922,0.33553123,3.8460407,0.50255394,0.02781066,0.030319924,0.023826666,0.034387518,152.95789,378.7141,319.99588,454.21344,8.027754,17.06551,14.009206,17.753778,5.085989,0.24984759,8.193913,0.42973602,0.46407035,0.2150908,0.42121047,0.20982176,0.7194732,0.8839069,0.79798794,0.83206856,20.980665,19.973295,19.529358,19.230818
612,2528738187562566782,2.5008297,3.0006976,2.1528826,5.090698,2.6045094,2.7124062,1.3264923,2.3639746,1.7357891,0.82718724,1.6799755,0.9936027,0.41509435,0.4,0.30769232,0.25862068,0.0,0.0,0.0,0.0,0.31757715,0.26316115,0.40034103,0.30287775,0.5054312,0.40959698,0.30903554,0.9672377,1.1789546e+07,2.5311492e+06,3.6190952e+06,3.055114e+07,0.007434695,0.011093827,0.0028713073,0.013512324,-0.9421115,-0.70731425,0.9437704,3.477786,0.3461322,0.25053275,0.22777475,0.4946801,5220.285,2282.2734,5346.6523,18911.883,16.708061,17.308746,17.953302,16.904696,0.08622474,0.10532737,0.053584814,0.11628443,16.43327,17.30488,18.204735,16.76963,0.96817875,1.4999523,0.67562103,1.2142701,0.24528302,0.15555556,0.1978022,0.18965517,2.7860813,0.7155764,0.43109575,0.6981132,2.9501972,1.2425514,0.82823735,0.51111114,1.5888844,0.7232038,0.35501894,0.43956044,3.0974731,1.012236,1.8065785,0.67241377,2.9763203,3.4229918,3.1518135,7.064995,0.28904766,0.3376644,0.14980726,0.3138025,1.309884e+06,1.8048189e+06,502567.06,1.03249175e+06,1069.883,1369.2545,525.9013,1202.6868,0.37669772,-0.4185056,-0.969904,1.3800763,1.4406483,1.8230847,0.9620244,1.9657528,0.879409,0.90495104,0.78115284,0.84559494,15.640969,15.200206,16.782206,15.008149
613,2528738187566305250,2.2588096,3.0323873,2.1967492,2.5307174,2.4336987,2.7808857,1.3883057,2.2456818,2.2935457,0.47522986,1.449471,0.5156879,0.3962264,0.37777779,0.30769232,0.4107143,0.0,0.0,0.0,0.0,0.30629972,0.2417068,0.40804887,0.35696656,0.5509133,0.41764405,0.2759857,0.69551045,1.295417e+07,2.2556942e+06,2.9038382e+06,8.502663e+06,0.0060375943,0.010431012,0.0029226902,0.006410483,-1.016464,-0.938467,0.47844696,-1.0165133,0.36769494,0.27060953,0.19736949,0.36536887,6115.3477,2173.5469,5038.2246,4852.129,17.06131,17.638422,18.09913,16.854858,0.07770206,0.10213261,0.054062232,0.08006566,16.686634,17.514256,18.29036,16.86102,0.72751236,1.4207058,0.75933456,1.131187,0.3018868,0.15555556,0.15384616,0.071428575,2.617548,0.5946331,0.37674242,0.6981132,3.132597,1.1128677,0.6796613,0.64444447,1.6484566,0.6590816,0.4076509,0.43956044,2.2874908,0.6635594,0.7452557,0.48214287,2.8366966,3.1256962,3.037551,2.7302618,0.24708308,0.33491263,0.15198047,0.24094845,613617.9,888755.8,347340.8,605417.94,716.4665,1004.54846,449.83777,896.127,0.4790713,-0.009248709,-0.7383032,0.032242015,1.325699,1.8014581,0.9784794,1.3494954,0.87824,0.9076529,0.76263326,0.8726669,16.117525,15.730548,17.004581,15.404848
614,2528738187637036842,2.325099,2.946239,2.056799,4.4351606,2.5512161,2.8127308,1.2310219,2.4338684,2.243825,0.7256782,1.5128896,0.3924202,0.43396226,0.4,0.32967034,0.31034482,0.0,0.0,0.0,0.0,0.31706798,0.25166333,0.39886627,0.3271932,0.49640867,0.4094854,0.31716177,0.77825475,1.0471973e+07,2.1271132e+06,3.5985018e+06,2.9937566e+07,0.0069183977,0.010600419,0.0026691963,0.009903106,-1.0246038,-0.9446614,0.91331005,1.2884955,0.3384289,0.2569769,0.22975521,0.4035203,5517.7227,2142.629,4846.629,20066.07,16.748587,17.414986,17.987005,16.851433,0.083176985,0.1029585,0.051664516,0.09952358,16.351734,17.268593,18.176025,16.774876,0.6820755,1.6498947,0.64219284,1.2169342,0.24528302,0.15555556,0.15384616,0.18965517,2.7505903,0.6260283,0.39162168,0.6981132,3.0195274,1.1613214,0.6826356,0.6,1.5269814,0.70102435,0.35455975,0.43956044,2.6782036,0.80457467,1.2225385,0.55172414,2.961298,3.051362,2.9559326,5.9740543,0.26819873,0.32837847,0.14357008,0.29295954,915717.75,1.266681e+06,411656.53,804167.94,876.6462,1144.394,465.35876,1063.2836,0.4813157,-0.2169869,-0.9507828,0.7855424,1.3930969,1.7930208,0.92928994,1.677115,0.87470216,0.91737086,0.7669002,0.855476,15.7551365,15.489027,16.92422,15.167396
618,2528738198411123022,1.4858761,0.05505562,1.2535391,1.7059789,0.016462326,0.015424728,0.013227463,0.007082939,16.478275,3.4078844,28.787758,17.737152,0.04347826,0.08888889,0.012345679,0.08,0.0,0.0,0.0,0.0,0.18349801,0.22183453,0.114432506,0.19698912,2.0736635,0.7867806,2.033399,1.6525891,8.09154e+07,5.3202424e+07,2.9383368e+07,2.4281846e+07,0.0006772878,1.2431148e-06,0.00028339901,0.0029837624,27.172735,9.139021,79.461624,8.8741,1.0368453,0.394193,1.020767,0.82631356,6024.4375,136.6836,5034.047,6924.4336,18.93483,17.542995,16.295397,15.945264,0.026027257,0.0011241692,0.016834604,0.054623924,18.833178,17.539417,16.263351,15.691473,0.008231163,0.008993149,0.006307602,0.003554821,0.95652175,0.4,0.97530866,0.92,2.2983322,0.017076664,0.90079075,0.95652175,0.079813,0.0107706245,0.008125912,0.95555556,2.45755,0.026484622,0.0,0.9876543,3.1673927,0.007510079,0.28931513,0.92,2.9370117,0.08559227,2.4592552,3.3980732,0.02152682,0.003055339,0.002103515,0.19771557,755.1968,115.20977,8042.551,41442.297,8.388329,6.1819606,19.067207,62.480927,5.154093,2.6916952,8.878897,3.2297988,0.49282166,0.019721296,0.27432653,0.8709929,0.32272455,0.60912347,0.21879432,0.35218135,18.839909,17.547531,16.26709,15.708029
619,2528738198424038455,2.111205,0.85956764,1.448988,1.6730042,0.575552,1.0772305,0.6674099,0.777565,5.429452,2.4098027,0.6682383,3.302892,0.13043478,0.37777779,0.30864197,0.14,0.0,0.0,0.0,0.0,0.30866426,0.21952972,0.39400956,0.26825166,1.3132207,0.44028252,0.31231314,1.0666987,6.4115516e+07,4.7386415e+06,4.1112685e+06,9.897214e+06,0.0016375164,0.0010197082,0.00083059067,0.0022057344,9.74045,-1.2545626,2.1275349,3.4779835,0.68878627,0.28154707,0.20320195,0.5656787,8074.8945,1654.1875,2437.461,3384.1094,19.609821,18.469725,17.385056,16.700464,0.04048064,0.03193356,0.028820137,0.046965417,19.282734,18.29726,17.439083,16.471205,0.1294756,0.39997482,0.36795235,0.3538761,0.6086956,0.11111111,0.2345679,0.16,1.7756462,0.28094244,1.0524138,0.84782606,1.1415691,0.23448886,0.22037584,0.6666667,0.8046112,0.21850589,0.3528169,0.45679012,2.0024147,0.38573354,0.71771026,0.88,3.956501,1.222168,2.008358,2.7630577,0.09530702,0.08892609,0.08330608,0.17458491,5398.177,22860.844,76491.73,96050.08,44.641193,130.94566,245.87122,269.13037,2.821208,0.5620272,0.7897201,1.8634585,0.7938181,0.58980405,0.5010397,0.78434426,0.68525094,0.8816195,0.88835853,0.85593694,19.36743,18.433674,17.281704,16.455887
620,2528738198913772784,1.3821154,1.2229986,1.9703407,2.0362015,0.8103142,1.1880531,0.855114,1.8459454,0.6374998,1.006599,1.8517545,0.38626328,0.32142857,0.2631579,0.18032786,0.42105263,0.048761398,0.08347288,0.0,0.0,0.20670946,0.38652942,0.30076054,0.38719156,1.5686678,0.7007674,0.811915,0.7115857,1.7659427e+08,1.05239736e+08,2.6588414e+07,2.1308912e+07,-0.00014897941,3.1599095e-06,0.00017610237,0.001434625,0.12948012,-1.1318738,1.7236588,-0.9791851,0.86747915,0.46702465,0.5031973,0.38869828,4015.461,2127.2734,6012.125,2437.3008,24.940216,24.297855,24.251646,23.018072,0.026846332,0.03158894,0.03325546,0.047022723,25.027163,23.917583,24.354498,22.937841,0.3863411,0.53663826,0.43276596,0.95073795,0.10714286,0.31578946,0.22950819,0.13157895,1.3215237,0.37572142,0.3882296,0.21428572,1.3795185,0.27224013,0.38708726,0.57894737,1.7818604,0.6705423,0.46590084,0.14754099,1.8324871,0.59670013,0.5407178,0.55263156,1.7486115,1.6217232,2.52598,2.1460075,0.08187454,0.09788973,0.12247647,0.1478854,1.4899695,1.4870491,7.8772435,9.257713,0.9745767,1.0488749,1.8285019,3.2556684,-0.76464146,0.38672143,-1.2158381,0.047167055,0.66955334,0.7675435,0.80649966,1.0823724,0.78788346,0.89320165,0.7576417,0.83474785,24.767977,24.169954,23.539818,21.883377
621,2528738200375102151,1.3474827,1.3454475,1.1794186,0.6797371,1.1530609,1.9852982,1.3681736,0.64574623,0.53008586,0.65898585,0.3622247,0.5987351,0.375,0.41666666,0.33333334,0.45454547,0.46227273,0.031136386,0.58505976,0.97609854,0.3613922,0.26645383,0.43217793,0.38550508,1.2551643,0.97965944,0.5156335,0.35944188,1.5642728e+08,1.8651552e+07,5.827184e+07,1.9355315e+06,-0.0009823776,-0.0007562908,-0.0014474173,-0.004119608,-0.32406902,-1.7906218,-1.36518,-0.6307223,0.6310723,0.72752595,0.37750024,0.49536458,2118.6523,586.5293,1399.3711,106.91797,25.149036,24.538368,24.567434,23.907482,0.031242732,0.04292625,0.03161263,0.01880334,25.330257,24.482925,24.696255,23.82633,0.40968513,1.054534,0.6316967,0.17822456,0.1875,0.0,0.06666667,0.18181819,1.4399128,0.46288252,0.35725138,0.3125,1.8680172,0.4718669,0.3529964,0.5,1.3485813,0.33968097,0.37078923,0.46666667,0.8737221,0.21310489,0.13673374,0.72727275,1.7600021,1.3836975,1.2952595,0.8717098,0.101334155,0.10953129,0.09303813,0.056575008,0.9900021,1.9293315,0.87604535,0.32079282,0.8605859,1.2836363,0.88191664,0.48317727,-0.70582837,-0.14419961,-0.025762798,0.6250737,0.7857246,1.0533401,0.7766412,0.4495405,0.85359293,0.85061467,0.89131737,0.81128216,24.841896,23.94394,24.320065,23.512415
622,2528738503747388654,2.0691605,0.22729206,0.17400455,0.27304268,0.13840103,0.107055664,0.06754494,0.096069336,12.243554,0.4664451,0.2651443,2.7538822,0.023809524,0.30232558,0.30864197,0.21052632,0.0,0.0,0.0,0.0,0.15229823,0.18008277,0.3079612,0.22826731,2.0400774,1.8800836,0.6904508,1.4267851,1.5540107e+08,1.5430674e+08,1.253583e+07,5.1864024e+07,0.00073847023,1.3457613e-05,8.492834e-06,2.794509e-05,40.343315,1.5768945,1.2813678,5.154497,1.0205113,0.9662478,0.34641743,0.7386991,8475.281,813.33594,485.6953,1019.83203,22.192701,20.88625,19.538092,18.925037,0.027848644,0.004176548,0.0029454986,0.0053108023,22.092983,20.872726,19.537563,18.8921,0.057944298,0.056390762,0.03344345,0.04773712,0.95238096,0.20930232,0.20987654,0.2631579,3.9680672,0.08515761,0.0,0.97619045,0.1421299,0.04463867,0.06575034,0.627907,0.0896759,0.037120134,0.034818128,0.5308642,0.205122,0.0444211,0.10168053,0.80701756,3.9733086,0.30326653,0.20720482,0.4576378,0.014129137,0.011799436,0.008601224,0.013720884,5.5603576,10.943461,74.298546,123.99083,1.7113912,2.6801088,6.254899,9.006033,6.293616,0.87370175,-0.20770204,1.9417273,0.6180366,0.087232426,0.05754942,0.10050713,0.75210744,0.8051889,0.7192372,0.8191939,22.121326,20.907368,19.543615,18.945938
627,2528738566026313533,2.1371346,0.6137924,1.6907864,1.1565733,0.639204,0.7802067,0.3350811,0.59101677,5.391799,1.7302045,3.934903,1.4155089,0.08,0.42222223,0.15053764,0.27586207,0.0,0.0,0.0,0.0,0.30208597,0.19731863,0.28538787,0.2923265,1.7463837,0.5481081,1.126794,0.7141524,1.1144257e+08,5.80932e+06,4.547424e+06,1.6408956e+07,0.001112111,0.00036375516,0.0003336876,0.00050272007,11.3505535,-1.2850769,27.441452,1.3544922,0.892358,0.34157962,0.6104826,0.37958732,10039.695,1099.6719,3338.2239,3948.914,22.127817,20.947065,20.583961,20.130234,0.034128267,0.01913998,0.018295396,0.022472223,21.824623,20.872946,20.615517,20.03661,0.15174007,0.3209839,0.1432724,0.30560684,0.58,0.11111111,0.56989247,0.13793103,2.2388687,0.34874344,1.1584077,0.92,0.7709923,0.19722275,0.115307346,0.6888889,2.7115135,0.2519007,0.0,0.9892473,0.75938034,0.18932647,0.34748116,0.62068963,3.9450035,0.78640366,2.6508045,1.7010479,0.08633041,0.054639608,0.044862233,0.06388062,87.9166,227.77705,229.46735,337.11896,6.0784674,12.840031,12.183791,15.434344,3.0179791,0.42521164,3.7913465,1.0553151,0.75518405,0.40092644,0.3765917,0.4523711,0.7023651,0.8516135,0.82260495,0.84576344,21.894077,21.003521,20.560354,20.11553
631,2528738588114736260,3.1077795,0.89417076,0.9015808,1.1725836,0.7214165,0.5963707,0.51153564,0.886713,6.0915074,1.234945,0.8697493,1.5477419,0.078431375,0.36842105,0.2795699,0.33898306,0.0,0.0,0.0,0.0,0.22622307,0.24730606,0.38673186,0.25526267,1.9190314,0.7800582,0.3874269,0.9312473,8.312338e+07,1.1976574e+07,3.7793365e+06,2.0336742e+07,0.0021584302,0.0005649624,0.000301717,0.00088080164,15.645386,-0.3658383,-0.1326077,-0.5744779,0.9722371,0.4878863,0.28523344,0.48899448,12106.242,1575.8828,1559.3086,4337.164,22.05834,21.106485,21.12131,20.658293,0.047091644,0.023858985,0.017422246,0.029815637,21.635214,20.982716,21.198076,20.566996,0.17486382,0.27074528,0.24179459,0.43092537,0.64705884,0.13157895,0.24731183,0.10169491,3.5528412,0.489289,1.8786982,0.9411765,1.0448704,0.27418444,0.20958412,0.7894737,0.634861,0.22712398,0.19423614,0.3548387,1.0532398,0.23180553,0.4207817,0.5762712,5.9130535,1.2506447,1.0611591,1.4845371,0.12254508,0.07535915,0.056929447,0.08950082,145.54805,210.87729,209.83138,226.18071,7.853989,12.602206,11.4779415,13.227368,3.5070982,0.79507715,-0.44764283,0.6716068,1.0387635,0.5035793,0.36798066,0.61594015,0.6919237,0.7984194,0.8262147,0.85991687,21.691843,21.1637,21.063383,20.50266
632,2528738588282919721,1.7005367,1.5317535,2.804411,2.017663,0.60964775,1.170927,1.1592102,1.5687733,2.2627628,0.4594743,0.47757712,0.35549387,0.175,0.32258064,0.26760563,0.36,5.3734794e-13,0.0,0.0,0.0,0.16320024,0.28229415,0.33851504,0.3491708,1.1118637,1.1619334,1.1491865,0.794639,2.1913566e+07,4.6155844e+07,2.7565064e+07,1.5969221e+07,0.0002820739,0.0006061133,0.0005252107,0.0011235892,4.2174883,-0.63256264,2.8759542,-0.6291728,0.5653693,0.58740824,0.67109466,0.41689113,3293.5781,2740.664,10400.16,3080.2031,24.025717,23.377556,24.121946,22.968042,0.028905528,0.03572567,0.03654173,0.042884663,23.91907,23.400618,24.025787,22.854942,0.3124733,0.60723495,0.57123375,0.7756119,0.35,0.12903225,0.2112676,0.22,1.688549,0.34800833,0.7446247,0.875,1.417162,0.42082167,0.5193448,0.61290324,1.3678684,0.46117046,0.63568413,0.5070422,1.6650677,0.53359944,0.56252575,0.6,2.396017,1.7519035,3.688713,2.3829365,0.10485156,0.11429567,0.10891552,0.13929547,3.5403552,15.324598,5.4276137,8.4023905,1.5637875,2.941631,1.9039412,2.7499194,1.8400404,0.48306394,0.72800934,0.2959227,0.694476,0.8351789,0.8814577,0.98497677,0.8090498,0.69901353,0.7465523,0.8654764,23.724964,22.85864,23.510733,22.166595
637,2528738694929032570,1.0745277,1.3359365,1.0445919,0.88027287,1.1224289,1.5934391,0.6473923,0.96302223,0.31226528,0.46164066,0.6029262,0.5795228,0.5,0.45454547,0.36363637,0.26666668,0.10440552,0.1683258,0.96623677,0.7102386,0.37837633,0.33104727,0.29125184,0.21540539,1.132059,0.9987117,1.553323,1.5301313,8.674964e+07,1.2729798e+08,2.8129166e+07,1.4019234e+08,-0.000917392,-0.00010123404,-0.0016762293,-0.00069401826,-1.0672069,-1.3674634,-0.3653431,-1.2813697,0.56673414,0.87571883,0.77926725,0.86176056,1670.125,2294.4297,2222.5703,1827.4102,24.969002,24.403322,24.853374,23.867798,0.028220868,0.038853534,0.022650342,0.023476908,25.101177,24.016537,24.955233,24.050762,0.5734768,0.67419624,0.25979042,0.500227,0.1875,0.09090909,0.24242425,0.2,1.2050686,0.3488781,0.39350295,0.375,1.6550255,0.2945622,0.5210219,0.54545456,1.0408268,0.3059135,0.31631476,0.27272728,1.0164299,0.20968217,0.23892234,0.4,1.2479954,1.9271488,1.3500576,1.1620541,0.08372799,0.11043974,0.07393962,0.069643065,1.4754239,1.4103433,0.5944319,0.76353484,0.953159,1.0818152,0.6169419,0.772339,-0.20451353,0.43071073,-0.5098161,-0.28711227,0.7046469,0.94815534,0.56293744,0.5603421,0.78338325,0.8965968,0.84949523,0.8904442,24.89088,24.170301,24.55344,23.660301
642,2528738706542779603,0.8466244,1.2802839,3.9893188,0.06258774,0.35611725,0.11291313,0.02552414,0.02788353,0.7465063,7.017643,31.754984,0.2763615,0.23404256,0.07317073,0.011904762,0.29310346,0.034713726,0.008067042,4.039584e-07,1.7889528e-07,0.13314426,0.15284109,0.10778112,0.14018877,2.11584,2.0383253,1.012861,2.1180155,7.55359e+07,3.1434858e+08,1.8838616e+07,6.608616e+07,-0.00041107938,0.00024064604,0.0016664466,8.3546394e-07,1.7764204,27.406128,83.90754,0.5984535,1.0614868,1.0214415,1.0116676,1.0661917,2482.629,9136.359,16206.801,162.54688,23.82854,22.485914,20.554174,19.547161,0.014486696,0.017639555,0.042010237,0.0012626136,23.804815,22.416624,20.46144,19.548473,0.17523956,0.057806015,0.01252079,0.014426231,0.25531915,0.70731705,0.9880952,0.18965517,0.53321075,0.19297409,0.2868341,0.63829786,2.3133488,0.16578597,0.0,0.9756098,7.911875,0.020015167,0.0,0.9880952,0.038560867,0.014276852,0.016297026,0.46551725,1.0326729,2.3262177,7.9104233,0.07034874,0.05314994,0.033642884,0.0031861481,0.0041915188,1.4100894,1.6165218,1.9609084,2.259434,0.9652038,0.8078931,1.0499291,1.2640988,0.82724196,4.894484,9.157677,0.23590986,0.3451968,0.39664152,0.86348575,0.024680512,0.80505085,0.6342403,0.7511467,0.8327373,23.795847,22.421862,20.458233,19.546793
650,2528739307406758290,5.8555517,0.42366123,2.4630232,0.5259495,0.314682,0.48011398,0.25852585,0.41550064,13.839442,1.0138637,19.845835,1.2517482,0.03846154,0.41304347,0.043010753,0.3220339,0.0,0.0,0.0,0.0,0.16771376,0.20619084,0.17208238,0.31775185,2.0947373,0.61708665,1.6648067,0.65654826,7.952062e+07,1.4434263e+07,3.8684628e+07,2.7257992e+06,0.0063055186,0.00018169844,0.0017474062,0.00021879797,39.863632,-1.2007945,18.050955,-0.6885061,1.048868,0.3714014,0.9755588,0.3515378,23404.055,1134.2109,15735.703,457.0547,21.08029,19.62713,19.40674,18.904068,0.0794637,0.013492157,0.041812122,0.014799283,20.690865,19.608065,19.27638,18.87367,0.13527775,0.23984528,0.12086868,0.20669174,0.88461536,0.1521739,0.78494626,0.084745765,11.328466,0.58721,0.0,0.9807692,0.47283363,0.13568316,0.12350455,0.6304348,3.8640041,0.1826201,0.4030328,0.9569892,0.4803257,0.11746522,0.17799945,0.5762712,11.500034,0.48998642,4.365967,0.65483665,0.07469009,0.040886268,0.038817972,0.04608307,321.56268,832.8614,945.44336,1263.9691,11.690636,25.282536,25.105816,29.812807,6.104252,0.29693222,4.276434,0.56213903,1.6751177,0.26481232,0.811437,0.27976665,0.71440625,0.8700878,0.82041204,0.8364766,20.754272,19.715176,19.252869,18.952925
651,2528739307411928370,1.8490791,0.614151,2.521821,0.763216,0.49827576,0.740675,0.36719513,0.57785034,5.02951,1.5971912,7.842475,1.4185637,0.11764706,0.39130434,0.06666667,0.30508474,0.0,0.0,0.0,0.0,0.2669835,0.21294117,0.22714189,0.3132874,1.9778484,0.5597848,1.1229451,0.6432855,1.1660024e+08,9.410148e+06,1.7458054e+07,2.546911e+06,0.0007652511,0.00038908643,0.00072229846,0.0004317499,17.22684,-1.1441803,50.053986,-0.53584194,1.0161659,0.34628925,0.8775352,0.3464028,7573.828,1220.7812,10329.379,660.25,21.003725,19.84666,19.557325,19.11575,0.02774291,0.01973628,0.026881933,0.020785732,20.786188,19.779425,19.555878,19.078514,0.12093735,0.2872839,0.17416763,0.29743195,0.5882353,0.1521739,0.67777777,0.118644066,2.3376904,0.315919,1.2983063,0.9607843,0.7509327,0.19258305,0.1421482,0.6956522,4.331167,0.26218352,0.0,0.98888886,0.67684555,0.16014434,0.26695904,0.5762712,3.3815937,0.7747059,4.2844925,0.97717094,0.05170817,0.05735481,0.045512922,0.06435034,407.22354,1276.1249,1308.6617,1667.3955,12.716662,30.35669,29.683256,34.42733,3.592614,0.47207668,6.103108,0.651159,0.5827044,0.39169925,0.5257387,0.39733484,0.7065979,0.8520982,0.8364464,0.8428861,20.861555,19.914326,19.504671,19.124006
652,2528739307452340999,2.1968956,1.3404856,2.5914602,1.54146,1.0448494,1.5610466,0.670269,1.3184204,2.4939132,1.4988676,1.8375034,0.979059,0.25490198,0.47826087,0.18681319,0.3898305,0.0,0.0,0.0,0.0,0.31312528,0.217711,0.33913037,0.3379069,1.410429,0.5753107,1.0086778,0.57546544,7.672201e+07,6.1904405e+06,1.4501989e+07,3.069225e+06,0.0013453331,0.0015161752,0.0010348519,0.0016636595,3.0067997,-1.2151845,7.3702064,-1.0235214,0.7982413,0.3506243,0.5942685,0.31317294,8998.484,2130.539,10614.621,1340.9219,22.331367,21.417513,21.406015,20.704004,0.038433082,0.039011035,0.032241076,0.040853,21.993729,21.240925,21.473139,20.707607,0.32297707,0.6345091,0.32766914,0.68963814,0.39215687,0.13043478,0.41758242,0.10169491,1.5595512,0.316289,0.7356526,0.7058824,1.5475636,0.389409,0.36749715,0.65217394,0.95661736,0.41081294,0.56750137,0.48351648,1.4563026,0.37335503,0.47574168,0.5254237,3.6337795,1.6656322,3.4423351,1.6328373,0.1089241,0.11373274,0.08552502,0.12538679,97.43257,382.16592,370.50558,404.24448,7.777547,15.6956215,15.396931,20.57369,1.5359601,0.41417024,1.329203,0.277098,0.85826325,0.8355194,0.69015294,0.8458207,0.7365286,0.80151886,0.8024877,0.87224036,21.90958,21.20013,21.120409,20.219975
653,2528739307489136883,1.8749256,0.76902866,2.820282,0.96573067,0.5999069,0.93143654,0.46589088,0.7459507,3.73534,1.9532213,14.349358,1.6803714,0.11764706,0.39130434,0.05376344,0.2881356,0.0,0.0,0.0,0.0,0.2820497,0.21693936,0.21101713,0.3091287,1.8291848,0.5938018,1.6487265,0.6617177,1.019805e+08,7.339354e+06,3.893673e+07,2.0897691e+06,0.0008209993,0.00061727676,0.0023734376,0.0007328604,13.880102,-1.1904676,15.012907,-0.4758017,0.9474651,0.36418954,0.9107555,0.3597452,7679.6953,1298.9844,19168.914,760.1094,21.176413,20.067987,19.958967,19.338951,0.028761057,0.024856776,0.04879861,0.027079307,20.965374,19.913063,19.826706,19.262411,0.17998314,0.30741024,0.19889832,0.37114716,0.50980395,0.1521739,0.60215056,0.10169491,3.2270107,0.41250968,0.0,0.98039216,0.9748478,0.22895303,0.1561108,0.6956522,4.508774,0.3258489,0.19192623,0.9569892,0.9075718,0.216159,0.3510627,0.6101695,3.3747768,1.0311241,4.724306,1.2748585,0.062605135,0.07243515,0.06653962,0.08444595,416.32266,1386.3701,1369.9762,1751.7216,13.640136,31.776598,30.44755,36.196304,3.1076477,0.5179075,3.7979095,0.7168778,0.609056,0.49882546,0.9739698,0.5236854,0.6885682,0.8514652,0.82902753,0.8571805,20.999006,20.089058,19.736517,19.25934
654,2528739317943960414,4.221793,2.3728256,2.385497,2.3697205,1.1834888,2.5548687,1.413971,2.0321655,3.4887168,1.3710583,0.47535163,0.9709388,0.13725491,0.4,0.25274727,0.37288135,0.0,0.0,0.0,0.0,0.25271752,0.19174534,0.39415398,0.33579767,1.367284,0.6468999,0.5972093,0.5619574,5.271228e+07,9.022653e+06,8.1366715e+06,2.55594e+06,0.003502652,0.004177326,0.002015292,0.004208948,10.628338,-1.0623074,-0.028420448,-1.03863,0.71114665,0.3920605,0.30384547,0.30869567,15288.781,3821.9688,9770.996,2376.8047,23.144209,22.160877,21.593935,20.473772,0.060720846,0.06522103,0.044986106,0.06493529,22.720682,21.850065,21.708754,20.245058,0.5340519,0.98719406,0.6610012,1.0541992,0.47058824,0.15555556,0.16483517,0.10169491,3.3857517,0.6489683,1.9763254,0.88235295,2.698351,0.66954046,0.6604696,0.6666667,1.5957317,0.620978,0.5344821,0.4065934,2.3330116,0.58403456,0.70557415,0.55932206,7.25626,3.1587143,2.8609867,2.8703823,0.16861825,0.19724423,0.15375052,0.19899096,79.846954,346.42392,1104.5674,1377.1482,6.1418085,15.906174,29.634413,44.488186,2.753085,0.50207436,-0.36570293,0.3107105,1.4053359,1.4453552,0.9714271,1.3294703,0.6283962,0.75976694,0.8071792,0.8948294,22.489199,21.112669,20.643068,19.246624
655,2528739318127986336,1.7000246,1.5535917,2.4275856,1.9209766,1.0184975,2.1890602,0.92617035,1.4437103,2.857577,2.5648568,0.730944,1.8783,0.13725491,0.42553192,0.25274727,0.30508474,0.0,0.0,0.0,0.0,0.3189725,0.18831395,0.36806777,0.30642942,1.1161082,0.75632155,0.8135499,0.5904178,4.212235e+07,2.1518632e+07,1.0853776e+07,1.9031384e+06,0.0013142256,0.0027418411,0.0012756995,0.003016663,1.4202008,-1.4085661,2.9477072,-0.5802367,0.6285217,0.43964738,0.4579626,0.3371526,6963.301,5419.1094,9943.391,1827.9062,21.676056,20.835373,19.914854,19.006737,0.036391746,0.052410584,0.03572194,0.054927927,21.399778,20.426954,19.956272,18.71196,0.35579872,0.6591816,0.42745972,0.73235893,0.29411766,0.08510638,0.2747253,0.084745765,1.5351982,0.2943098,0.65057003,0.74509805,2.1158543,0.44575673,0.33134896,0.65957445,1.0871792,0.42188522,0.48989528,0.46153846,1.8224545,0.3875154,0.6860009,0.59322035,2.6803455,2.1774178,3.0254517,2.7259388,0.1217295,0.14300674,0.105914705,0.16595222,263.81442,1472.6145,6306.416,8053.3965,12.927961,32.817074,66.91246,91.34726,1.3984718,0.46003538,0.5478586,0.7025713,0.7888295,1.091994,0.71139723,1.0440006,0.7555351,0.84244233,0.8263244,0.884401,21.312572,20.323856,19.554775,18.373472
656,2528739318218947054,1.5532207,1.703435,2.0920658,0.9758463,0.36231422,0.8957634,0.43916893,0.6962166,4.9319777,1.8685974,2.692084,2.1742775,0.13725491,0.23404256,0.21978022,0.2881356,0.0,0.0,0.0,0.0,0.27881342,0.22185126,0.2793836,0.29092166,1.7430551,1.3565949,0.98475534,0.5912846,8.966691e+07,7.092921e+07,1.3730322e+07,2.3129375e+06,0.00063120684,0.0010384801,0.0007164273,0.0008598033,12.620058,6.1152124,21.786983,-0.24832296,0.91222566,0.7053433,0.6821169,0.32773998,6350.9453,6510.9688,8569.102,893.6328,20.874144,19.745165,18.650368,17.947666,0.025175167,0.03226674,0.026767217,0.02932324,20.711552,19.588161,18.629147,17.783588,0.15342522,0.35173225,0.24551582,0.31887054,0.50980395,0.21276596,0.47252747,0.10169491,1.238306,0.18581039,0.714482,0.8627451,1.0826511,0.23430774,0.59757495,0.68085104,3.3908672,0.35248837,0.0,0.989011,0.90586853,0.16996814,0.38443807,0.59322035,2.8261127,2.9039326,3.3748245,1.4536076,0.06338047,0.08036709,0.06628468,0.09197389,576.3821,2421.3933,8958.307,16634.775,14.782655,42.647446,78.32632,107.66966,3.0745156,1.9304414,3.4004219,0.87474716,0.5255101,0.6371121,0.49921843,0.52628374,0.6414184,0.8394401,0.8198807,0.84913516,20.757275,19.716688,18.56742,17.864872
657,2528739318222913922,1.4046793,0.03984928,2.081071,0.18779469,0.026416779,0.012094498,0.009965897,0.006996155,16.185791,1.0353547,34.88024,17.211607,0.039215688,0.19565217,0.010989011,0.016949153,0.0,0.0,0.0,0.0,0.17234048,0.1669849,0.10366684,0.12784575,2.014695,1.6651971,1.0096911,2.0065124,1.1539462e+08,9.318596e+07,1.5972817e+07,7.785728e+07,0.00042272225,4.521939e-07,0.00060766644,7.821749e-06,36.873047,2.257206,90.95285,56.629498,1.0075274,0.8362446,1.0119573,1.0034481,5634.6875,112.90234,8489.621,756.2344,20.224466,18.834126,17.643806,17.050442,0.020586142,0.0007610769,0.024651444,0.0028002674,20.135832,18.835083,17.598166,17.04457,0.012712479,0.005815506,0.0050182343,0.004234314,0.9411765,0.32608697,0.989011,0.9661017,2.7435417,0.16210796,0.0,0.98039216,0.024414062,0.008598092,0.010577658,0.2173913,4.1485996,0.006913365,0.0,0.989011,0.3631916,0.0066855187,0.0,0.9830508,2.7783794,0.04405403,4.1486473,0.3629055,0.017407354,0.0026216689,0.0013816713,0.0012684271,30.433315,4.9165406,579.3278,138.12561,2.6912224,1.7334212,5.1517625,3.6784232,5.9025874,0.30351433,9.53574,7.454959,0.41634375,0.014334219,0.43494532,0.047745798,0.50406635,0.7953278,0.21365207,0.32012248,20.140419,18.83805,17.59862,17.045933
658,2528739318229629596,1.652092,0.7931738,2.1542788,1.05653,0.53030396,1.083725,0.43648338,0.76698685,3.7167172,3.0021105,3.7255223,2.7854629,0.11764706,0.39130434,0.15384616,0.18644068,0.0,0.0,0.0,0.0,0.28608105,0.20175123,0.2696065,0.27670327,1.701629,0.5436741,0.9671163,0.6497384,8.460534e+07,7.19628e+06,1.4595252e+07,2.5099795e+06,0.0006709124,0.0007615118,0.0007167779,0.0010372748,13.874825,-1.2692133,27.987955,0.06468892,0.87845725,0.33018348,0.67684394,0.36088216,6659.6484,1801.7188,8823.926,887.15234,20.85401,19.718378,18.652481,17.919132,0.025962599,0.027601188,0.02677385,0.032207508,20.662165,19.45375,18.619135,17.750883,0.18079567,0.28995514,0.21417427,0.3252945,0.47058824,0.17391305,0.50549453,0.15254237,1.1660519,0.24086963,0.81146467,0.8627451,1.0737972,0.1997502,0.1845153,0.67391306,3.594448,0.32958654,0.0,0.989011,1.1249752,0.265859,0.38933286,0.7457627,3.0051746,1.2411804,3.588297,1.6127739,0.06516578,0.07793444,0.063130334,0.0981822,678.1028,3071.8958,7605.378,18481.33,16.668364,47.91422,73.39045,113.691,3.1114278,0.6116187,4.057572,1.0275352,0.5414243,0.54425067,0.49939874,0.57713056,0.67061055,0.8653813,0.8368594,0.83969885,20.70945,19.679586,18.581688,17.789707
659,2528739318244069563,1.5676193,1.0004597,2.0887985,1.1906872,0.5789318,1.2065201,0.6327381,0.86224365,4.402232,2.6248908,1.0814518,2.3215735,0.11764706,0.41304347,0.25274727,0.30508474,0.0,0.0,0.0,0.0,0.3157066,0.19850974,0.33403152,0.29198566,1.3873801,0.45873955,0.7947045,0.59261024,6.902698e+07,4.8664305e+06,1.0904247e+07,2.1451905e+06,0.0007907011,0.0010707894,0.0008968803,0.0012799426,6.004337,-1.1691718,9.80743,-0.31944466,0.7590005,0.28712898,0.5041946,0.32823783,6420.9688,1875.1562,8555.719,1081.9492,20.976946,19.893784,18.908386,18.131292,0.028173096,0.03272905,0.029949209,0.03577721,20.735844,19.684715,18.867699,17.964243,0.16851425,0.3574505,0.31760406,0.40942955,0.49019608,0.08695652,0.34065935,0.118644066,1.4986591,0.29178825,0.60440737,0.88235295,1.2919312,0.26866218,0.2119909,0.6956522,0.8101139,0.2780098,0.51353335,0.5604396,1.1435146,0.25849316,0.46085146,0.6440678,2.7853985,1.4503098,3.2181358,1.7371216,0.07794313,0.09030082,0.078400075,0.10997441,624.5338,2786.9688,10875.405,16897.154,15.691963,46.08028,88.28028,113.61084,2.184813,0.6212113,1.9459262,0.86521333,0.59098554,0.6511046,0.5662912,0.64868706,0.66229296,0.85000604,0.85465544,0.8631717,20.781218,19.812866,18.766724,17.947948
660,2528739318261417303,3.7076206,2.235405,3.1215124,2.4837847,1.5127163,2.7216015,1.3039875,2.169754,2.0398812,1.9581758,0.5544432,1.3569018,0.23076923,0.4347826,0.26373628,0.3898305,0.0,0.0,0.0,0.0,0.26391977,0.20748614,0.38762194,0.32894117,1.654793,0.5183122,0.7611668,0.55938196,5.864196e+07,5.9690865e+06,1.029057e+07,2.102373e+06,0.0032116056,0.004103407,0.0019976632,0.004563988,6.7547097,-1.2494572,1.7692156,-0.91379905,0.85519254,0.34114525,0.42112023,0.31696826,13601.328,3116.9062,12785.715,2683.414,22.788351,21.932816,21.318434,20.121199,0.057569616,0.06435689,0.04477708,0.06759395,22.410301,21.365097,21.47533,19.872562,0.634264,0.8645935,0.603775,0.9866333,0.34615386,0.13043478,0.2747253,0.084745765,2.2241783,0.46415028,1.3023062,0.6923077,2.6750736,0.5945657,0.561852,0.65217394,1.5021305,0.58507305,0.5941671,0.46153846,2.3800697,0.53307205,0.7953888,0.55932206,6.272667,3.2868328,3.5416489,3.151083,0.15874596,0.18404692,0.12566547,0.20859942,130.6092,456.92352,1470.9976,2159.803,10.466181,17.2466,34.887665,58.681316,2.0544567,0.47625613,0.19564557,0.46708584,1.3119166,1.4115279,0.9545772,1.3600713,0.80078274,0.78244853,0.8079771,0.8721011,21.915255,20.95986,20.481419,18.969706
663,2528739335130403640,0.9789467,1.1561537,1.1443672,1.8003702,1.0478802,1.6922531,0.8388767,0.93027115,0.58074933,0.7621223,0.7673038,0.48063385,0.30769232,0.36363637,0.31034482,0.14285715,0.6284323,0.41925076,0.99495345,6.399074e-07,0.3178452,0.20859009,0.30902362,0.2691138,1.113901,1.4748933,0.9572093,2.0348904,5.6727908e+07,8.183171e+06,7.486359e+07,3.535264e+07,-0.0014068611,-0.0006355413,-0.0018971248,-0.0027916366,-0.80449367,-1.9841566,0.62961364,2.717393,0.809916,1.0521065,0.6607936,1.1183157,918.3867,436.83008,3632.3047,955.78125,25.069256,24.691479,24.827015,23.715307,0.02616146,0.03733041,0.023434762,0.035919715,25.210663,24.936764,24.896257,23.690771,0.498415,0.7653465,0.2857151,0.41855907,0.15384616,0.09090909,0.20689656,0.14285715,1.2384949,0.3055329,0.28150493,0.30769232,1.6833458,0.29469088,0.29001686,0.45454547,1.0701733,0.39526212,0.29580072,0.27586207,2.3630028,0.0,0.5950092,0.071428575,1.3144207,1.5160542,1.572689,2.1696796,0.07603282,0.09233018,0.0841923,0.13351038,0.8214852,1.0245202,0.4455389,4.1430616,0.68607336,0.9884283,0.5514371,2.1463737,-0.7061397,-0.1990207,-0.8638874,-1.0010313,0.6558483,0.92174304,0.5818152,0.8518471,0.7570992,0.93875134,0.86161613,0.9515523,25.06005,24.541084,24.532242,21.738583
670,2528739368892110532,2.189865,2.309394,2.142373,2.6464958,1.3347301,2.693283,1.2939396,2.2127037,1.0574219,1.1275247,1.6005881,0.5176687,0.41304347,0.42553192,0.27058825,0.36842105,0.0,0.0,0.0,0.0,0.25816324,0.202033,0.4046169,0.35731688,0.39968377,0.56045103,0.53917015,0.51201797,7.94501e+06,7.5118095e+06,7.115482e+06,5.058804e+06,0.0031391415,0.0044932426,0.0018310595,0.004752749,-0.3419857,-1.2424887,1.0945551,-0.9303322,0.286364,0.35435084,0.27618092,0.28090888,2493.2734,3369.375,6820.8086,2860.754,20.636656,20.843622,21.166943,20.369776,0.056044336,0.06706576,0.042827703,0.06899137,20.494614,20.647427,21.34581,20.233286,0.7421951,1.1915569,0.6568699,1.1279392,0.23913044,0.12765957,0.105882354,0.10526316,2.2755642,0.64140564,0.53547865,0.76086956,2.5964375,0.78474545,0.37313852,0.68085104,1.4901104,0.67963684,0.33898193,0.44705883,2.4119797,0.74149495,0.7274121,0.57894737,2.5296688,2.566368,3.2283764,2.774973,0.18568629,0.19723935,0.12552781,0.21365556,5178.7783,6152.8843,4058.4402,2964.9624,68.82792,66.904465,44.33987,61.782543,0.6028215,0.20868722,-0.979342,0.17203367,1.1565677,1.3978933,0.9065315,1.4053388,0.8930852,0.77329445,0.7396786,0.84205544,19.89388,19.316885,20.009066,18.722506
671,2528739368971217817,4.3687205,2.7086873,3.7987862,5.338513,1.8345709,2.6223278,1.2710228,2.1858816,1.8080539,1.0310572,2.5413847,0.7640344,0.23404256,0.4375,0.17777778,0.29310346,0.0,0.0,0.0,0.0,0.20009921,0.26113066,0.34461895,0.30202812,1.1888901,0.5257796,0.4595701,0.96524674,4.3579628e+07,1.4126675e+07,4.7209465e+06,1.5394186e+07,0.009449522,0.008921614,0.0051548923,0.010682186,4.251297,-0.56639075,3.5834463,4.3224125,0.65318894,0.30845442,0.23078269,0.5016582,14054.199,7950.547,10242.02,14503.801,16.874676,17.428263,18.205318,17.07876,0.0972087,0.094454475,0.071803235,0.10360864,16.641241,17.540413,18.266624,16.958874,0.7809248,1.1989717,0.67067814,1.089839,0.38297874,0.1875,0.24444444,0.27586207,3.0518456,0.6956593,1.4799719,0.7446808,2.7088842,1.0987186,0.8742608,0.39583334,1.8418713,0.6904567,1.0968325,0.46666667,3.012453,0.9577506,1.5432398,0.7241379,6.7741814,3.415656,4.4054985,7.6081963,0.28820026,0.30607516,0.1998308,0.28456923,1.00218194e+06,1.3220756e+06,396537.16,878250.6,960.67944,1145.9944,461.52322,928.8155,1.6288955,-0.48763838,1.0624079,1.3302406,1.6403654,1.6461774,1.3072008,1.769507,0.876692,0.89797294,0.751563,0.81082964,15.850348,15.500569,16.942244,15.238748
672,2528739368983042680,4.6931014,2.9265933,2.4338527,3.5567274,2.080721,2.5352669,1.1227608,2.0705404,1.6332698,1.0622323,1.0844672,0.27882758,0.27659574,0.39583334,0.2888889,0.3448276,0.0,0.0,0.0,0.0,0.18918474,0.26836056,0.395888,0.3412921,1.1994748,0.47444624,0.6245232,0.67656356,4.382348e+07,1.2550094e+07,8.213283e+06,8.862922e+06,0.010618717,0.010142624,0.002742419,0.008134621,4.5251055,-0.33331966,1.0235784,-0.30984664,0.6615199,0.28460848,0.3180381,0.35627723,14884.961,7589.039,9969.061,6168.0547,16.715965,17.290049,17.949293,16.861137,0.10304726,0.100710735,0.052368347,0.090192415,16.519747,17.38031,18.19767,16.785877,0.9677639,1.2134066,0.6558113,1.0482807,0.38297874,0.1875,0.17777778,0.12068965,3.1897764,0.7657198,1.5264285,0.7446808,3.0917215,1.1384505,1.0339402,0.27083334,1.5205402,0.69003624,0.39475954,0.46666667,2.483245,0.8581413,0.9063401,0.55172414,7.16934,3.6447058,3.1841803,3.8669415,0.3063362,0.32994282,0.15608868,0.27375516,1.4316972e+06,1.9952856e+06,480154.9,1.2559232e+06,1167.2993,1352.5636,500.58252,1065.5465,1.5921319,-0.58705807,-0.8165826,0.14079931,1.7225344,1.7412935,0.9399748,1.5207467,0.8813737,0.8967415,0.7619225,0.8125413,15.614454,15.1498165,16.849504,15.01928
673,2528739369084564686,2.3026237,2.2195072,2.5469723,2.8237238,1.4692154,2.608345,1.4794369,2.1849194,1.4194001,0.9717163,1.5701567,0.40216514,0.3478261,0.4893617,0.25555557,0.36206895,0.0,0.0,0.0,0.0,0.2934978,0.2413386,0.4142054,0.35891536,0.8351786,0.50078654,0.5743371,0.5139058,3.424109e+07,5.308506e+06,7.4866195e+06,4.779293e+06,0.0030340527,0.0047776867,0.0024012171,0.00491519,-0.09320831,-1.2575217,0.5552757,-0.9034114,0.50749075,0.327808,0.29122445,0.28802407,7733.633,2577.9453,10432.398,3110.3984,20.43017,20.499485,20.96486,20.0934,0.05509605,0.069139324,0.04902914,0.0701373,20.121857,20.241674,21.27267,19.965439,0.59380436,1.195303,0.71719456,1.1630735,0.3478261,0.10638298,0.16666667,0.13793103,2.1841316,0.5684482,0.60610527,0.73913044,2.522438,0.7407982,0.6122415,0.61702126,1.7218246,0.71287125,0.39602336,0.45555556,2.3939705,0.75744903,0.7269532,0.55172414,2.8412437,2.5897408,3.4347515,2.8809032,0.19190004,0.21011184,0.14763741,0.21788971,5089.019,9340.761,7516.9966,6045.1187,58.871033,86.77306,69.34317,84.92849,0.6887286,0.18923147,-0.7522117,0.07945328,1.1256217,1.4173206,1.0278891,1.4092968,0.81046826,0.80638134,0.7771869,0.8366707,19.868706,19.07618,19.50843,18.310959
675,2528739372315001234,1.424839,1.6455126,1.0259972,1.0483217,1.246582,1.7912903,0.54434395,0.68416405,1.0353425,0.33895883,0.46667135,0.6043733,0.34615386,0.42857143,0.20588236,0.35714287,0.028774414,0.00032897032,0.5865604,0.94158214,0.3726546,0.3121878,0.20079587,0.33938497,1.1501433,1.5127236,2.1026819,1.0540231,4.688268e+07,7.842252e+07,1.939476e+08,9.710152e+07,-0.00010095042,-0.00026245016,-0.0010611699,-0.0020092689,-0.9060302,-1.1174352,0.6768503,0.56843376,0.5888618,0.8873646,1.0540797,0.82378906,2815.711,1805.8984,6216.8203,1286.1289,24.970604,24.431063,24.790115,23.825382,0.032236777,0.04209724,0.018540401,0.024567217,25.341492,24.288857,24.787788,23.680458,0.5044937,0.7708807,0.28929234,0.2520647,0.26923078,0.0,0.11764706,0.21428572,1.4807167,0.38756925,0.30057022,0.3846154,1.731657,0.4891017,0.55083007,0.5,0.72182465,0.31544393,0.25934264,0.44117647,1.0922871,0.24676052,0.40702137,0.71428573,2.0858498,1.6610432,1.1072388,1.4659691,0.09796933,0.1290995,0.07310683,0.082776606,1.6022753,2.8951592,0.92762744,0.47095856,1.0426236,1.7101638,0.62343884,0.53558487,-0.51347625,0.002834847,-0.41011825,1.0044897,0.80497175,1.0284803,0.4596187,0.58532333,0.86630803,0.79898316,0.72549266,0.7519425,24.907873,23.79383,24.384686,23.68007
680,2528739377891525435,1.2408895,1.4592838,1.132101,1.2384195,0.6111965,0.6846676,0.68574333,1.1980705,1.0661563,0.21249378,0.49105042,0.5232731,0.18181819,0.2972973,0.27272728,0.40625,0.7092373,2.3351504e-05,0.979441,0.05733068,0.25134942,0.31790748,0.2829462,0.25129518,1.1426555,0.84037834,1.1685454,1.2213862,9.8869384e+07,5.2880572e+07,3.1396326e+07,5.4781916e+07,-0.00061126536,-3.3457323e-05,-0.00033347905,-0.001516125,1.472892,0.2918117,-0.08865833,-1.0787039,0.6125441,0.42166483,0.584274,0.6731453,2777.1406,2246.8672,4945.0234,2995.4492,24.847242,24.084778,24.386538,23.771885,0.020811157,0.02548165,0.019125162,0.031875186,24.780907,24.139416,24.301098,23.715088,0.2890873,0.34542656,0.30680656,0.5449419,0.24242425,0.1891892,0.16666667,0.125,1.105648,0.3233501,0.36992112,0.8484849,0.95817375,0.41226357,0.3556695,0.45945945,0.77882767,0.24489433,0.2897361,0.59090906,1.3262234,0.4240198,0.3290952,0.625,1.3660965,1.5142574,1.3208351,1.2683868,0.07024059,0.08260078,0.06823385,0.09683255,0.8493795,2.2592516,0.6750568,1.4293897,0.695009,1.1134459,0.71710736,1.0434535,0.7930877,-0.21805362,0.3680969,0.12574004,0.51709986,0.6137199,0.46639648,0.7577333,0.74395996,0.7487372,0.8449795,0.8114776,24.749285,24.066145,24.239033,23.216297
683,2528739378895450900,1.6660919,1.4056988,1.2493706,1.1485348,0.85564804,1.1579533,1.0264931,0.8825207,1.0431902,0.44119227,0.54828876,0.22326905,0.25,0.4117647,0.30769232,0.3529412,0.65397495,0.531094,0.39025503,0.609442,0.29857698,0.27337053,0.3265431,0.32364735,0.9721926,0.825368,0.68066615,1.4548882,5.9833575e+06,5.8110796e+07,2.7612184e+07,4.662556e+07,-0.0019151687,-0.0010254831,-0.0008831029,-0.0011999336,0.45374012,0.28677106,0.49108505,-0.5756147,1.0447261,0.53693295,0.48153102,0.7442579,338.8672,1784.8359,1729.8984,1072.7162,25.16008,24.912731,24.628567,23.71835,0.0377784,0.03194362,0.026824493,0.02875554,25.507483,24.985691,24.655487,23.71937,0.19428921,0.5834522,0.47930527,0.46889305,0.41666666,0.1764706,0.23076923,0.1764706,1.8797684,0.5195078,0.42542705,0.25,1.4037209,0.559613,0.4184082,0.29411766,1.0965633,0.49758527,0.34046948,0.34615386,1.0851612,0.33003506,0.46432522,0.4117647,2.1615067,1.9398956,1.6350994,1.1875458,0.12586154,0.101105005,0.094448216,0.09452627,0.7865496,0.93199915,1.0531272,0.8659989,0.6237651,0.6582137,0.75213987,0.88454837,-0.8337969,-0.80445784,-0.8342196,0.2086491,0.9505075,0.7958028,0.6606488,0.68203396,0.8063216,0.72433174,0.74710566,0.8415114,24.961771,24.749277,24.300306,23.207312
684,2528739380015958880,1.2643042,1.542469,1.7666588,1.797885,0.9721317,1.6794739,0.93845177,1.2164345,0.80367875,0.5892008,0.7989894,0.22713932,0.32,0.41379312,0.26923078,0.29787233,0.9352347,2.399214e-06,0.0,0.0,0.22777252,0.27566,0.341059,0.3306826,1.6085168,0.8541042,0.9961835,0.9791905,1.4912818e+08,4.425852e+07,1.5711596e+07,2.0294514e+07,-0.0013100032,-6.108662e-05,-1.5900001e-05,0.00044254272,0.31181812,-1.2454791,0.7348561,-0.48730278,0.9087387,0.4595487,0.5266142,0.51776487,2759.9414,2766.8516,4068.0625,2719.4492,25.023184,24.21866,24.261265,23.223236,0.023975477,0.037164602,0.029874636,0.037116963,24.841837,24.112812,24.395124,23.316086,0.27227783,0.7879238,0.48256874,0.61374855,0.24,0.10344828,0.20512821,0.14893617,1.0921612,0.38212496,0.15503915,0.72,1.5923061,0.5088099,0.31175652,0.62068963,1.2136154,0.52553105,0.36582294,0.35897437,1.4174957,0.44664323,0.51944894,0.4680851,1.3435307,1.6185455,2.3862095,1.8700027,0.07346626,0.11284563,0.10368035,0.118658885,0.60304403,2.7224867,4.228502,4.5526166,0.6423176,1.3859719,1.537385,2.0490825,-0.12132335,0.067233704,-0.7779575,0.11656489,0.59994274,0.90007687,0.7247965,0.86197597,0.7793444,0.8317424,0.7335366,0.8182665,24.784525,23.941965,23.745419,22.514782
687,2528739381547638189,1.034214,0.8177376,0.7605238,1.0474567,0.5948124,1.023489,0.46595955,0.84215546,0.5222699,1.2949121,2.5758102,1.174756,0.2888889,0.45652175,0.26666668,0.32142857,0.0,0.0,0.0,0.0,0.2775919,0.1857527,0.36051822,0.307426,0.9104094,0.5823481,0.69155425,0.70814496,5.6919476e+07,1.1424271e+07,7.6135705e+06,6.542149e+06,2.6812591e-05,0.0004768136,0.00019971418,0.0006492981,-0.016575813,-1.2702347,0.38818455,-0.6169684,0.46840575,0.36998782,0.3557216,0.39287904,3361.7656,1324.8516,2256.5156,1683.5273,23.883404,22.72094,21.906801,21.363478,0.019659463,0.023092438,0.01438385,0.025758455,23.779627,22.633549,22.022276,21.247223,0.32394028,0.43074226,0.18558311,0.37587166,0.15555556,0.13043478,0.22222222,0.10714286,0.7897625,0.23417573,0.31840846,0.62222224,0.97582054,0.2939475,0.11024461,0.67391306,0.5868015,0.21145932,0.14652179,0.2888889,0.9972038,0.27372494,0.3196276,0.6785714,1.275959,0.9049587,1.1305294,1.3147774,0.06650591,0.067584135,0.043654367,0.081794746,5.8545165,19.961678,40.408463,53.18477,1.8176453,3.5230258,4.9107056,6.1071076,0.57403564,0.14385428,-0.94919693,0.5995456,0.4695349,0.52468187,0.31510413,0.55029017,0.71791816,0.77564293,0.8207751,0.8309466,23.697067,22.668198,21.896221,21.25123
692,2528739383398756069,0.9706774,1.0971107,0.9622116,1.4883862,0.4075756,1.1530247,0.5638294,0.9670582,1.9852635,0.86485785,1.1329948,0.6007318,0.27083334,0.41304347,0.3,0.36842105,0.0,0.0,0.0,0.0,0.26428923,0.19147693,0.3852357,0.31205267,0.73538554,0.4816001,0.63415045,0.81724596,1.8609826e+07,1.542474e+07,7.865481e+06,1.2210316e+07,0.00035018128,0.0007970145,0.0003193808,0.0009036609,0.91574,-1.2164396,-0.03963971,-0.41462135,0.41462368,0.3134923,0.32952455,0.44110042,2435.7422,2364.1484,2650.461,2401.3398,23.004206,22.675877,22.725964,22.298927,0.020078277,0.029059937,0.018689133,0.031381365,22.879055,22.597073,22.82478,22.232317,0.21166515,0.55784416,0.2559662,0.49346542,0.3125,0.10869565,0.17777778,0.10526316,0.9623108,0.21839705,0.32160637,0.7916667,1.1306248,0.31752124,0.35575354,0.54347825,0.7255745,0.28748503,0.2073377,0.36666667,1.1477394,0.32024622,0.4693866,0.5263158,1.3594875,1.164587,1.2525883,1.5980244,0.0718655,0.08622493,0.06043007,0.10184858,20.262186,30.144003,17.42348,16.076677,3.045367,4.3932443,3.3256702,3.471307,1.164203,0.15949,-0.62770313,0.43438253,0.46188483,0.65895957,0.42472854,0.69977075,0.68487364,0.7954345,0.8130023,0.81145275,22.927813,22.572344,22.636463,21.99276
698,2528739388671593157,1.486495,2.4118013,2.3628483,2.4511056,0.012882233,3.2031517,3.2420692,0.6601982,17.625187,6.7944365,4.45083,11.866265,0.0754717,0.3043478,0.45555556,0.18181819,0.0,0.0,0.0,0.0,0.2137924,0.21357206,0.4183086,0.19050512,1.50229,0.6329603,0.34403518,1.2539387,4.5123692e+07,1.0918355e+07,2.7821042e+06,3.1931724e+07,0.0015195208,0.01049235,0.0075411946,0.009311172,12.057932,-1.0922923,-1.4260762,1.2882831,0.8352037,0.3773859,0.20530689,0.7110578,5649.457,5982.5312,5475.246,11642.613,16.37472,16.744055,17.231714,15.960263,0.03898109,0.102432296,0.0868402,0.09649458,16.1931,15.516867,17.73542,15.158923,0.0067749023,0.036851406,1.0845051,0.007972717,0.9245283,0.6086956,0.12222222,0.72727275,2.3281574,0.025747024,0.60818785,0.9245283,3.564701,0.41820705,0.4959558,0.6956522,2.7627172,0.59468085,0.6240989,0.41111112,3.6481838,0.25811473,0.8996295,0.8,2.953493,4.780611,2.510725,4.881423,0.116330236,0.27428657,0.22455801,0.29368022,91897.516,391924.56,823597.5,182695.73,97.62409,425.1242,1349.9685,226.0927,3.5953908,0.85392994,-0.21062182,1.6901306,0.6383044,1.715132,1.4964055,1.5400789,0.4016441,0.7926924,0.97005874,0.6652286,16.233528,15.677895,15.7820015,15.2427
706,2528739394484580765,1.102911,1.1836224,1.2091417,1.1226292,0.58008575,1.2115631,0.6228199,1.2050877,1.1213156,0.4561762,0.563702,0.5582077,0.21875,0.36842105,0.34210527,0.48,0.70226383,0.19850588,0.9948099,0.3177803,0.24244674,0.31978202,0.2790508,0.22896123,1.3675652,1.1464981,1.4629725,1.414799,9.55103e+07,8.390791e+07,8.165051e+07,5.0642224e+07,-3.0299101e-05,-0.0006238556,-0.0013613439,-0.0012461927,1.2495675,-1.0049629,0.754848,-1.2716429,0.68514043,0.58194524,0.8362216,0.8375183,3818.836,1680.4805,4298.6484,2220.586,24.837389,24.677702,24.790396,23.741209,0.021115739,0.030700395,0.02198765,0.029126141,24.755417,24.813608,24.822725,23.789227,0.2745657,0.66916275,0.2652912,0.603714,0.1875,0.15789473,0.28947368,0.12,1.2630253,0.31566596,0.29044363,0.875,1.3531055,0.32912818,0.37986338,0.36842105,0.9870548,0.4035202,0.35719922,0.21052632,1.2067013,0.19628116,0.41337547,0.4,1.3986988,1.4768162,1.4623585,1.1914806,0.07846849,0.0942579,0.07977359,0.08333244,0.8514031,1.2665085,0.5041983,1.1132398,0.7957035,0.91062164,0.5474195,0.9655602,1.1012764,-0.30943137,-0.57158154,0.11866684,0.52445984,0.7576152,0.54508257,0.6914898,0.8036704,0.86325014,0.7803476,0.85897774,24.623701,24.524912,24.548897,23.423634
707,2528739394494671158,1.0245304,0.92930317,0.93285656,0.80091953,0.5795288,0.9093189,0.7981777,1.1515312,0.9771618,0.4374894,0.5770675,0.9862485,0.29032257,0.42105263,0.36363637,0.4375,0.9400743,0.9488701,0.96797276,0.96081436,0.2243757,0.34657007,0.37137777,0.33706528,1.3736174,1.3804501,1.0232899,1.2360786,7.6502376e+07,2.3687632e+08,9.59844e+07,2.8401156e+07,-0.0006451402,-0.0008631923,-0.0021763002,-0.00091245485,-0.064795494,-0.9380543,-0.568666,-1.382674,0.708935,0.8426073,0.5143499,0.61902,2113.5547,2418.4062,4103.7266,1044.4688,25.085081,24.80091,24.892366,23.752876,0.021252137,0.024637023,0.020603625,0.023949867,25.192963,24.865585,24.984322,23.62347,0.2624054,0.402956,0.39777946,0.38195515,0.22580644,0.21052632,0.21212122,0.125,1.059536,0.29632235,0.28859133,0.22580644,1.1041813,0.27523053,0.33370265,0.31578946,0.91996956,0.28464228,0.25824767,0.33333334,1.0993652,0.25101262,0.1319849,0.6875,1.2277546,1.051588,1.250246,1.0745564,0.07059517,0.07447014,0.06395719,0.06540575,0.6332277,0.52401996,0.5902874,0.4588693,0.58729327,0.6460346,0.5967805,0.602964,-0.72043407,-0.3584929,-0.5192772,0.5365825,0.5331116,0.6110206,0.512873,0.56887823,0.732135,0.9014273,0.81286913,0.85145664,25.0822,24.69913,24.569271,23.561733
713,2528739400094772839,1.5197,2.240591,2.0310092,2.3407583,0.8048458,3.0167427,1.9455147,1.4742317,4.4186964,4.1191425,2.1873627,3.7722156,0.11320755,0.32608697,0.4,0.23636363,0.0,0.0,0.0,0.0,0.3308226,0.1932016,0.43622413,0.27482975,0.55782026,0.49370643,0.25029615,0.8116297,5.4339665e+06,5.0735515e+06,2.2659762e+06,9.949431e+06,0.0019280354,0.0071934885,0.003801276,0.00610782,2.0455234,-1.2437096,-1.252624,0.08654976,0.38613337,0.31287608,0.16749965,0.47858366,2293.4805,2979.5898,2480.7266,4872.008,17.402466,17.537596,17.893139,16.963337,0.043909527,0.08481467,0.061654743,0.07815284,17.085806,16.806822,18.177036,16.462818,0.22526741,0.6570749,0.9097204,0.6087389,0.41509435,0.17391305,0.044444446,0.16363636,1.5111542,0.24965183,0.678671,0.754717,3.032076,0.5210655,0.35177934,0.6956522,1.9691639,0.5431455,0.44633776,0.46666667,2.8686638,0.55498534,0.65831023,0.7818182,2.5972672,3.7183094,2.3882284,3.7957287,0.15282406,0.22492403,0.17615746,0.23599398,115711.63,208929.28,245393.02,150032.53,252.23242,426.08325,652.04095,398.25818,1.6308708,0.69903815,-0.1818414,1.1370258,0.76413405,1.4874454,1.1031969,1.325733,0.76888365,0.8619633,0.9068357,0.8833157,17.139738,16.621338,16.862091,16.172365
714,2528739400221270909,2.986516,1.6285934,1.4796686,1.6716709,0.75061417,1.5108147,0.8612747,1.283701,2.8754108,0.7673977,1.3868592,0.4741026,0.18,0.41304347,0.2777778,0.40350878,0.0,0.0,0.0,0.0,0.19040543,0.21548155,0.3984203,0.31641245,1.3712798,0.622465,0.6535153,0.78715897,4.5822616e+07,2.3438912e+07,9.947255e+06,1.038711e+07,0.0014704237,0.0013003492,0.00055971864,0.0012877039,9.186701,-0.96827126,0.3587396,-0.73770595,0.7174703,0.3960759,0.33581695,0.41141742,10048.125,3871.0234,4001.5469,2659.8203,23.667934,23.436646,23.257742,22.592442,0.040432792,0.039676756,0.025635185,0.038504165,23.426014,23.223186,23.395468,22.461926,0.2770977,0.78175545,0.42097187,0.62364197,0.52,0.2173913,0.14444445,0.15789473,2.4180317,0.51669496,1.3052851,0.9,1.6589317,0.46080646,0.46575806,0.6304348,0.9919605,0.4257305,0.23483369,0.44444445,1.4691315,0.42471066,0.52012455,0.5614035,4.737179,2.052744,1.9217682,2.0261555,0.11601234,0.12685823,0.07265479,0.12690084,10.656057,11.707757,15.760405,14.223826,2.4681857,2.894067,3.3152604,3.4627724,2.3857472,0.35755032,-0.7570454,0.3315558,0.9569607,0.92989004,0.5962165,0.8699031,0.71985006,0.8173377,0.7973896,0.83867615,23.304478,23.032244,22.948013,22.05075
717,2528739401769931039,1.6849623,1.4382458,1.6642361,1.660676,0.7013302,1.5146866,1.0542908,1.0956001,0.6540041,0.99820167,0.37097597,0.27761588,0.31707317,0.37037036,0.28333333,0.3611111,8.5070735e-07,7.771912e-07,2.5066615e-12,8.116364e-07,0.20943251,0.2675999,0.30764014,0.33263353,1.0124836,0.6525119,1.113677,0.92333204,4.682746e+07,2.1185402e+07,2.2846722e+07,4.711023e+07,4.1323314e-05,-3.2766427e-05,-0.0004136984,-0.00045634978,0.38835955,-1.3915004,0.40742564,-0.21598291,0.56491005,0.4017445,0.55915785,0.5478882,3365.2617,1350.9297,3121.9531,2475.7188,24.421043,24.10678,24.40039,23.359299,0.029583449,0.03540695,0.031036755,0.034628008,24.349834,23.921522,24.420712,23.461586,0.34454727,0.7450428,0.50721073,0.6012869,0.29268292,0.037037037,0.16666667,0.22222222,1.3405399,0.4800778,0.3724993,0.7804878,1.5449181,0.36136568,0.33058718,0.5555556,1.1759796,0.54031074,0.40589106,0.48333332,1.3378353,0.3607301,0.52986425,0.3888889,1.7245178,1.7656231,2.0304413,1.8544827,0.10668175,0.1011269,0.11236073,0.117913656,2.4542866,2.9335742,2.8386486,2.5883675,1.1735102,1.4984925,1.2590154,1.5242859,0.17519423,0.14938207,-0.5066535,0.22789577,0.72245866,0.8535475,0.75730896,0.80888593,0.7591455,0.85954136,0.74664134,0.8243546,24.25589,23.931658,23.844492,22.751875
718,2528739401891029593,1.0773306,1.3785839,1.3386106,1.1178608,0.45026016,1.4722214,0.73524666,0.8409767,0.36579636,0.48131785,0.5872742,0.5746618,0.36,0.4375,0.3030303,0.26666668,0.9405926,0.07330927,0.038090434,0.85503817,0.18887232,0.2446913,0.30982214,0.17033733,2.1771243,1.4355339,0.6792584,1.8003967,2.2979082e+08,4.5702534e+08,2.6559842e+07,1.6860131e+08,-0.00076543406,-0.0001596776,-0.00052781025,-0.0010509329,0.39078927,-1.2541733,1.1664073,0.9061589,1.1012282,0.7551346,0.35720792,1.1698042,3038.8125,5619.5,2092.0703,1613.4648,24.946722,24.549824,24.5616,23.724236,0.02007248,0.034964766,0.02523471,0.02672529,25.024586,24.502151,24.596666,23.522697,0.22926903,0.7263632,0.3660984,0.33530998,0.24,0.0,0.24242425,0.06666667,0.9083538,0.3025143,0.31603318,0.24,1.4953957,0.43865347,0.32959807,0.5,1.0518532,0.5016512,0.3245197,0.3030303,1.0912304,0.27556977,0.49379244,0.6666667,1.3158474,1.4868488,1.7643452,1.7420406,0.06640259,0.10456016,0.09295165,0.08698896,0.594108,1.5694005,1.4848781,0.61518615,0.5820141,1.1221955,0.77334577,0.6804181,-0.45438603,-0.19197455,-0.93562436,1.082021,0.5007426,0.8583788,0.61980486,0.6340371,0.7547052,0.83989394,0.723089,0.8333404,24.860708,24.337826,24.146027,23.50564
719,2528739406044878554,0.9979191,1.1481991,1.1007853,1.57691,0.6398487,1.3157272,0.71785927,1.1390629,4.4719224,2.713609,0.42231643,2.873227,0.26923078,0.33333334,0.31914893,0.2413793,0.0,0.0,0.0,0.0,0.33718383,0.2114252,0.39116868,0.25936314,0.39589736,0.4734153,0.25093734,0.56050724,4.7357715e+06,8.0285115e+06,2.7522988e+06,4.588246e+06,0.0005390651,0.001091965,0.00049158256,0.0014272643,0.6524482,-0.8131702,-0.4644022,0.3540206,0.29057422,0.29505342,0.17868203,0.31991893,1098.25,2222.0469,1696.707,2489.7031,21.62907,21.688147,21.813967,21.629904,0.023354344,0.033183843,0.022314733,0.03814912,21.404444,21.445148,21.855545,21.37498,0.10610676,0.3810768,0.35558796,0.45251846,0.48076922,0.125,0.14893617,0.18965517,1.0000801,0.1217187,0.35905668,0.71153843,1.4083138,0.25950462,0.35213628,0.6875,0.8150425,0.24228592,0.2908077,0.42553192,1.6227512,0.34341547,0.5715436,0.7413793,1.6359787,1.7399635,1.1345997,2.5265293,0.07639306,0.10026937,0.07623767,0.12265347,170.09224,136.40982,102.86475,44.48035,7.9456344,9.670797,8.5550785,5.920916,1.2953895,0.78618824,0.054429878,1.1267531,0.50513273,0.71969604,0.48677284,0.82516176,0.6481663,0.83232105,0.8542454,0.8603445,21.462551,21.505995,21.67709,21.283785
720,2528739406052351240,0.1041975,0.21356583,0.24282646,1.0265608,0.03116417,0.026865005,0.023210526,0.04638481,1.2420065,5.4729524,13.598953,16.861053,0.1923077,0.104166664,0.021276595,0.01724138,2.469145e-08,1.0357041e-09,1.7702394e-07,0.0,0.21797206,0.12677984,0.10749982,0.12823403,1.9064975,2.5108826,0.94821167,1.9800888,8.37299e+07,3.3799008e+08,1.3221184e+07,1.9752261e+08,9.866952e-07,5.8309083e-06,4.9499245e-06,0.00015070626,2.902165,25.255657,70.105354,55.600655,1.0447532,1.255443,0.96152383,0.99063015,366.83594,1624.5469,832.1094,7705.336,20.843327,20.530184,20.408287,20.43133,0.0016406209,0.002806848,0.0023931873,0.012408324,20.844187,20.521912,20.404562,20.39598,0.015480995,0.013872147,0.0112018585,0.02120018,0.3653846,0.6666667,0.78723407,0.9655172,0.048217773,0.026410295,0.024399469,0.3653846,0.34352875,0.02967861,0.0,0.9791667,0.44115448,0.017845431,0.0,0.9893617,1.9114723,0.036043175,0.0,0.98275864,0.11477661,0.34464455,0.44018555,1.9138641,0.0057672895,0.0062534204,0.0029263778,0.0054023205,2.4776437,2.765423,1.9327619,10.765679,1.1822754,1.0424473,1.0105941,1.3399172,-0.11800153,4.370401,7.808531,7.379893,0.034195997,0.057625104,0.048840854,0.25351855,0.7418368,0.618523,0.7243955,0.4179736,20.843039,20.520546,20.403627,20.408445
721,2528739410702546565,1.2868948,1.3219957,1.1042671,1.1220236,0.9177246,1.6103516,0.7531185,0.96180534,0.31062555,0.5052856,0.27517816,0.5008477,0.37037036,0.44444445,0.37142858,0.4117647,0.3039944,0.009168601,0.9758492,0.9112705,0.1633172,0.35111442,0.33361354,0.34750697,1.8543755,1.2194098,0.7709013,1.1975597,1.2466888e+08,1.14565384e+08,1.7951464e+07,8.9554184e+07,-0.00050168694,-0.00025648897,-0.0011978081,-0.0011473668,-0.33783007,-1.0924056,-0.62146354,-0.5003207,1.083803,0.75001544,0.38702375,0.6231482,2980.7969,2742.7656,1371.1172,1871.4375,24.786112,24.63008,24.651888,23.711077,0.028473265,0.034684595,0.024550125,0.02783101,24.801746,24.739399,24.73708,23.569162,0.5105648,0.7189169,0.38069916,0.4633217,0.22222222,0.22222222,0.17142858,0.29411766,1.1594353,0.46169612,0.40057144,0.37037036,1.5599461,0.3588432,0.42948848,0.33333334,0.9785042,0.37248418,0.3379572,0.45714286,1.1642265,0.29799786,0.40430456,0.64705884,1.503458,1.6671829,1.2745647,1.4000034,0.09900196,0.10197116,0.08227711,0.08957121,1.1214201,1.9825336,0.5800632,0.56572926,0.8827423,1.0676488,0.66780186,0.6215573,-0.4423235,-0.42239293,-0.19257976,0.6021642,0.7057415,0.85428435,0.6052069,0.6599032,0.8259839,0.82229656,0.8324591,0.8011396,24.524721,24.388096,24.386322,23.412735
724,2528739417973864735,0.7498112,0.80568314,1.9709063,0.9544468,0.5074234,0.89951897,0.4754963,0.74533844,2.6797614,1.6015573,2.155632,1.3977715,0.22,0.4680851,0.17708333,0.3090909,0.0,0.0,0.0,0.0,0.32371077,0.21271129,0.3078645,0.32011133,0.44177517,0.48801246,1.1774442,0.5178638,7.8252575e+06,9.006304e+06,1.5486044e+07,3.9511632e+06,0.00031363545,0.00057721947,0.0005181079,0.00073444354,0.83103895,-1.0911033,17.674763,-0.66650987,0.32874978,0.30045938,0.59160966,0.3020545,1019.2539,1751.3047,6037.953,1603.8672,21.45294,20.48935,20.233368,19.787693,0.017810827,0.024050064,0.022789175,0.02711646,21.325117,20.365625,20.239975,19.673485,0.13729668,0.30267715,0.22312355,0.36359787,0.32,0.14893617,0.45833334,0.10909091,0.7308483,0.13882694,0.29024804,0.72,0.9596691,0.23897065,0.14924552,0.70212764,3.0200024,0.34476334,0.0,0.9895833,0.923687,0.21266635,0.35211697,0.58181816,1.0960693,1.0547047,2.9819355,1.2591705,0.065452866,0.073991805,0.059350185,0.08427621,215.04143,680.82385,799.1883,917.8085,9.213188,22.240973,22.77721,25.843765,1.207599,0.48853207,2.7184606,0.61844337,0.3820946,0.49277017,0.46110174,0.5365722,0.6869766,0.823883,0.82316667,0.85348815,21.424059,20.510012,20.163214,19.703957
725,2528739418021734341,0.44569778,0.3920145,1.9149361,2.4142017,0.32094193,0.49158478,0.20829773,0.38178635,2.8705006,1.7487227,12.25634,7.6466565,0.3,0.40425533,0.041666668,0.017857144,0.0,0.0,0.0,0.0,0.32082728,0.2014704,0.19502865,0.16320637,0.4497755,0.46999756,1.7418374,1.7616537,7.38896e+06,1.1196676e+07,2.4414294e+07,3.6310784e+07,0.00010594534,0.0001527326,0.0004017951,0.0011130123,0.3021989,-1.2493821,55.434692,39.703003,0.33008918,0.29941773,0.89831346,0.88569,425.72656,737.0547,6883.6836,8893.523,21.067097,19.999702,19.626944,19.289661,0.010389377,0.012383989,0.02006296,0.03344782,20.99102,19.94581,19.613777,19.169605,0.066248894,0.17354202,0.089159966,0.17764664,0.4,0.14893617,0.7916667,0.6964286,0.43117332,0.08048517,0.1377509,0.72,0.4813366,0.12589906,0.05349128,0.70212764,3.3719444,0.1923809,0.0,0.9895833,4.4531975,0.25160736,0.0,0.98214287,0.62166023,0.46978188,3.349987,4.4937325,0.036836118,0.036392685,0.028012203,0.042401623,176.11327,439.53052,402.0534,662.89026,8.173726,18.47832,16.269009,21.423439,1.0206488,0.39832765,6.669175,5.8468685,0.21887402,0.24767609,0.3937746,0.64519715,0.73986596,0.87289417,0.8180605,0.83573425,21.094753,20.078804,19.600014,19.271523
726,2528739418969956128,1.7434072,1.5473938,1.0960741,1.2366219,0.9696274,1.02458,0.49857903,0.9519615,0.30320016,0.47027224,0.5288279,0.22346921,0.3,0.23809524,0.2837838,0.33333334,0.16289128,0.07904951,0.7391364,0.026064748,0.28745314,0.29931295,0.2081642,0.24577688,1.0871056,0.8212042,1.5610316,1.0057765,3.4021924e+07,4.632906e+07,1.929494e+07,6.937315e+07,-0.00082169275,-0.00051621924,-0.00042229486,-0.0019036192,0.18553495,1.0753107,1.0936031,-0.5852394,0.6296523,0.45616227,0.7934761,0.71790105,1523.1211,1467.2578,2609.375,3942.8906,25.151718,24.766924,24.405931,23.754572,0.035766747,0.029722577,0.01674234,0.026164582,25.186222,24.984375,24.380344,23.79808,0.47213173,0.5621166,0.2349062,0.44277954,0.3,0.14285715,0.25675675,0.16666667,1.4991455,0.64463234,0.5448428,0.3,1.231184,0.5207131,0.34557354,0.3809524,0.63985443,0.29713243,0.19378178,0.5945946,1.0280228,0.31906116,0.36587542,0.4722222,2.02532,2.2120552,1.3763447,1.3648701,0.12632692,0.09355823,0.058221817,0.08515155,1.3120546,1.4731094,0.88911355,1.5144634,0.8646267,0.90297616,0.65516967,0.95329314,-0.484796,-0.87015307,-0.573801,0.1320702,0.89959514,0.7361368,0.40861237,0.62152845,0.7592743,0.73667496,0.715419,0.77765614,24.943588,24.550772,24.219473,23.289532
728,2528739444625103040,2.960229,0.18879604,4.315507,0.053533554,0.09510994,0.039274216,0.012990952,0.02195549,14.454141,3.3073487,33.149223,0.6539729,0.06122449,0.17777778,0.011627907,0.2413793,0.0,1.110223e-16,0.0,0.0006192933,0.17044829,0.26161873,0.10656626,0.15120013,2.086155,2.0064378,1.0056708,1.9250292,8.843976e+07,1.343409e+08,1.7838702e+07,8.25537e+07,0.0023061086,7.532423e-06,0.0022128264,3.763242e-07,16.590601,6.2756395,85.95854,2.9348397,1.0432276,1.0039952,1.0056635,0.96428835,12061.496,610.7617,17535.66,198.0,22.010433,20.462933,19.673649,19.18285,0.04970094,0.0030573155,0.047084343,0.00089460297,21.698654,20.443703,19.57235,19.182026,0.031482697,0.014694214,0.0064735413,0.010614395,0.85714287,0.53333336,0.9883721,0.29310346,4.3467197,0.13875984,1.2968802,0.93877554,0.13639069,0.02857132,0.07308878,0.84444445,8.589348,0.014189467,0.0,0.9883721,0.025259018,0.008947998,0.013911002,0.51724136,5.8267174,0.27637672,8.590773,0.06572914,0.15631059,0.0099069,0.002318851,0.0026092518,7.040094,3.851657,9.161393,1.7168171,1.748839,1.4430991,1.4497738,1.0718992,4.071182,2.0587518,9.270326,0.9202151,1.0939392,0.06256164,0.9263208,0.017161034,0.6261116,0.7424225,0.47659305,0.8113436,21.689976,20.445826,19.573002,19.181444
729,2528739448140186743,1.3876057,1.2906475,0.98933315,1.0801649,0.9975929,0.80358124,0.5455532,1.2220325,0.30654198,0.8255633,0.79639167,0.66868013,0.33333334,0.3529412,0.30555555,0.36363637,0.0046814294,0.14974558,0.9999834,0.92815316,0.3559405,0.25563765,0.25428116,0.3702139,1.3286747,1.567403,1.5142728,0.95851535,1.1105116e+08,1.5194725e+08,4.8169908e+07,5.6451304e+07,-9.580762e-05,-0.00049896643,-0.0015672569,-0.0018589816,-0.32071996,-0.054574966,2.6930256,-0.80198216,0.676062,0.97186494,0.9118439,0.7349404,2085.7383,2180.2578,1578.3555,807.39844,25.020302,24.804863,24.7728,23.976141,0.03085094,0.031310692,0.01684735,0.03060236,25.17923,24.931005,24.869495,23.701263,0.4981041,0.3882103,0.2286663,0.47400856,0.22222222,0.11764706,0.19444445,0.27272728,1.3276062,0.49583897,0.41006482,0.33333334,1.5830784,0.3747845,0.36100626,0.23529412,0.7336006,0.36065096,0.20387295,0.2777778,1.3572121,0.22499481,0.36102816,0.6363636,1.745985,1.7051601,1.5389004,1.6592045,0.10040203,0.10074924,0.048878968,0.089879215,2.1137235,1.3625408,0.29634967,0.43879595,1.4459732,0.85901994,0.42749047,0.5615671,-0.5377197,-0.91710025,-1.3290408,0.7451957,0.7718998,0.7766574,0.417356,0.7337265,0.90620875,0.7879946,0.79466516,0.82108486,24.346699,24.586927,24.672728,23.729858
731,2528739455391467568,3.2062368,0.67325115,3.9460793,0.72823906,0.43367577,0.73565674,0.3418064,0.576746,8.921295,1.4576677,16.030863,1.3656096,0.04255319,0.39130434,0.03125,0.31666666,0.0,0.0,0.0,0.0,0.20145796,0.21056955,0.16586883,0.30517653,2.1406887,0.59097725,1.2177697,0.5632612,9.860842e+07,8.297796e+06,1.7098048e+07,2.7614432e+06,0.002184239,0.00039232368,0.0015880815,0.00044463118,26.028454,-1.1402929,65.96369,-0.62980413,1.0766994,0.35886598,0.98576033,0.31584418,12762.184,1178.0,16163.141,1106.1992,21.4839,20.330866,19.980469,19.39578,0.046899565,0.019829718,0.039886747,0.021096881,21.185692,20.21832,19.946625,19.315605,0.097688675,0.27309704,0.15476131,0.27206326,0.7446808,0.1521739,0.84375,0.1,4.375845,0.31956106,2.353901,0.9574468,0.7647705,0.18969427,0.15171932,0.67391306,7.1218987,0.3285209,0.0,0.9895833,0.7010937,0.16794987,0.27014902,0.5833333,6.1523075,0.88321304,7.081558,0.95378494,0.06853375,0.059999492,0.045295388,0.06774732,250.2999,625.7276,670.79816,1141.9645,9.770147,21.979298,20.559265,28.34271,4.793755,0.44239298,7.5511127,0.6145635,1.0075855,0.40315533,0.7969559,0.40919048,0.7058336,0.867017,0.82140243,0.8447443,21.2989,20.391455,19.888338,19.406523
732,2528739459588671845,1.1684065,0.9984598,0.9636116,0.8461666,1.0977821,1.0424023,0.9333916,0.8611336,0.6327914,0.49626428,0.66066647,0.48484382,0.33333334,0.47368422,0.38636363,0.46153846,9.070421e-05,0.2695069,0.022238359,0.8180293,0.19888712,0.27802816,0.27433044,0.36927152,1.8753985,1.8350211,0.9438858,1.2029457,1.465479e+08,2.3510642e+08,4.438785e+07,1.354168e+08,-8.634258e-06,-0.0012287974,-0.0008243934,-0.0012085929,-0.7327528,-1.1620543,-1.0968704,-1.1021175,0.9588435,0.9434566,0.47245544,0.62184614,4163.414,3445.1328,4339.961,1218.6875,24.657845,24.699442,24.527977,23.844078,0.02566042,0.026785366,0.021896178,0.024948306,24.726265,24.666336,24.500212,23.701435,0.5090542,0.4670887,0.47004795,0.47721672,0.2962963,0.10526316,0.1590909,0.15384616,1.1367283,0.30735102,0.33434647,0.33333334,1.1350765,0.3146883,0.3626999,0.57894737,0.9168205,0.31153005,0.22813426,0.52272725,1.0473518,0.26495743,0.30813947,0.61538464,1.2366524,1.1647472,0.9972496,1.097271,0.07738796,0.07820927,0.06593958,0.070840195,2.3833551,1.1777059,1.4786954,0.63053554,1.212003,1.1587347,1.2005353,0.6792226,-0.34391758,0.3465495,-0.17761806,0.4186546,0.63273066,0.6615836,0.53706896,0.5948694,0.8243735,0.856816,0.85962635,0.8447479,24.511488,24.224121,24.024511,23.804821
733,2528739459626463988,1.0116634,1.2709208,1.1138391,1.3037128,0.93574524,1.1024723,1.0064678,1.451849,0.3843217,0.15752943,0.5746142,0.5674255,0.42424244,0.36363637,0.39655173,0.45,0.029079312,2.9976022e-15,4.8667035e-09,0.39073053,0.38480607,0.30215606,0.28107768,0.3557558,0.69068044,1.8028448,0.84850466,1.1551582,3.3307408e+07,8.626255e+07,9.08182e+06,1.3192745e+08,-0.00025891198,-5.615284e-05,-9.900446e-05,-0.0013126178,-0.91989756,-0.7334995,-1.0168285,-1.1162617,0.42559463,0.9423382,0.43593648,0.7394193,1662.7969,2144.0156,2274.125,2310.4492,24.547487,24.395372,24.211998,23.816826,0.021861963,0.028811153,0.024072915,0.032252062,24.614037,24.384094,24.261751,23.694141,0.45662117,0.55123615,0.46487904,0.6485815,0.09090909,0.09090909,0.1724138,0.15,0.90986824,0.28941685,0.26645523,0.4848485,1.1578121,0.39018103,0.39265254,0.54545456,1.0070457,0.25661653,0.32394993,0.43103448,1.3926182,0.38977394,0.30645558,0.65,1.1476955,1.2781868,1.1852226,1.4810009,0.06748342,0.09409965,0.0738299,0.094683185,1.5245545,5.553832,2.4698045,1.0560051,1.268576,1.9984572,1.7456295,0.8487072,-0.12265822,0.112231694,0.014757708,0.29379797,0.53665626,0.7028588,0.5828534,0.76814175,0.89229184,0.80213195,0.85771257,0.78861326,24.356352,23.614931,23.662046,23.49014
740,2528739505128931092,2.3397446,0.88030815,3.9976912,1.0469112,0.54023933,1.0798492,0.59082794,0.7986946,4.983998,1.7114812,8.808957,1.7792181,0.115384616,0.45652175,0.06382979,0.32142857,0.0,0.0,0.0,0.0,0.23739657,0.18904203,0.2199289,0.30042973,1.8186865,0.5064718,1.1178272,0.5433768,6.344234e+07,4.164045e+06,1.6044061e+07,1.3069136e+06,0.0012060971,0.0007388438,0.0016433822,0.0009532994,16.75006,-1.1730301,54.856186,-0.6063986,0.94355875,0.31423855,0.89251024,0.310108,8746.441,870.3086,16374.543,524.4961,21.220755,20.235191,20.113312,19.61677,0.034778174,0.02719514,0.04058197,0.030886613,20.963036,20.127226,20.102383,19.429186,0.19676971,0.39578152,0.26283073,0.4376154,0.59615386,0.10869565,0.67021275,0.16071428,4.0936813,0.47628433,0.0,0.9807692,1.0660019,0.2676348,0.161639,0.6956522,6.9504204,0.39240402,0.0,0.9893617,1.0561676,0.21912886,0.4008849,0.58928573,4.2726727,1.1444836,6.887413,1.4800415,0.07348098,0.08150135,0.064672805,0.09511766,443.85184,1329.5515,1419.5505,1398.4668,13.855027,30.963284,30.855343,31.928513,3.5155623,0.47338524,6.4740696,0.6955152,0.7380191,0.55029887,0.81623787,0.6058956,0.69823647,0.830332,0.8361432,0.8582558,21.034967,20.235302,19.971813,19.474386
741,2528739505147297540,2.7073298,1.099638,3.7166328,1.3704948,1.0622139,1.4670353,0.6792202,1.1707973,3.5239422,2.0623252,5.017041,1.2304736,0.13461539,0.47826087,0.12765957,0.3392857,0.0,0.0,0.0,0.0,0.24653485,0.20428893,0.27690268,0.31372958,1.5397371,0.48325112,1.0632516,0.5394066,5.233247e+07,2.84813e+06,1.5082348e+07,2.085031e+06,0.0016465778,0.0012658025,0.0014276791,0.0015183132,11.758257,-1.3712441,34.696503,-0.8843849,0.8264444,0.3158627,0.77437806,0.29357678,9918.852,922.21094,15223.328,970.29297,21.794128,20.971485,21.007492,20.371946,0.040723756,0.035613477,0.03782476,0.03900079,21.477922,20.739136,21.096214,20.254778,0.31141376,0.5223942,0.27297688,0.56364536,0.48076922,0.13043478,0.5638298,0.10714286,1.4929295,0.26115102,0.99750704,0.71153843,1.4338398,0.34990522,0.21482983,0.67391306,6.063389,0.49284133,0.0,0.9893617,1.3798771,0.34966773,0.47674352,0.58928573,4.798937,1.4886627,5.91016,1.6667824,0.09512569,0.09998777,0.07957341,0.12007915,244.03198,685.89984,605.5832,595.28284,11.315767,21.937614,19.878925,23.35094,2.7881749,0.4110305,4.485183,0.49099994,0.8875388,0.74686754,0.79460335,0.794522,0.7107477,0.81830025,0.8219841,0.8724168,21.457932,20.797638,20.778814,19.990005
742,2528739505156826773,2.4386845,0.27413273,3.77382,0.3236065,0.21556091,0.33834648,0.16375351,0.25794983,11.830659,1.6387296,25.848734,1.2916882,0.03846154,0.4347826,0.010638298,0.3392857,0.0,0.0,0.0,0.0,0.16760471,0.2055292,0.11286294,0.30878574,2.1292863,0.44059804,1.0912582,0.55917,7.903407e+07,4.674932e+06,1.6114445e+07,2.0152999e+06,0.0011327682,7.799459e-05,0.001535191,9.08387e-05,36.618298,-1.287547,89.62095,-0.7968118,1.0710955,0.29277042,1.0165755,0.30525964,9617.785,276.7578,15457.566,201.7461,20.634499,19.478888,19.191319,18.804657,0.03368214,0.008847603,0.039192248,0.00954122,20.459902,19.43053,19.141525,18.780735,0.07541275,0.1129694,0.07423401,0.12892723,0.8269231,0.13043478,0.9893617,0.10714286,4.6022644,0.27791214,0.0,0.9807692,0.32570457,0.085170396,0.057683855,0.67391306,7.208647,0.11426613,0.0,0.9893617,0.31149673,0.076523624,0.11038145,0.58928573,4.6883583,0.33994484,7.1817513,0.39356232,0.024093304,0.025802592,0.020331174,0.029225571,229.6898,467.23654,408.86966,649.60815,9.85722,20.959452,16.294981,21.452066,5.7943044,0.37671375,9.355989,0.5360913,0.6950141,0.17234147,0.7521509,0.17941937,0.75159985,0.9064068,0.81675553,0.8424538,20.527147,19.552109,19.130116,18.862226
743,2528739505159481672,2.4235277,0.7995615,4.0643682,2.6012583,0.6181717,1.0019436,0.5063534,0.7920246,5.477883,2.4540708,10.436157,3.0659664,0.115384616,0.39130434,0.04255319,0.15789473,0.0,0.0,0.0,0.0,0.23510586,0.20980103,0.20757952,0.23130772,1.8376876,0.44095665,1.0915198,1.3454648,6.529375e+07,3.3541538e+06,1.5847408e+07,3.3927916e+07,0.0012428202,0.0006741179,0.001716672,0.0017165055,20.282074,-1.2308557,61.131218,14.389557,0.9461838,0.29198912,0.894951,0.6879943,9067.727,900.7578,16647.652,9335.211,21.146559,20.132994,19.990114,19.559175,0.035303008,0.025975818,0.041465018,0.041683007,20.87833,19.940418,19.986761,19.383606,0.14974594,0.30616188,0.25045204,0.3723526,0.59615386,0.08695652,0.7234042,0.28070176,4.3228626,0.44934323,0.0,0.9807692,1.0358982,0.22499672,0.14862837,0.6956522,7.24419,0.36080423,0.0,0.9893617,1.5749893,0.3571179,1.1006138,0.8245614,4.5079556,1.13867,7.170475,4.586788,0.066567406,0.07432305,0.061157178,0.091412306,483.98965,1370.8937,1421.4978,1520.4045,14.287624,32.53878,31.036905,33.18212,3.9232123,0.56958646,7.026269,3.0421066,0.74653715,0.522971,0.82889044,0.81528527,0.70062196,0.85410154,0.8455519,0.8416852,20.95936,20.13455,19.866533,19.372942
745,2528739523485668863,3.0386992,1.5997,1.0774536,0.6432276,0.6036873,1.636013,0.8144474,0.3877201,2.1618512,0.6093418,0.33170906,0.3716525,0.071428575,0.35,0.37209302,0.36363637,0.021705816,9.33961e-09,0.9979748,0.9997196,0.17068046,0.33350578,0.3351153,0.33038092,2.0933943,0.9357517,1.063978,1.2074499,2.446476e+08,1.07840504e+08,9.284537e+06,3.0924642e+07,-0.000106511514,-0.00022604974,-0.001457237,-0.0026441023,9.500284,-0.8931627,-0.82104087,0.6562805,1.1084886,0.5898611,0.5370742,0.79320294,9367.5,2319.5703,1221.7695,442.16016,25.318954,24.498781,24.787706,23.942675,0.037334077,0.038359277,0.022550052,0.015234373,25.316753,24.650677,24.713951,23.913244,0.2650423,0.71576405,0.38684845,0.1816597,0.53571427,0.15,0.13953489,0.36363637,3.8400707,0.617234,0.0,0.96428573,1.6747227,0.4820662,0.3920162,0.4,0.93852806,0.3216442,0.27909,0.55813956,0.72603226,0.22964618,0.2144135,0.8181818,3.7051296,2.113577,1.100666,0.7750702,0.0830356,0.11566386,0.07112987,0.052827347,1.6220553,3.9950762,0.48622212,0.11127679,0.77818936,1.3349068,0.5852029,0.272417,1.7116619,-0.47562075,-0.024746971,0.64600456,0.9452598,0.9397555,0.5589641,0.36475164,0.63896924,0.7515426,0.82881105,0.76475024,24.99454,24.027143,24.450369,23.9861
747,2528739541532539703,0.5459032,0.467906,0.38978386,0.44687843,0.2323494,0.40888405,0.22609901,0.27319336,2.1374557,2.2785246,0.45175242,2.7995658,0.21568628,0.34042552,0.3043478,0.20689656,0.0,0.0,0.0,0.0,0.2659606,0.19905677,0.37150562,0.26174408,1.5516201,0.5730428,0.29567268,0.7242246,1.5531314e+08,1.6894334e+07,2.9247258e+06,5.281997e+06,3.0431156e-05,0.00011896664,5.739491e-05,0.00012918634,5.3368163,-0.5564103,0.057327747,0.5519345,0.8293582,0.34751156,0.16536784,0.38956746,4472.039,770.9453,582.8086,671.2344,22.567682,21.407068,20.115162,19.430964,0.009058527,0.011226978,0.007602543,0.011389241,22.506353,21.316805,20.12337,19.376192,0.08870125,0.10334778,0.10721493,0.1272831,0.29411766,0.17021276,0.17391305,0.12068965,0.37039375,0.082614504,0.20578887,0.74509805,0.47106743,0.09623029,0.11748261,0.70212764,0.25034332,0.07243977,0.09966762,0.4347826,0.47617912,0.112958774,0.13545877,0.8103448,0.9238777,0.6849232,0.45844078,0.6975231,0.026671106,0.033572935,0.025650397,0.034868028,9.775305,41.67016,162.67107,380.46237,1.9237533,5.4944134,10.711399,15.05903,1.9200838,0.7892434,0.31358665,1.1564428,0.20442995,0.24033669,0.15292639,0.22130392,0.66972804,0.8456835,0.8292795,0.80037576,22.572372,21.458344,20.135689,19.493216
749,2528739543897377570,0.90466785,0.78615,0.3460436,0.21594715,0.31321907,0.12899017,0.05676651,0.065914154,1.0291221,2.7946556,7.5387645,0.6978329,0.3125,0.19148937,0.04347826,0.2542373,0.7655457,0.4884508,0.0001008849,0.00060138514,0.1938379,0.10175376,0.09808993,0.13343576,1.7494795,2.6744442,1.5590014,1.8023405,9.807613e+07,1.8814064e+08,2.710235e+07,6.851589e+07,-0.00024044116,-5.9226826e-05,9.87816e-06,5.066743e-06,0.64980936,5.3016653,40.942345,2.8245094,0.8983489,1.3395478,1.1414051,0.90147686,4477.2812,3136.9688,1357.9023,668.6992,24.104095,22.789034,21.342731,20.698145,0.01544908,0.010777694,0.0036999378,0.0032286474,24.110916,22.779142,21.33031,20.699823,0.15879822,0.069898605,0.02853012,0.033252716,0.35416666,0.5744681,0.59782606,0.2881356,0.775465,0.19068803,0.24040774,0.16666667,0.5629616,0.15997832,0.27821377,0.89361703,0.62255096,0.045227073,0.0,0.98913044,0.096767426,0.042662665,0.049121168,0.4915254,0.99814606,0.9544468,0.62820625,0.240839,0.052783296,0.036472507,0.0065383636,0.009914427,0.845025,0.9915434,1.6468272,1.7118529,0.72468275,0.7669099,1.0361716,1.1271751,-0.5070285,1.0061835,5.4855986,0.4206601,0.3723861,0.24561323,0.07896678,0.066827014,0.7748572,0.73768723,0.8031901,0.82926553,24.075361,22.750267,21.33045,20.68676
750,2528739546424885689,2.5320978,2.1922026,2.430727,2.312316,1.2035141,2.461586,1.3204861,1.9352188,2.145473,1.6162094,0.33656374,0.74976015,0.18518518,0.4318182,0.3043478,0.36206895,0.0,0.0,0.0,0.0,0.2605631,0.24699329,0.39722213,0.31605628,1.0361701,0.54643375,0.5858967,0.64845467,2.6704338e+07,7.849953e+06,7.2383e+06,8.423461e+06,0.0020256,0.0037670976,0.001866513,0.0033727754,2.361486,-1.0620782,-0.13848758,-0.8420043,0.5891525,0.34218183,0.2977514,0.364563,8248.941,3481.3281,9956.258,4839.414,22.28828,21.827011,22.021242,21.421944,0.04524296,0.06160392,0.043398876,0.058404047,21.99237,21.445396,22.108955,21.161303,0.54729366,0.73661995,0.70336056,0.9379463,0.33333334,0.1590909,0.17391305,0.10344828,1.810461,0.42176464,0.9111996,0.7222222,2.638401,0.6315232,0.41055408,0.70454544,1.5506725,0.6175729,0.49496523,0.47826087,2.1514626,0.5265181,0.7366334,0.5344828,3.9008636,3.0138836,2.716816,3.0051003,0.14534034,0.18759577,0.14785282,0.18521568,152.62547,464.2834,443.39218,228.6961,10.180288,17.204576,19.178732,17.270184,1.4434057,0.52436674,-0.2955308,0.37537348,1.0083878,1.3446294,0.9556972,1.2511282,0.79802084,0.7800817,0.81976193,0.8928321,21.82325,21.009745,21.13425,20.314804
751,2528739546442818949,3.4559946,1.7741747,2.6975136,2.2930965,1.2656403,2.1847591,1.0488777,1.723629,4.0025473,2.6956546,0.68266225,1.614018,0.11111111,0.33333334,0.24731183,0.31034482,0.0,0.0,0.0,0.0,0.24164882,0.23506416,0.36586133,0.27430272,1.436607,0.45831984,0.8527893,0.76142585,4.1356616e+07,5.6899175e+06,1.0224024e+07,8.595691e+06,0.002892598,0.0034016399,0.0016764184,0.0035245053,10.84022,-1.1504483,2.481881,-0.24073768,0.7654727,0.30419913,0.44487497,0.41504136,13270.73,3472.9453,9443.711,4618.8594,21.515709,20.98822,21.056818,20.462885,0.05391069,0.05836591,0.0410122,0.059439365,21.0751,20.454899,21.151125,20.213448,0.33845043,0.65670395,0.4784584,0.884675,0.5,0.08888889,0.2580645,0.12068965,2.0003986,0.32517052,1.3076478,0.7222222,2.430355,0.4739184,0.42271653,0.6888889,1.3110409,0.47284415,0.63575697,0.49462366,2.0461445,0.44713905,0.87499875,0.5689655,6.2437057,2.7052288,3.353487,3.2384853,0.13615273,0.16711561,0.12808098,0.1802103,470.0764,1112.9513,1327.5232,838.1503,17.150232,28.269524,32.85329,33.891243,2.7200694,0.65093774,0.7283659,0.78036076,1.1599268,1.2249966,0.8635865,1.2163008,0.76650053,0.8285814,0.8211503,0.89992785,20.982212,20.404896,20.487442,19.593506
752,2528739546451650139,3.03162,0.5752735,2.3653603,1.4899521,0.36128998,0.7271023,0.34912872,0.5708866,10.862345,3.1350188,8.164713,2.962687,0.018518519,0.2888889,0.06521739,0.15517241,0.0,0.0,0.0,0.0,0.17672087,0.22480635,0.220124,0.21298358,1.9780641,0.44415918,1.0416573,1.5315375,6.4289976e+07,5.1822985e+06,1.5400456e+07,4.9580908e+07,0.0016751189,0.0003853317,0.0007078611,0.0007444124,43.507633,-0.99098206,50.871063,8.570492,0.9968954,0.28397033,0.82697284,0.78285956,12111.926,992.34375,9688.516,6102.8438,20.27004,19.32684,19.08288,18.799809,0.040939853,0.019634735,0.026609967,0.027306234,20.049831,19.144245,19.06067,18.652111,0.08577824,0.17120743,0.1762495,0.25336266,0.7592593,0.08888889,0.67391306,0.25862068,5.7959957,0.2604451,0.0,0.9814815,0.752367,0.13222748,0.16463734,0.6888889,4.2234898,0.2543157,0.0,0.98913044,0.99002457,0.2164873,0.57079905,0.79310346,5.9088707,0.9437618,4.199791,2.6368866,0.04477836,0.0555292,0.046177227,0.068165734,993.4498,2772.7627,2294.6182,3040.1716,19.244486,47.40597,40.34976,44.376534,6.308963,0.7628456,6.2239532,2.3507483,0.82985246,0.37947735,0.5077948,0.513352,0.7271703,0.8845351,0.8509348,0.82076895,20.14287,19.386078,19.03004,18.7567
753,2528739547688689940,2.7925453,1.7223396,2.1346645,1.840168,1.1479626,2.1048203,1.1271133,1.5520477,4.3750987,2.5916898,0.23579545,1.5225213,0.11111111,0.37777779,0.32608697,0.33333334,0.0,0.0,0.0,0.0,0.26730248,0.2324234,0.39454022,0.29390758,1.1785034,0.5158861,0.53616107,0.61731964,3.3665724e+07,5.2501355e+06,7.1990735e+06,3.7544128e+06,0.0021690694,0.0029662107,0.0014576316,0.0028098866,8.315588,-1.1092281,0.21575665,-0.672822,0.6422008,0.32018122,0.2867235,0.34164438,9979.785,2615.1172,8743.586,3413.1875,21.357344,20.80058,20.795752,20.277308,0.046622384,0.05449102,0.038200438,0.05304141,20.969303,20.348124,20.747849,20.074617,0.29008102,0.6080532,0.56404305,0.76945305,0.4814815,0.13333334,0.19565217,0.0877193,1.7167015,0.2371178,1.0735058,0.7037037,2.2520561,0.42910883,0.4007985,0.6888889,1.28409,0.46297714,0.46860248,0.51086956,1.815115,0.3784505,0.7455355,0.54385966,5.074768,2.5742188,2.6469898,2.4735508,0.12534781,0.15842427,0.1173221,0.16716807,523.26215,1256.8341,1792.5936,1031.7506,17.460001,30.374987,37.15049,35.16625,2.4504433,0.66248155,0.14999405,0.6436517,0.9957303,1.1334448,0.79440683,1.075537,0.7266543,0.8479626,0.8496904,0.8998547,20.909855,20.34121,20.282646,19.563818
754,2528739547871254248,2.8811846,0.036082268,2.1271973,1.5735207,0.028196335,0.025455475,0.014772415,0.021770477,19.998987,0.33681193,33.270756,19.848244,0.018518519,0.33333334,0.02173913,0.03448276,0.0,0.0,0.0,0.0,0.13313963,0.1947332,0.111465074,0.12709922,2.0408473,1.013141,1.0617554,2.0796735,6.736312e+07,6.3637776e+07,1.5084485e+07,8.2751176e+07,0.0015428129,6.9604073e-07,0.0005973581,0.0005122219,53.279766,-0.36949825,83.75585,54.428543,1.0204386,0.5361051,1.0142626,1.0399125,11714.68,93.35156,8677.73,6445.1406,19.879955,18.76792,18.41181,18.235935,0.039286017,0.00090176903,0.024442695,0.022662546,19.764725,18.770065,18.355625,18.170128,0.0111866,0.010591507,0.0073051453,0.010204315,0.962963,0.2,0.9782609,0.9655172,5.7210026,0.06271367,0.0,0.9814815,0.028463364,0.008832915,0.009859135,0.4,4.2179623,0.09617635,0.0,0.98913044,3.0999928,0.07208673,0.0,0.98275864,5.7302914,0.036226273,4.2283,3.1123524,0.003059231,0.003061096,0.0021744384,0.0045748753,113.15571,10.834764,295.48517,239.90366,3.5009124,2.7114472,5.196083,5.796875,7.2794657,-0.044462517,9.025157,7.2997055,0.78100425,0.01692433,0.45003426,0.41327274,0.33267266,0.78803784,0.302744,0.43120116,19.767899,18.775835,18.359299,18.189163
755,2528739547877158597,1.2302513,1.4593544,2.412242,1.8403721,0.9205189,1.8763218,0.9558449,1.4313812,4.1570683,2.9849339,0.6203161,2.0343454,0.24528302,0.35555556,0.23913044,0.28070176,0.0,0.0,0.0,0.0,0.3416285,0.23507112,0.36379215,0.27741444,0.42574954,0.45270142,0.7005121,0.6419895,3.694173e+06,6.05397e+06,1.0066768e+07,3.3636075e+06,0.0010376173,0.0024152372,0.0012420452,0.0026279208,0.4395888,-1.1504424,4.1769023,-0.3160026,0.2891398,0.29931295,0.4068802,0.36531618,1072.4609,2610.2812,9880.543,2832.461,21.01475,20.472645,20.418417,19.933624,0.032247502,0.049159538,0.03525735,0.05128145,20.728458,19.991337,20.442087,19.731003,0.21309471,0.4874859,0.450181,0.71827126,0.35849056,0.15555556,0.3043478,0.14035088,1.3258457,0.16432416,0.4671469,0.6981132,2.0128574,0.36347505,0.342894,0.6888889,1.0881977,0.3732566,0.54550505,0.47826087,1.839695,0.46868688,0.70656174,0.68421054,2.0569706,2.2916145,3.3481102,2.6121635,0.10558783,0.13962394,0.10636787,0.16074865,752.3341,1773.487,2282.8137,1524.7014,18.98813,36.099163,41.401184,41.15913,1.2277752,0.68263894,0.99970376,0.8414397,0.67767316,1.0064257,0.7198993,1.0222251,0.6820589,0.8575241,0.84102786,0.9064581,20.718054,20.10145,20.076935,19.332144
756,2528739547889760017,3.452507,1.8360233,2.6426487,1.8756323,1.1160545,2.258007,1.2300415,1.6035557,4.4582844,2.3262777,0.32985044,1.2273605,0.11111111,0.42222223,0.29032257,0.3508772,0.0,0.0,0.0,0.0,0.24814723,0.22841701,0.38877445,0.30681282,1.3315288,0.49818382,0.64597875,0.59181356,3.9016804e+07,6.864349e+06,7.0813075e+06,3.872287e+06,0.0028030954,0.0033019364,0.0017521955,0.0028020192,11.83178,-1.1731181,1.1965654,-0.8523674,0.70983094,0.30566195,0.3292488,0.33014613,12610.207,3776.586,8058.7812,3272.75,21.576149,21.067078,21.13496,20.537958,0.053063944,0.057510957,0.041927166,0.05298426,21.17299,20.68604,21.195633,20.369469,0.303483,0.697546,0.61667824,0.77536964,0.5555556,0.13333334,0.19354838,0.0877193,2.62743,0.51355296,1.5959649,0.8703704,2.396492,0.4927806,0.38378596,0.6888889,1.4020176,0.51016784,0.56746876,0.48387095,1.8772068,0.41799843,0.67057323,0.54385966,6.2265186,2.5750675,3.273676,2.4583015,0.13561468,0.16579175,0.12786998,0.16242345,334.85712,1015.7216,1307.5542,741.7323,14.887045,26.788965,33.877052,30.872534,2.8895123,0.5926942,0.3259337,0.48851037,1.1449156,1.2115878,0.88612896,1.0881885,0.7726925,0.8432939,0.8461703,0.8934893,21.102707,20.518333,20.482931,19.753378
757,2528739547966266165,2.4949446,2.174347,3.031188,2.501565,1.2336464,2.7289028,1.3488922,2.2710629,1.6754634,1.1310706,0.53060627,0.6728934,0.23076923,0.42857143,0.2826087,0.41509435,0.0,0.0,0.0,0.0,0.29530054,0.21223173,0.38695267,0.3300343,0.46205136,0.6328531,0.8138085,0.6627921,1.0904802e+07,9.129908e+06,1.1436714e+07,6.0987785e+06,0.0017763901,0.0035186282,0.0018802318,0.003176083,2.3452969,-1.0675354,0.4854436,-0.80795383,0.310567,0.39325872,0.41968295,0.38398546,2862.1875,3153.961,12415.746,4082.2422,23.100182,22.667862,23.093811,22.320084,0.044794083,0.060589116,0.045484517,0.059936907,22.84183,22.404348,23.30293,22.069098,0.48790932,0.82662296,0.74242496,1.1080837,0.34615386,0.0952381,0.22826087,0.11320755,1.8321991,0.4422977,0.915527,0.71153843,2.6769524,0.7797024,0.30306664,0.7380952,1.6974106,0.6833936,0.57822716,0.4347826,2.295107,0.62623554,0.77208173,0.5660377,3.650671,2.681715,3.265438,3.2340832,0.14252432,0.18912442,0.1410031,0.19215167,25.176146,131.53773,111.52017,48.112755,4.3781915,9.278941,9.169797,8.269138,1.3653518,0.4036235,-0.30059087,0.35161582,1.0347514,1.3734257,1.0504109,1.3377968,0.8338363,0.764773,0.77486646,0.91201586,22.642656,21.674904,21.911007,20.992758
761,2528739566232649583,0.58705807,0.6180725,0.5895872,0.13106155,0.33982468,0.17540932,0.036218643,0.040569305,0.42462707,1.8939887,17.705141,1.2568643,0.3255814,0.23913044,0.010869565,0.18965517,0.4670279,0.62207067,0.0004492685,0.2859309,0.17278956,0.15529342,0.113672234,0.098238245,1.7838075,1.7273616,0.8930841,1.983418,8.30751e+07,1.727275e+08,1.4146782e+07,9.801381e+07,-8.991972e-05,-3.2289012e-05,2.8929919e-05,1.5821661e-06,-0.24032283,1.6707921,76.571686,1.6080508,0.9396109,0.96330816,0.9157952,0.9963595,1849.6562,3939.4531,2017.9883,545.96094,24.165602,22.85701,21.230267,20.477962,0.012251052,0.0113930665,0.0056852386,0.002260348,24.145506,22.845968,21.214554,20.475786,0.13707542,0.08770466,0.018397331,0.021022797,0.27906978,0.4347826,0.8913044,0.31034482,0.4807682,0.19828098,0.16082251,0.6511628,0.64136696,0.16973232,0.12851727,0.8913044,1.1074791,0.035360925,0.0,0.98913044,0.09275055,0.03159681,0.033146963,0.8448276,0.5973034,0.68917274,1.1111526,0.13945389,0.044246558,0.048071496,0.0056363046,0.008238498,1.0021696,0.9216668,1.5666898,1.0972645,0.8081338,0.7994322,0.89081436,0.84788156,-0.057502292,0.7429062,8.388784,0.4118903,0.29605404,0.26041144,0.12069913,0.04628732,0.7981915,0.81809545,0.70601696,0.7915435,24.099726,22.836716,21.21336,20.472153
762,2528739572470613734,2.888733,2.0973349,2.3270884,2.5187683,1.2724056,2.5493011,1.2073174,1.9273643,1.879413,1.7402254,0.9946958,0.93406796,0.24074075,0.4347826,0.28125,0.3448276,0.0,0.0,0.0,0.0,0.25819954,0.21185018,0.39727765,0.32028607,1.1176227,0.5638464,0.41771924,0.6081319,2.9298658e+07,6.88285e+06,3.9682105e+06,4.4688065e+06,0.0025115944,0.0037032699,0.001748421,0.0041649197,2.848484,-1.1167672,0.11520553,-0.809278,0.6207249,0.3581815,0.22823517,0.3330732,9948.77,2808.2344,4489.9297,4364.793,22.258959,21.33421,21.166601,20.303381,0.050374296,0.06094712,0.041853208,0.06458494,21.90725,20.934628,21.29565,19.99551,0.60483646,0.7888708,0.6029024,0.99487495,0.35185185,0.17391305,0.14583333,0.12068965,1.9920597,0.44913772,0.9828935,0.7037037,2.5692253,0.64564943,0.31358427,0.7173913,1.4707985,0.6088483,0.418292,0.41666666,2.27211,0.54299474,0.76982814,0.55172414,4.6141167,2.8758163,2.799345,3.146679,0.15944164,0.17838988,0.1375902,0.20327583,179.75464,1170.3223,2136.2058,1844.0881,11.533998,27.459864,39.459377,47.30859,1.4647156,0.4932503,-0.5959973,0.41856846,1.1212794,1.3002586,0.8858902,1.3112926,0.8104107,0.78200144,0.80675834,0.8688668,21.712957,20.42229,20.330233,19.145136
763,2528739572537899988,2.222206,2.6539478,2.4505787,2.7878227,1.9389496,2.823227,1.5035324,2.3678646,3.6723428,1.9880859,0.623664,1.0230101,0.3137255,0.37777779,0.28125,0.31578946,0.0,0.0,0.0,0.0,0.32219362,0.21892643,0.39987785,0.32063913,0.3550761,0.5341683,0.3280647,0.6525618,5.84844e+06,6.9670335e+06,3.4517942e+06,4.2477965e+06,0.0028055853,0.0050182724,0.0020956208,0.0051998007,-0.3819201,-0.6293769,0.09850931,-0.84504366,0.23724787,0.36394966,0.20886588,0.35585096,3654.336,4439.16,4408.379,3671.5195,22.56315,21.973866,21.952967,20.776371,0.055408794,0.07209083,0.0459882,0.07228643,22.100985,21.62953,22.17006,20.6097,0.48919106,0.92425346,0.65246964,1.2242088,0.33333334,0.13333334,0.21875,0.0877193,2.5881367,0.39615735,0.5860166,0.7254902,3.187727,0.7101143,0.6644198,0.73333335,1.6560059,0.65883124,0.5279114,0.42708334,2.5849667,0.6212672,0.89989066,0.54385966,3.3556614,3.7804604,2.867979,3.3759556,0.16201532,0.2230052,0.15029325,0.22739232,84.529686,500.38544,781.0835,915.8717,8.5343895,19.05035,24.924923,44.33623,0.97964746,0.7859206,-0.39374197,0.42893443,1.2501969,1.5841141,1.0095774,1.5018497,0.8485371,0.72936136,0.8009072,0.8754153,21.86231,20.823912,20.828249,19.34649
764,2528739572833603643,2.949685,1.4218798,1.4464417,2.7058363,0.7157612,1.6196766,0.8850975,1.2433319,5.268511,2.5007963,0.31292588,1.8517445,0.11111111,0.41304347,0.32291666,0.27118644,0.0,0.0,0.0,0.0,0.23064274,0.21971849,0.3912774,0.26853526,1.4495847,0.5519982,0.39514232,0.6256278,4.2535244e+07,3.8940832e+06,4.0166995e+06,1.8347838e+07,0.0019791455,0.0019036352,0.0010718885,0.0030325688,16.018902,-0.94165134,-0.4918778,3.0035965,0.7674305,0.33654147,0.19916596,0.34246987,10670.527,1438.1562,4181.875,8777.117,20.867739,19.786022,19.359282,18.741293,0.044506222,0.043635357,0.032741543,0.055078372,20.563293,19.519497,19.397484,18.450314,0.24124336,0.49003696,0.46421146,0.6071663,0.5925926,0.13043478,0.17708333,0.16949153,2.301632,0.37210256,1.4801986,0.8888889,1.7482243,0.3584405,0.27821904,0.7173913,1.0303154,0.38926187,0.34748188,0.47916666,1.8838978,0.50328326,0.8947075,0.7457627,5.352007,2.1245766,1.4774494,4.4085827,0.10924074,0.12320949,0.10520314,0.15307872,926.24744,5182.3335,12249.475,11451.31,21.820028,59.730087,96.19282,102.38774,3.441648,0.70929986,-0.13872379,1.4317294,0.9287442,0.8633702,0.6338527,1.0322399,0.7138289,0.820054,0.86470586,0.8756215,20.571148,19.525728,19.071867,18.227184
765,2528739572835963903,3.5627794,0.63528824,1.0310631,0.83018017,0.32608414,0.6326351,0.4132824,0.6055603,10.82089,1.6285828,0.48875746,2.3361974,0.018518519,0.36956522,0.23958333,0.25862068,0.0,0.0,0.0,0.0,0.16088015,0.20019498,0.3411281,0.2782754,2.0067458,0.61005247,0.7450422,0.6729203,6.452855e+07,7.208725e+06,8.595713e+06,3.1741198e+06,0.0023086302,0.00040640717,0.00031492408,0.0006880034,42.63074,-0.72228074,2.4423494,-0.16203618,1.011811,0.3516165,0.41608483,0.3846085,14245.73,939.78516,4223.2344,1403.3789,20.200066,18.900446,18.25694,17.756275,0.048066374,0.020162048,0.017746838,0.026230525,19.96225,18.781195,18.25938,17.596004,0.12656212,0.21953106,0.19975948,0.29790592,0.8148148,0.08695652,0.3125,0.12068965,6.7487526,0.31812546,0.0,0.9814815,0.74346733,0.18031184,0.1681618,0.7173913,0.49036026,0.16935985,0.24289116,0.45833334,0.79813385,0.14413401,0.34371394,0.5862069,6.8615913,0.92915535,1.3593864,1.2648125,0.05974593,0.06571505,0.055445455,0.081545964,1421.3236,5436.166,10409.201,18137.445,23.241156,65.208725,84.564,111.45314,6.232708,0.68848985,0.7581775,0.9062903,0.9709439,0.3810717,0.32400298,0.46575642,0.68376017,0.836773,0.82980967,0.8526226,20.059725,18.973372,18.226133,17.704256
766,2528739572853378586,3.2430506,0.9973335,1.0213842,1.3034515,0.72278786,1.0587444,0.6481838,0.9216175,7.070223,3.3521569,0.39735594,2.3644989,0.09259259,0.26086956,0.29166666,0.22413793,0.0,0.0,0.0,0.0,0.2160214,0.23426507,0.38040936,0.2711496,1.7236032,0.46747476,0.44170508,0.6685401,5.4286916e+07,3.2463688e+06,5.1725685e+06,3.8608938e+06,0.0021574823,0.0011760693,0.0005684727,0.0014002635,27.912598,-0.8147278,-0.24902558,0.23749328,0.8873762,0.301532,0.22217204,0.36773157,12723.992,1359.1914,3960.629,2111.504,20.408846,19.251043,18.693888,18.061523,0.046461526,0.034296185,0.023843566,0.037420906,20.078426,18.958666,18.752216,17.910355,0.118904114,0.3004427,0.3023367,0.40802956,0.6851852,0.08695652,0.20833333,0.13793103,5.974058,0.4927469,0.0,0.9814815,1.3461723,0.2387091,0.27265704,0.7173913,0.73519516,0.23608676,0.27039614,0.42708334,1.290823,0.3172901,0.48406598,0.7413793,6.1938457,1.6223583,1.068882,1.9735374,0.081518374,0.09826374,0.08151838,0.11330459,1806.0895,7222.791,14000.112,18597.338,26.710215,72.55157,99.99804,119.56739,4.7099147,0.8548078,0.07183864,1.0382363,0.9482261,0.6602374,0.44572893,0.6758786,0.6939149,0.85026395,0.8597377,0.8575165,20.162703,19.167086,18.59754,17.853567
767,2528739572855310900,3.3927174,0.014261246,0.98446274,0.030495644,0.016641617,0.007946014,0.010732651,0.009840012,21.14051,0.42780057,34.882042,1.8307152,0.018518519,0.3043478,0.010416667,0.15517241,0.0,1.6150968e-09,0.0,0.0,0.13355234,0.1356839,0.10092221,0.15656962,2.0402467,2.37038,0.99986595,1.7746928,6.726107e+07,2.2748942e+08,1.4201658e+07,7.045939e+07,0.0021881643,6.22191e-08,0.00013132485,2.2791596e-07,53.982273,0.40809774,95.71921,12.466736,1.0201288,1.1852002,1.0059545,0.9134453,13862.297,114.55469,3973.457,91.71484,19.661833,18.220295,17.388987,16.984594,0.046787705,0.0003409273,0.011460298,0.0004956409,19.538458,18.219536,17.368948,16.983406,0.007975578,0.0037088394,0.0052042007,0.0046396255,0.9814815,0.23913044,0.9895833,0.39655173,6.7595673,0.011572475,0.0,0.9814815,0.010631561,0.0035917875,0.004260359,0.6956522,1.9511814,0.007546881,0.0,0.9895833,0.012807846,0.0037967018,0.0092082415,0.6896552,6.757765,0.017547607,1.9508953,0.045391083,0.002149695,0.0012034818,0.0015019221,0.0011852839,60.3218,2.7871225,870.3184,11.325873,2.4592247,1.3548087,6.251367,2.4723501,7.346691,0.5671209,9.776694,2.523723,0.919932,0.0062117963,0.19928296,0.00841826,0.31740585,0.7846297,0.21263473,0.73157907,19.536497,18.220808,17.370142,16.98372
768,2528739572858893140,3.290969,0.5165224,1.0273294,0.6485901,0.23011589,0.47175598,0.31629372,0.44655228,12.928663,1.2392015,0.9985045,2.0820835,0.018518519,0.3478261,0.23958333,0.29310346,0.0,0.0,0.0,0.0,0.14759897,0.18650034,0.30857903,0.2810566,2.0334096,0.62304485,0.85840756,0.6653511,6.5984516e+07,7.012777e+06,9.951331e+06,3.6071698e+06,0.0019716634,0.00023854869,0.00024161828,0.0003779728,47.013252,-0.38213015,8.141695,-0.08375406,1.021839,0.3547174,0.5311902,0.37247303,13217.793,754.35156,4207.9414,1097.4688,20.043278,18.738235,18.048767,17.562819,0.044413723,0.015447774,0.015544772,0.01944229,19.849445,18.657322,18.039745,17.450146,0.081383705,0.16275501,0.15526676,0.21334743,0.8888889,0.13043478,0.33333334,0.12068965,6.331402,0.22598231,0.0,0.9814815,0.54821587,0.14494342,0.15689445,0.7173913,0.40885735,0.14458956,0.25321206,0.59375,0.5879612,0.116695315,0.2508943,0.6034483,6.4079895,0.74695015,1.5373993,0.9978199,0.0429053,0.052565016,0.045479383,0.061341133,1118.3014,3838.8586,8355.388,13227.461,19.60864,55.69292,75.03644,93.78981,6.66503,0.7328277,1.7183889,0.90911806,0.89019656,0.28946403,0.28056398,0.34146142,0.67904145,0.83830696,0.81660515,0.8392773,19.93749,18.818455,18.02873,17.558517
769,2528739572864452261,1.483428,1.78969,1.68017,3.144229,1.2213993,2.0201073,1.1246872,1.7868862,3.5642233,2.9825091,0.55894345,1.9017158,0.26415095,0.3478261,0.32291666,0.2542373,0.0,0.0,0.0,0.0,0.34186324,0.23380014,0.40394223,0.27222565,0.42064917,0.47019693,0.36992162,0.59951955,4.825955e+06,3.383967e+06,4.165267e+06,1.1596763e+07,0.0015384902,0.0033401602,0.0014354035,0.0046640188,0.15429115,-0.8867755,-0.41966438,1.4584377,0.31401286,0.30407065,0.18906473,0.3302886,1956.4492,2304.6602,4761.0117,8244.477,21.20852,20.348925,20.027212,19.25047,0.03928006,0.05780941,0.03789205,0.06834316,20.859568,19.904999,20.185009,18.99681,0.315897,0.602705,0.5100546,0.8719425,0.3018868,0.10869565,0.15625,0.15254237,1.6245804,0.239399,0.55046,0.6981132,2.397482,0.4481372,0.43203422,0.7173913,1.2564964,0.47817013,0.37164778,0.46875,2.4101772,0.6269745,1.0374324,0.7288136,2.3589382,2.748415,1.9489384,4.913336,0.13149932,0.17223316,0.12561159,0.20002931,647.2245,3048.519,7636.685,6946.8066,19.636856,45.451702,79.10422,97.53089,1.1239142,0.79743755,-0.2930439,1.1901056,0.833072,1.1763593,0.75887215,1.315638,0.74205357,0.8125422,0.8405063,0.8930105,20.779913,19.800081,19.522362,18.383804
770,2528739572877353689,1.5457335,1.7568731,1.7517242,2.2458143,1.0972729,2.0145836,0.95456314,1.6880074,2.148354,2.4591515,0.8726184,1.4459181,0.26415095,0.36956522,0.28125,0.3275862,0.0,0.0,0.0,0.0,0.32170346,0.22698568,0.39472553,0.29753435,0.49650747,0.47797298,0.470102,0.6679615,4.732806e+06,4.80116e+06,5.242487e+06,3.6285955e+06,0.0014456498,0.003106368,0.0012592373,0.003475428,0.54310465,-1.0112562,0.005317688,-0.39942408,0.33653536,0.31328443,0.24029344,0.37971902,1621.4648,2397.4219,4985.7344,3379.1172,21.282583,20.45019,20.112053,19.280382,0.038072858,0.05575121,0.03549174,0.05895981,21.038246,19.996094,20.263279,18.996592,0.38020897,0.6207409,0.4279585,0.79765224,0.24528302,0.2173913,0.16666667,0.12068965,1.5345039,0.3243345,0.5931263,0.7169811,2.3104248,0.4780173,0.34146538,0.7173913,1.2017899,0.46184757,0.37828258,0.375,1.9742603,0.45771864,0.75187624,0.6034483,2.3679028,2.6328754,2.177866,3.1689224,0.13083589,0.16517432,0.11529723,0.18321313,691.064,2836.7593,6406.619,6062.8184,21.303602,43.01996,68.11156,83.02733,1.1204033,0.6806082,-0.45945597,0.7103671,0.8102888,1.1401228,0.7138117,1.1367676,0.7793599,0.79660064,0.826981,0.8859211,20.875702,19.882671,19.65592,18.515343
771,2528739572935472653,2.495657,2.5264578,2.7034798,2.9573078,0.9507179,2.7598705,1.3774185,2.1657658,1.0283906,1.1327,0.41328943,0.5492298,0.26086956,0.45652175,0.30526316,0.3859649,0.0,0.0,0.0,0.0,0.26823637,0.23437284,0.3981609,0.33412734,0.8935912,0.55787843,0.46626797,0.6197481,1.7022172e+07,8.158785e+06,4.2664315e+06,8.1301765e+06,0.001511548,0.0041970764,0.0020700141,0.0042015114,2.5999541,-1.0145605,0.14777803,-0.82772255,0.5592304,0.35436553,0.24676302,0.34271684,3534.2812,3990.25,5210.535,5540.1797,23.036083,22.56709,22.513115,21.46396,0.040789694,0.06650055,0.046222713,0.06545288,22.885689,22.313484,22.621418,21.254753,0.46416092,1.1932898,0.6948643,1.10713,0.2826087,0.13043478,0.18947369,0.14035088,1.8269787,0.5337273,0.81492746,0.8043478,2.8413677,0.7694905,0.5794286,0.6956522,1.6965828,0.68362004,0.54971385,0.43157893,2.423092,0.6899625,0.7461895,0.5614035,3.504633,3.1966057,3.029625,3.4430885,0.13066241,0.20267317,0.15370832,0.20270537,25.980404,202.36714,323.12482,375.82648,4.4376907,12.72514,14.878747,21.971132,1.1613879,0.4524399,-0.4234929,0.23893562,0.93963474,1.500724,1.0406172,1.404878,0.8689748,0.76545554,0.77319175,0.83592904,22.70578,21.291605,21.341156,19.92649
772,2528739572972382856,2.2713327,2.3650656,2.5543594,2.8656235,1.2780838,2.0494328,1.1848011,2.0413876,0.597817,0.8552214,1.1014503,0.44823146,0.29787233,0.4047619,0.26595744,0.37931034,0.0,0.0,0.0,0.0,0.19133645,0.18637927,0.3765591,0.3345651,0.6942919,0.6746519,0.5977539,0.56879485,1.867212e+07,7.8948955e+06,6.8850535e+06,6.3280495e+06,0.0015716586,0.003237244,0.0014864493,0.004050032,0.5766077,-0.6560128,1.2793865,-0.8195052,0.39080212,0.45537883,0.31475154,0.33196852,5063.414,2366.664,5820.2812,4969.1523,23.534971,22.79459,22.913052,21.827127,0.043338206,0.060152464,0.039555687,0.06453217,23.442566,22.633972,23.074886,21.716457,0.6236286,0.9681463,0.5507946,1.0948133,0.19148937,0.14285715,0.24468085,0.12068965,1.6646404,0.5228114,0.7850066,0.63829786,2.5837097,0.7740851,0.700489,0.7380952,1.5099373,0.6963209,0.44824785,0.35106382,2.380352,0.72852105,0.78376734,0.55172414,2.9375324,2.958271,3.4522076,3.0764408,0.14296389,0.1943714,0.124938026,0.20304966,24.11372,100.567764,195.62166,226.25377,4.7671847,8.867362,9.109601,17.191288,0.7766653,0.55720097,-0.9085879,0.2013159,1.0199634,1.3711507,0.9063415,1.4085519,0.8548026,0.764374,0.7191023,0.8236347,22.879322,21.676731,21.730879,20.213005
773,2528739579204555363,4.0978527,1.2494936,1.2421665,1.5791159,0.79755783,1.2700062,0.8202095,1.21665,7.811233,3.564677,0.31717852,2.4119756,0.0754717,0.25531915,0.29166666,0.23728813,0.0,0.0,0.0,0.0,0.197821,0.23813464,0.39071974,0.28420132,1.7933476,0.46409276,0.3159949,0.60641503,5.899967e+07,3.9530732e+06,4.394293e+06,3.3906432e+06,0.00415564,0.00199122,0.0008708339,0.0023553858,31.389067,-0.6901443,-0.36418533,-0.17763615,0.9184322,0.3036963,0.19082831,0.33852005,16010.348,1707.0273,3346.4062,2509.4414,18.285551,18.124926,18.371881,18.083584,0.06446733,0.04462345,0.029510368,0.048533093,17.918076,17.785147,18.432787,17.899841,0.17001343,0.3556652,0.40011024,0.56043434,0.6981132,0.12765957,0.19791667,0.15254237,7.5933475,0.5546439,0.0,0.9811321,1.6654453,0.28019387,0.3434549,0.7234042,0.8929424,0.29911846,0.3197415,0.4375,1.6709251,0.41195673,0.57680464,0.7288136,7.8175526,2.0276089,1.2516823,2.298355,0.10607701,0.1316004,0.10281217,0.14626595,35361.094,50411.7,34274.527,25574.402,126.604294,184.80928,159.56567,153.63034,5.0961885,0.9153095,-0.011980532,0.92262113,1.1788207,0.8087967,0.542161,0.8776522,0.7212276,0.83952004,0.8600523,0.88895327,17.984623,17.912312,18.203465,17.681755
774,2528739579205438359,2.7471237,2.043623,2.2980728,2.5474567,1.3341312,2.5558815,1.2176228,2.009674,1.4301665,1.7499679,1.0335071,0.79553384,0.18867925,0.4680851,0.28421053,0.33898306,0.0,0.0,0.0,0.0,0.23313305,0.21239899,0.3920982,0.33167955,1.1730244,0.55957717,0.371842,0.514884,3.117616e+07,6.267446e+06,3.554555e+06,4.1250205e+06,0.0027631843,0.004264331,0.00189373,0.004621645,2.9230297,-1.1109962,0.17735839,-0.8656194,0.66450644,0.36170426,0.24184571,0.2826873,9366.195,2548.3828,4339.0312,4218.297,20.040756,20.157993,20.717648,20.209612,0.052570645,0.065313004,0.04353432,0.06802746,19.846157,19.715343,20.87338,19.924572,0.6171951,0.8100128,0.5742912,0.9920578,0.2264151,0.17021276,0.15789473,0.118644066,1.8186932,0.4613295,0.93492854,0.6981132,2.60915,0.6661302,0.2988174,0.7234042,1.486208,0.64461315,0.42420253,0.4105263,2.3712273,0.6233877,0.78542554,0.55932206,4.1804504,2.7976933,2.880577,3.04492,0.16640086,0.20001242,0.14925826,0.21535754,8157.0464,9041.356,5033.377,2817.7786,83.54426,76.83087,59.52348,57.979977,1.4261425,0.49061143,-0.65645194,0.3425688,1.0535555,1.3165791,0.9019287,1.3748085,0.8416604,0.79010516,0.8099326,0.8545723,19.533604,19.19679,19.852192,18.888823
775,2528739579218579211,3.6366653,0.818099,2.33805,1.1660175,0.427042,0.90594673,0.46771812,0.78759766,9.475128,2.2392156,3.8377097,2.4672673,0.018867925,0.38297874,0.17708333,0.23728813,0.0,0.0,0.0,0.0,0.15771274,0.20096453,0.2687612,0.28409758,2.0082638,0.5687875,1.2150447,0.6220874,6.6621824e+07,5.9969495e+06,3.9037976e+07,3.0376268e+06,0.0031139355,0.0007993998,0.0008540465,0.0012718356,40.610348,-0.873842,27.90646,-0.23158908,1.0149099,0.33417863,0.61886704,0.35371056,14523.016,1198.8711,15199.094,1798.418,18.001013,17.72387,17.876291,17.695358,0.055803247,0.02827398,0.029224765,0.035663296,17.79895,17.544434,17.86496,17.476238,0.1956482,0.28912735,0.22498417,0.382061,0.7735849,0.10638298,0.5104167,0.118644066,6.869358,0.3479031,0.0,0.9811321,1.0063,0.22449902,0.1745179,0.7234042,3.8067265,0.3511147,0.0,0.9895833,1.0882092,0.19284816,0.4650659,0.59322035,6.9418087,1.2199783,3.7784061,1.7566586,0.076857075,0.08810431,0.06922661,0.10976535,26221.072,48061.07,25949.43,31254.824,120.03818,185.06026,132.10126,149.18932,6.0429873,0.6986943,3.943337,0.9006614,1.0045149,0.5011243,0.5224304,0.6310748,0.7484163,0.84966385,0.8206899,0.8548326,17.830256,17.732773,17.795572,17.52913
776,2528739579245204193,3.4095888,0.009851456,1.2981977,0.01634407,0.010017395,0.0077552795,0.009868622,0.008544922,20.866573,0.561703,33.665993,0.34815177,0.018867925,0.34042552,0.020833334,0.23728813,0.0,0.0,0.0,0.0,0.13476063,0.1924465,0.10239385,0.24275376,2.038322,2.2470245,1.9727789,1.6089791,6.976162e+07,1.5499202e+08,6.882963e+07,6.6168572e+07,0.0029038717,7.096443e-08,0.00026254987,1.3100647e-07,52.986305,-0.73429656,83.95929,0.50083566,1.0191617,1.1239246,1.0157678,0.8127686,13923.754,53.078125,10572.789,48.820312,17.335146,16.828705,16.74165,16.691881,0.05388783,0.00028340434,0.016203616,0.00037918956,17.205507,16.829105,16.706202,16.691914,0.0049648285,0.0034770966,0.0049505234,0.004190445,0.9811321,0.06382979,0.96875,0.23728813,6.8003254,0.010403917,0.0,0.9811321,0.0081653595,0.0025681595,0.0023021973,0.4680851,2.5711517,0.06912204,0.0,0.9895833,0.009849548,0.003826899,0.004081449,0.4915254,6.801655,0.011163712,2.5798168,0.017990112,0.002294848,0.0009065771,0.0016810405,0.0012956829,3247.9302,12.304345,4590.487,12.1888485,12.621004,2.9134834,15.103309,2.733891,7.2787232,-0.17839164,8.990123,-0.001991817,0.9341534,0.004769328,0.27127525,0.006329387,0.22117813,0.8228859,0.24449383,0.7758392,17.206985,16.828331,16.712397,16.691597
777,2528739579255614909,3.2549963,0.6749916,2.0903797,0.9060888,0.36839867,0.6501217,0.39904022,0.6134529,10.994622,3.6379833,5.0605206,2.7124503,0.018867925,0.27659574,0.13541667,0.22033899,0.0,0.0,0.0,0.0,0.16281311,0.22164445,0.25573453,0.2762281,1.971812,0.473033,1.3104004,0.59307253,6.6190188e+07,3.2923128e+06,4.42636e+07,4.1216922e+06,0.0025382554,0.0005928784,0.000691102,0.0007357165,43.730442,-0.7653289,36.86667,0.11674714,0.9947027,0.30192596,0.66116375,0.32528538,12955.961,894.3281,14473.625,1443.2188,17.797974,17.485235,17.585773,17.385984,0.05038136,0.02434939,0.026289232,0.02712452,17.57191,17.289822,17.582598,17.2579,0.10972786,0.18492317,0.19659233,0.27202225,0.7735849,0.12765957,0.5208333,0.13559322,6.2395134,0.26617873,0.0,0.9811321,0.87506294,0.15315472,0.17393142,0.7234042,3.6001034,0.2820747,0.0,0.9895833,0.91926193,0.21609019,0.32048377,0.7457627,6.347851,1.1064091,3.5657806,1.3987083,0.05278776,0.06820778,0.057346303,0.08381684,21588.098,45036.836,22451.637,29314.252,100.94622,173.74207,125.82782,139.14346,6.3555813,0.8840185,4.8517547,1.0345807,0.8966861,0.42575482,0.46231648,0.4715865,0.7569574,0.86112237,0.8460401,0.8294392,17.657982,17.504576,17.529305,17.326792
778,2528739579546295621,3.6546469,2.5305948,2.56567,2.7182322,1.9376717,2.8640804,1.3071213,2.7924519,2.525817,1.6497856,0.61373526,0.86191535,0.30769232,0.42553192,0.29473683,0.44067797,0.0,0.0,0.0,0.0,0.31972486,0.22202177,0.39009434,0.35229406,0.6333665,0.48864973,0.4639305,0.5434515,9.709825e+06,6.508397e+06,5.109628e+06,6.360095e+06,0.00407423,0.0050604846,0.0021654244,0.005183284,3.2919512,-1.1050463,0.32328963,-1.2111224,0.37054893,0.3344937,0.2577096,0.28794202,6454.035,3192.3438,5708.629,5025.4727,21.2293,21.639952,22.340889,21.54649,0.06570092,0.071383804,0.04698802,0.07257858,20.720922,21.342403,22.48092,21.522076,0.54508877,1.0436974,0.68567085,1.4304562,0.40384614,0.06382979,0.17894737,0.15254237,2.6203804,0.47986516,1.1225426,0.71153843,3.0381088,0.79730254,0.40686688,0.7234042,1.7024517,0.70978326,0.5580894,0.42105263,2.694477,0.7609762,0.80153203,0.5084746,5.987238,3.3152275,3.0324173,2.7764454,0.1960645,0.20831156,0.15937579,0.21636944,1196.4153,1102.65,556.68555,429.26474,31.675991,30.199902,18.615305,30.15319,1.5395043,0.49798036,-0.47454336,0.05588868,1.3947845,1.5447421,1.0497541,1.5638136,0.8446465,0.7517437,0.77221376,0.837712,20.432636,20.2615,20.98575,19.700464
779,2528739579614058330,3.3737469,1.6747389,1.7502794,2.0870132,0.9092331,2.0953522,1.0692291,1.6598091,4.046824,2.2802615,0.5645594,1.3881667,0.094339624,0.42553192,0.30208334,0.3220339,0.0,0.0,0.0,0.0,0.19771077,0.22115162,0.39483497,0.31264728,1.5952758,0.5069858,0.38874397,0.56614643,4.8373196e+07,4.659909e+06,4.321733e+06,3.6219045e+06,0.00311584,0.0031756272,0.0014783198,0.0036000726,15.408662,-1.0682969,-0.3211093,-0.7169633,0.8443976,0.32384464,0.23907185,0.32099384,12608.555,2165.754,4041.7578,3429.0352,19.019217,19.030174,19.423271,19.032806,0.055820733,0.056354024,0.038450766,0.060004927,18.743391,18.726404,19.490479,18.695066,0.3781128,0.5996895,0.5303469,0.83327484,0.4528302,0.12765957,0.14583333,0.118644066,2.7553005,0.48807287,1.8053763,0.9056604,2.1714134,0.48655635,0.2501392,0.7234042,1.2421856,0.47256812,0.38787583,0.41666666,2.000908,0.4629606,0.70283717,0.59322035,5.9663486,2.3101177,2.0651932,2.8386993,0.14402436,0.16278492,0.12464535,0.1887546,20547.645,27391.645,19660.793,10248.9,116.35424,139.23442,121.23074,102.08825,3.3202105,0.6032786,-0.37788075,0.5800698,1.0616666,1.0724269,0.74683964,1.1420622,0.7866715,0.8261707,0.83947027,0.8696376,18.686705,18.533726,18.960825,18.244278
780,2528739579623210518,2.115037,2.2831135,2.3830366,2.7449694,1.5908184,2.685461,1.1539421,2.2611141,1.049814,1.7904689,0.9739717,0.55059564,0.32692307,0.4893617,0.3125,0.33898306,0.0,0.0,0.0,0.0,0.28997096,0.21880023,0.3858634,0.34211707,0.50829804,0.46642724,0.45600057,0.5182679,7.545725e+06,6.822207e+06,4.985816e+06,5.0077425e+06,0.002475551,0.0047917585,0.0018398346,0.0046613757,-0.19340825,-1.1389074,0.6152227,-0.7914834,0.35579434,0.31787258,0.2850058,0.3004313,2499.1797,3264.6562,4800.2812,3993.5547,20.699127,20.97488,21.590738,20.920923,0.0497756,0.06928969,0.04298373,0.068445794,20.515467,20.570808,21.778576,20.73764,0.75459766,1.029665,0.5555191,1.1133614,0.1923077,0.14893617,0.25,0.13559322,1.8918724,0.5012742,0.61631113,0.6923077,2.814764,0.70841783,0.49781993,0.70212764,1.5160275,0.6873854,0.43600228,0.40625,2.4523678,0.7150555,0.77734023,0.55932206,2.7016296,3.0458565,3.2751617,3.1407413,0.16773696,0.20144899,0.14244911,0.22934918,2857.6213,2895.262,1634.4385,1014.61346,52.11952,44.861557,30.007412,37.413586,0.69017416,0.48569202,-0.75036657,0.25392035,1.0303115,1.4533429,0.92805046,1.4319493,0.85551035,0.78041464,0.7515736,0.8474667,20.098442,19.845549,20.543833,19.379627
781,2528739579840449195,1.050622,1.107688,1.0255241,1.4076166,0.86205864,1.5252972,0.6902199,1.1193466,2.0694783,1.8445028,2.5016975,0.98466593,0.3265306,0.4888889,0.25,0.3272727,0.0,0.0,0.0,0.0,0.34344268,0.19466835,0.40838438,0.32646352,0.43816113,0.44266683,0.33182117,0.7067954,5.494545e+06,5.0797665e+06,4.567332e+06,4.7384515e+06,0.0007692823,0.0013777167,0.0005246224,0.0013954226,-0.24439645,-1.4611346,0.13101077,-0.71213675,0.3171725,0.28753138,0.25564173,0.40197957,1163.0938,1570.3438,2304.5664,2293.3203,20.994286,20.676914,20.57703,20.085533,0.027770944,0.037137095,0.022920638,0.037381094,20.767462,20.461126,20.742117,19.955395,0.2935772,0.57517815,0.26702595,0.61416435,0.24489796,0.11111111,0.16666667,0.12727273,1.0933723,0.21264625,0.36402312,0.67346936,1.4175911,0.35275468,0.2880779,0.62222224,0.83343315,0.33025277,0.1895221,0.35714287,1.3031311,0.3223267,0.45208234,0.58181816,1.5394402,1.3676949,1.5600224,1.7576637,0.0934963,0.10414334,0.0746968,0.12121111,822.45044,1369.604,1008.2806,804.42535,20.378592,30.80912,26.129107,26.204489,0.873401,0.27451497,-0.9000539,0.49285826,0.5830311,0.76788056,0.47163865,0.7508192,0.71296936,0.82342714,0.8351869,0.8559247,20.782557,20.458881,20.47847,19.742104
782,2528739579846433942,1.0863552,1.177391,1.056593,1.383481,0.8504524,1.4794216,0.7128372,1.1432762,1.9880264,1.6342939,1.8015412,0.7640412,0.26530612,0.46666667,0.29761904,0.34545454,0.0,0.0,0.0,0.0,0.34452763,0.19835952,0.41123888,0.3352879,0.43500996,0.44182637,0.28997105,0.68168527,7.0087115e+06,5.513424e+06,3.8185738e+06,5.1149905e+06,0.0007600571,0.001436069,0.0006112057,0.0013701922,0.009838343,-1.399682,-0.07655406,-0.8050966,0.32809153,0.28078365,0.23806792,0.37765247,1327.2578,2150.2578,2409.2656,2362.9492,21.066822,20.760536,20.6435,20.187883,0.027608108,0.037917625,0.024739482,0.037046805,20.855936,20.618685,20.791004,20.086882,0.28392982,0.672842,0.34127808,0.5996914,0.24489796,0.13333334,0.13095239,0.12727273,1.0917339,0.22920112,0.38714057,0.6938776,1.4895821,0.39802453,0.18566537,0.6666667,0.88495636,0.35245198,0.19911428,0.39285713,1.2975521,0.34446275,0.42620865,0.58181816,1.5618,1.441742,1.5350819,1.6386337,0.0906982,0.106994376,0.08005037,0.11715151,644.0964,1244.3618,1028.8727,711.49176,18.202593,28.52757,26.744064,24.677994,0.9494998,0.28706753,-0.79298496,0.39628878,0.5816151,0.7871902,0.51070946,0.7478966,0.72817844,0.8184003,0.8409848,0.84814566,20.889868,20.528692,20.509665,19.840727
783,2528739579869464114,0.39405346,0.40902996,0.3653221,0.500227,0.3272171,0.5436306,0.25699615,0.39583588,3.0533133,1.6746606,1.8743554,1.0300635,0.2244898,0.46666667,0.2857143,0.3090909,0.0,0.0,0.0,0.0,0.35064423,0.19972475,0.41078654,0.31712863,0.4125299,0.43849713,0.30014622,0.7301248,5.12154e+06,5.2658245e+06,4.335069e+06,4.6495425e+06,0.0001276382,0.00020787696,8.10247e-05,0.00019889149,0.055361032,-1.431356,-0.29783988,-0.58322144,0.30083314,0.27972275,0.22292656,0.40987137,460.03125,643.3125,816.71484,811.71875,19.88295,19.313028,19.020483,18.734062,0.011311124,0.0144245,0.009005626,0.014109304,19.779654,19.259836,19.08411,18.695723,0.09380531,0.23778343,0.10521984,0.19854927,0.3265306,0.11111111,0.14285715,0.10909091,0.42489815,0.063205615,0.15374403,0.67346936,0.51273537,0.12808582,0.10923251,0.62222224,0.29748344,0.11431095,0.069864444,0.39285713,0.4625721,0.11859677,0.16292953,0.6181818,0.62748337,0.5009136,0.50860023,0.6422577,0.03655944,0.040565867,0.02924571,0.04456994,1024.2535,1661.5222,1068.4244,1407.8805,20.818602,36.76843,27.289747,30.767445,1.0735983,0.29397616,-0.71343154,0.58715403,0.22489852,0.27858078,0.17129135,0.26432458,0.7483009,0.88346225,0.8556904,0.83546466,19.873632,19.38803,19.04405,18.7755
784,2528739579966555903,0.7761564,0.8334408,0.7444773,1.0440845,0.56277466,1.089735,0.49566078,0.7942314,2.0658844,1.7907021,1.825737,1.1746048,0.24489796,0.44444445,0.27380952,0.29090908,0.0,0.0,0.0,0.0,0.33743346,0.19887428,0.40656838,0.3130938,0.49759132,0.4537076,0.32097104,0.7680953,5.233357e+06,6.453625e+06,4.0333225e+06,4.531938e+06,0.00041249522,0.00078830874,0.00030247195,0.00080400787,0.25250483,-1.4085717,-0.16792011,-0.37449145,0.34916136,0.28667107,0.24482621,0.43935025,877.1094,1631.9453,1592.8867,1735.7344,20.392065,19.957832,19.739267,19.366323,0.02032571,0.028084602,0.017397307,0.028363751,20.246695,19.839247,19.851215,19.268559,0.22087097,0.43868065,0.21292973,0.40616798,0.2244898,0.08888889,0.1904762,0.10909091,0.78858185,0.16775148,0.28700307,0.71428573,1.0690556,0.27085707,0.13812037,0.6666667,0.58842087,0.23971783,0.13436715,0.4047619,0.9696312,0.24191526,0.35077214,0.6363636,1.1520615,1.0472641,1.0389938,1.3754768,0.06881848,0.079052605,0.056947924,0.09234297,1376.5273,2339.1611,1810.2483,1652.7325,25.476645,40.985897,34.966736,34.753635,1.0470284,0.34031788,-0.7574588,0.6908426,0.4144832,0.5605078,0.3434101,0.54930156,0.71587807,0.8466379,0.8433176,0.8429511,20.315231,19.931583,19.729668,19.249022
785,2528739580002191858,2.1448402,2.155262,1.9321661,2.2658014,1.1349449,2.252037,0.92069054,1.6908112,0.6424427,1.1062192,2.0697274,0.40795606,0.35416666,0.4318182,0.25,0.35185185,0.0,0.0,0.0,0.0,0.29638603,0.18798804,0.38047427,0.34429577,0.6936364,0.46929497,0.45644423,0.6892198,2.0701432e+07,1.3748474e+07,5.5048365e+06,1.2293586e+07,0.0017080543,0.0028021843,0.0010291516,0.0023447657,-0.10147953,-1.0318666,1.0263152,-0.6992748,0.43497342,0.28993303,0.33055538,0.37515157,4402.992,5342.5234,3980.2227,4273.2812,22.903389,22.755568,22.88948,22.15347,0.04249285,0.05427636,0.032940976,0.05135141,22.728577,22.524364,23.1087,22.056824,0.5287247,1.0633583,0.39948368,0.8665533,0.22916667,0.13636364,0.29761904,0.14814815,1.7463627,0.54959035,0.57553494,0.7083333,2.3187485,0.6249343,0.47606784,0.6818182,1.334547,0.5857735,0.3411899,0.30952382,1.9556828,0.6041014,0.6256554,0.6111111,2.3929138,2.8494759,2.615881,2.6273365,0.14513424,0.16614081,0.1134673,0.16673614,241.31828,90.00885,69.09323,52.332092,9.224524,7.837622,6.239977,7.5042753,0.45789987,0.44148648,-1.032728,0.3122734,0.9732303,1.2350893,0.7540018,1.1376119,0.69497615,0.79798615,0.7690921,0.8570075,21.903412,21.969654,22.334127,21.14567
786,2528739580022507659,1.7513905,1.8956823,1.6538591,2.3682594,1.2742901,2.2009335,1.023407,1.8494282,1.191554,1.4181333,2.2163236,0.5423951,0.2857143,0.46666667,0.29761904,0.34545454,0.0,0.0,0.0,0.0,0.33254144,0.19674885,0.39595792,0.34041235,0.54179484,0.43619907,0.35385275,0.7550363,1.0396647e+07,5.785584e+06,4.891075e+06,8.975053e+06,0.001369446,0.0028521854,0.0011030276,0.0026318207,-0.21777534,-1.303434,0.702415,-0.69101834,0.38340265,0.29376304,0.2821429,0.43820503,2124.8984,3488.1016,3704.5117,3417.2656,22.40138,22.222637,22.26107,21.662312,0.03743942,0.053727802,0.033455048,0.052513853,22.128956,22.00462,22.442816,21.459888,0.49741173,1.0377254,0.43459797,0.8399334,0.2857143,0.11111111,0.1904762,0.14545454,1.5401249,0.40249133,0.5161422,0.6938776,2.2519016,0.5991048,0.33866206,0.6666667,1.3364372,0.5621387,0.32637218,0.30952382,1.9469604,0.5431975,0.65109885,0.56363636,2.3490868,2.3410091,2.459917,2.9123135,0.1166057,0.15443914,0.10986157,0.16497727,102.13784,235.63004,196.73987,125.39945,8.26521,12.606082,10.829526,11.188767,0.71364576,0.31404066,-1.0501202,0.331946,0.8386947,1.1939734,0.74474514,1.1375715,0.79848874,0.7977863,0.78821844,0.84863865,22.022192,21.449514,21.74094,20.682585
795,2528739611181863372,0.33172703,1.9994488,0.24520302,0.23469067,0.36224937,0.10643196,0.23194122,0.13070488,2.8911262,11.558687,2.210733,0.5766489,0.35416666,0.04347826,0.4318182,0.2857143,0.0,0.0,0.0,0.0,0.45700365,0.17186552,0.43598372,0.26709577,0.11198261,2.0065882,0.12256246,1.060589,9.801019e+06,2.3667186e+08,2.151725e+06,4.024313e+07,7.742968e-05,0.0008544867,3.515893e-05,1.5617628e-05,-1.5112402,28.899632,-1.2219882,0.5952027,0.11083834,1.008508,0.09505299,0.66069055,913.75,15484.156,498.3047,844.9414,21.32778,21.08994,21.028826,21.013533,0.00899415,0.029500682,0.0060890918,0.0049070683,21.257326,20.96369,21.048485,21.007448,0.12071037,0.053705215,0.10890961,0.06647205,0.041666668,0.8043478,0.10227273,0.17857143,0.35622597,0.066382654,0.07612621,0.5625,2.789322,0.110019185,1.4193723,0.95652175,0.2308197,0.05012174,0.06221627,0.42045453,0.17363167,0.05694245,0.07537562,0.6785714,0.37222672,3.7979412,0.24719429,0.28476524,0.0227807,0.033375457,0.016943913,0.01681004,80.36954,25.81798,25.154581,5.9888015,7.3300886,3.5765119,4.341845,1.7556633,0.23022716,5.1976366,-0.07721499,0.7190731,0.19182526,0.6221676,0.12804645,0.103114836,0.8326075,0.71054995,0.8730204,0.7242427,21.295444,20.996504,21.040062,21.053984
797,2528739633249740649,0.5368414,0.60073566,0.6521578,0.7784796,0.40305138,0.6969223,0.40987778,0.53642654,3.7999344,2.6007009,0.47974196,2.3759542,0.16981132,0.26666668,0.28089887,0.23214285,0.0,0.0,0.0,0.0,0.3785205,0.2241189,0.37784445,0.26869187,0.25521198,0.47782487,0.25578818,0.61762947,2.103109e+06,1.2594902e+07,2.750697e+06,6.0299595e+06,0.0002379684,0.00038109475,0.00016743483,0.000411907,0.61975074,-1.077857,-0.13298655,-0.06400609,0.20463441,0.31459284,0.2007542,0.34001344,601.3867,1324.6367,890.2969,1326.8203,20.355331,20.504833,20.480183,20.222887,0.015448161,0.01955307,0.012963046,0.020337567,20.228474,20.366085,20.52139,20.156029,0.12677002,0.23921776,0.17316437,0.27431583,0.16981132,0.06666667,0.2247191,0.125,0.606081,0.10165519,0.24036685,0.7169811,0.7840042,0.16323793,0.16299783,0.6888889,0.44773102,0.12731151,0.1663163,0.37078652,0.828701,0.20255104,0.245837,0.76785713,0.89650345,0.88476944,0.704813,1.1259842,0.051626477,0.05468634,0.044256132,0.061195657,990.04944,459.08,317.30692,279.48947,20.466574,18.420404,14.497944,13.475451,1.2823948,0.6691085,0.07190351,0.9640829,0.31445244,0.40093246,0.26548555,0.41128433,0.68523765,0.8658943,0.82732224,0.81426394,20.288868,20.52126,20.46211,20.22861
798,2528739633295304531,0.15957355,0.5075178,0.06542969,0.14232635,0.10943222,0.04953766,0.03869629,0.030679703,1.625307,8.8479805,0.20336287,1.7169305,0.3018868,0.022222223,0.3258427,0.16071428,0.0,0.0,0.0,0.0,0.43694445,0.13880216,0.39882454,0.18742613,0.4741687,2.0734806,0.4097792,1.968918,4.0166592e+06,1.4048816e+08,8.454859e+06,9.054313e+07,1.1503172e-05,5.4357028e-05,1.663239e-06,3.1723498e-06,-0.20109272,36.458286,-0.3873484,11.209226,0.23777145,1.0420614,0.21780851,0.98453534,201.86406,2078.793,153.25781,531.4844,19.964237,19.927473,19.750084,19.596956,0.003451362,0.007424702,0.0013791665,0.0019867541,19.945423,19.893557,19.752295,19.592747,0.069215775,0.02176094,0.018798828,0.01539135,0.11320755,0.7777778,0.15730338,0.42857143,0.12151146,0.030796833,0.03389712,0.5471698,0.94514656,0.045684475,0.0,0.9777778,0.044895172,0.015118278,0.015617688,0.47191012,0.06349182,0.020705104,0.04576253,0.76785713,0.22369766,0.9580612,0.066482544,0.20131874,0.009304642,0.0077825855,0.0045240917,0.0044484935,81.919685,36.719906,10.245868,4.7797995,7.3298945,3.9229238,2.620478,1.6334982,0.32100722,5.781593,0.005474236,2.2388391,0.06890381,0.14795555,0.027238654,0.038934335,0.8025843,0.7238637,0.82013106,0.75590074,19.945623,19.91638,19.750357,19.598455
799,2528739645783852786,1.3780775,1.379529,1.1666517,1.4812145,0.64178467,1.4947605,0.60310936,1.0668087,1.6891035,1.3157564,1.3590058,0.43700227,0.26923078,0.40425533,0.23958333,0.33898306,0.0,0.0,0.0,0.0,0.30358538,0.18959284,0.36643025,0.30516198,0.5115469,0.6811931,0.4935197,0.6751178,1.1885279e+07,2.5210536e+07,5.5030585e+06,8.43264e+06,0.00038674058,0.0009973202,0.0004024836,0.0009345022,0.38337135,-0.82225084,0.6319864,-0.6333742,0.34306934,0.40692315,0.2910987,0.37479696,2246.6875,3087.0312,2500.3594,1686.75,23.54439,23.025099,22.918764,22.334278,0.026053727,0.03321162,0.021159882,0.03184325,23.372395,22.879576,23.028568,22.273863,0.22472095,0.6000004,0.27283,0.5530968,0.32692307,0.25531915,0.19791667,0.13559322,1.1359901,0.3331797,0.38034144,0.7307692,1.4318981,0.37983006,0.32594824,0.68085104,0.81881714,0.367823,0.24705507,0.33333334,1.2117119,0.3849312,0.38418582,0.59322035,1.6582413,1.820612,1.5282097,1.4843025,0.09772483,0.10153419,0.07305898,0.10591913,8.6480255,18.052061,15.375806,19.76286,2.073693,3.287028,3.0442913,3.6943214,0.52403915,0.4746231,-0.81484073,0.20258242,0.6134191,0.7647008,0.48495832,0.71119595,0.69306076,0.78258455,0.7921152,0.79181576,23.358875,22.80451,22.790997,22.011583
800,2528739646245992429,1.3522911,1.1102743,1.3353405,1.4695597,0.7233753,1.3451805,0.5508957,1.1736813,1.1481249,1.1540229,2.0486295,0.69563794,0.26923078,0.4893617,0.23157895,0.3898305,0.0,0.0,0.0,0.0,0.2640888,0.19338161,0.36315173,0.32701486,0.8282166,0.49657282,0.3999006,0.6448936,4.815025e+07,1.2188529e+07,4.216049e+06,9.721649e+06,0.00050113286,0.00094302883,0.00047242007,0.0011692757,0.47019625,-1.3683842,1.6139786,-1.0279813,0.5216433,0.3081308,0.35160482,0.34708956,7048.6406,2106.6484,2997.4102,3639.7422,23.09383,22.59175,22.51416,21.928352,0.02400691,0.03145776,0.022215685,0.034800757,22.981201,22.572367,22.642845,21.860317,0.32153702,0.7139702,0.22805595,0.586607,0.3653846,0.14893617,0.2631579,0.118644066,0.98264694,0.3004013,0.34849185,0.6923077,1.2562103,0.40620172,0.25284803,0.61702126,0.8398342,0.41166228,0.24239567,0.3263158,1.3252869,0.3810327,0.37887987,0.55932206,1.3595638,1.1399689,1.8913498,1.4964142,0.07966358,0.089486845,0.071180314,0.10668721,21.182816,46.410023,37.744278,43.157505,3.319359,5.2890353,4.4911594,5.90943,0.42624527,0.043822538,-1.0392591,0.15177281,0.55441153,0.7106858,0.5001675,0.7631233,0.69931597,0.7861454,0.7572306,0.8408703,22.930191,22.385466,22.384163,21.556524
804,2528739659513560222,1.545433,1.6063356,1.9379396,1.5006037,0.5571518,1.4076118,0.89417267,1.3019714,1.1891317,0.710703,0.8822355,0.46663913,0.20512821,0.38235295,0.30864197,0.47619048,1.9448887e-12,0.0,0.0,0.0013390848,0.20214732,0.21316333,0.33504423,0.3273783,1.0451456,1.0972909,0.68899864,0.7969645,3.8036244e+07,3.558962e+07,9.138336e+06,1.6934986e+07,0.00044882667,0.0011028096,0.00023474591,-0.00011226258,2.7086322,-0.9686971,0.962615,-0.90322614,0.54425114,0.6156356,0.4603301,0.42758808,2091.461,2914.539,2892.711,1988.6328,23.896439,23.657341,24.198893,23.490223,0.02566196,0.041335814,0.030943036,0.032333568,23.769539,23.73452,24.274035,23.521952,0.2382927,0.85958576,0.43901443,0.65276146,0.33333334,0.14705883,0.2345679,0.11904762,1.1960144,0.3611905,0.5816297,0.82051283,1.6450882,0.32026625,0.642732,0.44117647,1.214016,0.58192724,0.37934205,0.37037036,1.2551632,0.3767002,0.46039352,0.47619048,2.0708447,1.6584282,2.3922157,1.5313625,0.095993735,0.12696183,0.095973745,0.09383936,3.4948719,10.40961,8.602619,1.7945019,1.489,2.6289628,1.8036131,1.2678742,1.1263187,0.3562164,-0.8328818,0.12835672,0.61322945,0.97789544,0.7487872,0.7595227,0.78909475,0.80688643,0.7502721,0.85642654,23.77637,23.189566,23.311281,22.949919
809,2528739689994418319,0.49355698,0.5437765,1.8529291,2.422162,0.39361954,0.69424057,0.29623413,0.5024204,3.392941,2.3257267,9.659718,5.172756,0.23529412,0.45833334,0.095744684,0.033898305,0.0,0.0,0.0,0.0,0.34364882,0.20708835,0.22985846,0.18579124,0.40865898,0.42720893,0.51682884,1.5932881,3.8916385e+06,5.2717085e+06,2.500984e+06,3.5645038e+06,0.00016682559,0.00029751362,0.0007061284,0.0011174192,0.32271457,-1.2576125,20.488346,29.746729,0.31724718,0.2747914,0.27344522,0.80510867,484.70312,803.3047,3752.6484,1755.7422,21.150248,20.385172,20.226149,19.796806,0.013004905,0.017280703,0.02661554,0.033551402,21.045258,20.266142,20.191776,19.665936,0.10119629,0.22403622,0.15041065,0.23277855,0.3137255,0.104166664,0.5744681,0.5084746,0.53269196,0.086207,0.19238947,0.7058824,0.6868992,0.1581333,0.109059595,0.6875,2.6132107,0.2517585,0.8408747,0.9680851,4.345642,0.3510305,0.0,0.9830508,0.75758743,0.76665306,3.0578365,4.4028587,0.043539762,0.04778239,0.055989124,0.057784047,232.48402,440.84555,367.1866,462.9737,9.283327,19.394705,15.499383,17.54807,1.1670115,0.5113841,4.0393405,4.760363,0.27505696,0.35227013,0.53832984,0.6642106,0.7144537,0.866311,0.82754683,0.827592,21.136126,20.467537,20.15675,19.752655
810,2528739691037206745,0.8766823,1.3513088,1.228548,1.258749,0.61227226,1.586052,0.7685509,1.0069084,0.3191328,0.5387025,0.38016555,0.26439726,0.26666668,0.39130434,0.39130434,0.37931034,0.9552813,9.094556e-05,0.8711526,0.7553361,0.23720606,0.26306805,0.3426111,0.29856116,2.1279154,0.7184824,0.7381049,1.1886752,2.5244162e+08,5.3208376e+07,2.3101862e+07,7.091658e+07,-0.0012322353,-0.0008525517,-0.0013485815,-0.0017753217,0.22131777,-1.267698,-0.20562983,-0.3268819,1.1257185,0.53836787,0.43173957,0.6375012,1430.1602,1852.5078,2857.2734,2223.875,25.359594,24.261028,24.615595,23.749285,0.018817535,0.03520452,0.023946756,0.025733862,25.33609,24.27078,24.697666,23.692883,0.31772614,0.7873993,0.37553406,0.4246521,0.33333334,0.04347826,0.2173913,0.2413793,0.80204964,0.31315377,0.32686564,0.73333335,1.4811172,0.44381708,0.36790767,0.47826087,0.98225975,0.38277552,0.30876216,0.39130434,1.0352726,0.39004803,0.27847922,0.6551724,1.0245571,1.5472946,1.6071453,1.3336849,0.0655045,0.104198,0.077503055,0.089701295,0.4573767,2.5369546,0.767239,0.8052684,0.48973325,1.2975377,0.6651349,0.70001394,0.37118736,-0.21024601,-0.47495294,-0.0063751177,0.47720507,0.8540978,0.58946365,0.6111608,0.74914736,0.80657405,0.7732475,0.7636832,25.188662,24.07877,24.416006,23.295193
811,2528739691645577918,1.1581011,1.230094,1.3053608,1.5073643,0.7832508,1.4794006,0.6412029,1.1756954,1.483657,1.3937376,1.8402107,0.746651,0.3018868,0.4893617,0.2631579,0.3898305,0.0,0.0,0.0,0.0,0.32459724,0.18940929,0.37990493,0.3040188,0.42021438,0.48141316,0.37439978,0.7772295,7.628914e+06,5.785827e+06,3.3168148e+06,1.1999209e+07,0.00078787573,0.0015866632,0.00070821284,0.001604816,0.07030654,-1.3171477,0.7175636,-0.9842622,0.31840196,0.30536604,0.27721566,0.4184991,1616.3594,1928.5,2618.6406,4887.84,20.642855,20.012877,19.954107,19.377628,0.028086716,0.03983932,0.026617516,0.040067803,20.466692,19.872597,20.08863,19.28684,0.3249569,0.71476364,0.31870842,0.5773659,0.24528302,0.14893617,0.23157895,0.10169491,1.0683784,0.26350003,0.38565966,0.6981132,1.5003452,0.43328762,0.17573594,0.68085104,0.927042,0.40158772,0.243354,0.3263158,1.3442497,0.36595464,0.40904784,0.5423729,1.5385857,1.4705315,1.7867756,1.6283207,0.096325494,0.114188515,0.08684164,0.124281995,1316.6119,4799.6304,3772.9907,4002.479,27.097822,54.996475,47.61875,58.553272,0.8337431,0.23878029,-0.9395561,0.20673016,0.57979,0.7972994,0.53112876,0.776419,0.7365712,0.8100381,0.807372,0.8469618,20.457783,19.735277,19.780731,18.966263
812,2528739691717156696,1.140151,0.78757286,1.9191761,0.97435474,0.47029877,0.96042633,0.45985603,0.75367165,2.7337165,1.6643045,2.1195788,1.0438281,0.1509434,0.4680851,0.18947369,0.33898306,0.0,0.0,0.0,0.0,0.33100438,0.19729148,0.31747577,0.28522083,0.7093659,0.47846824,0.9801606,0.74558306,2.3426722e+07,6.2603935e+06,1.304021e+07,1.0205171e+07,0.00050641416,0.00073905406,0.00060528953,0.0007888233,3.8942716,-1.2737156,15.427643,-0.7277825,0.427652,0.2986395,0.5328341,0.405794,4169.703,1494.2031,5851.668,2656.707,19.555994,18.766306,18.578815,18.08978,0.022507498,0.027186876,0.024603635,0.028087122,19.416983,18.650803,18.621704,17.994001,0.18980598,0.40009308,0.22225952,0.36234474,0.35849056,0.10638298,0.4526316,0.10169491,0.8538532,0.18294226,0.4229486,0.7735849,0.9775028,0.24826175,0.1475429,0.68085104,0.635252,0.22906144,0.38918588,0.36842105,0.87527657,0.20623416,0.3143833,0.55932206,1.890686,1.0334549,2.8185806,1.2159157,0.06630815,0.07802387,0.06279017,0.08895967,3739.8877,12178.341,9921.688,13439.206,43.02956,94.30954,81.558716,100.063614,1.7588732,0.40137067,2.332677,0.4977006,0.4401565,0.5101972,0.45710638,0.5080899,0.72660667,0.83406013,0.837237,0.85439324,19.464624,18.764793,18.511127,17.985643
813,2528739691727393088,2.2112284,1.8853397,3.4768267,0.4192667,0.24960136,0.44737053,0.1838932,0.32885742,10.322263,5.8185453,22.327518,0.7031027,0.018867925,0.020833334,0.010526316,0.33898306,0.0,0.0,0.0,0.0,0.19561169,0.1516522,0.121629156,0.2879981,1.7731597,1.9373319,1.9087195,0.81650037,4.7156244e+07,1.1174641e+08,2.7573552e+07,1.4337299e+07,0.000979436,0.0009015995,0.0014547962,0.00015872861,43.754753,31.908966,86.481255,-0.8812635,0.89609677,0.97911745,0.95756066,0.43683603,8775.711,7356.2383,13252.82,1037.9844,19.121069,18.240553,17.897385,17.451496,0.03130753,0.030043507,0.038181853,0.012599857,18.976332,18.144714,17.868484,17.416937,0.10061455,0.22566795,0.083509445,0.16501999,0.7735849,0.4375,0.94736844,0.10169491,4.1661034,0.17744811,0.0,0.9811321,3.4534035,0.23018329,0.0,0.9791667,6.5107403,0.1448789,0.0,0.9894737,0.37747383,0.10031557,0.124921635,0.5423729,4.232235,3.477295,6.4711037,0.49619293,0.031512015,0.03662272,0.02687839,0.039815184,1780.9568,5373.832,3355.3054,6530.6655,29.969736,65.30208,46.134533,68.90191,6.3482018,5.160375,9.0841465,0.3069267,0.5986334,0.5480102,0.6833553,0.21988635,0.768266,0.8828368,0.823391,0.8542875,19.038837,18.230621,17.837671,17.465754
814,2528739691731423581,2.375781,1.289382,3.666503,1.2118187,0.7750912,1.3653641,0.55981636,0.9461422,4.4532514,1.9251863,7.0458097,1.361494,0.11320755,0.47916666,0.094736844,0.33898306,0.0,0.0,0.0,0.0,0.30493107,0.19887193,0.24672173,0.30455193,1.0319904,1.0067469,1.401887,0.58644575,3.2250956e+07,4.851019e+07,1.9823104e+07,4.577852e+06,0.001456389,0.0014280233,0.0015649704,0.0012712192,14.370309,-1.0949316,45.51424,-0.6218817,0.5616714,0.55500984,0.72461873,0.32602382,9014.953,6304.3984,12295.363,1983.4453,19.799084,19.132845,18.971216,18.34896,0.03819117,0.037792474,0.039945286,0.03565548,19.490747,18.924948,18.996977,18.232365,0.19731331,0.53174305,0.24532127,0.45910263,0.5660377,0.125,0.6421053,0.118644066,1.2811298,0.21297403,0.9240214,0.7358491,1.363081,0.3077605,0.28861806,0.6458333,6.1865654,0.416221,0.0,0.9894737,1.1361313,0.26777,0.41757736,0.59322035,4.314659,1.8776073,6.095682,1.5546074,0.08815488,0.1003377,0.07616713,0.109924875,4222.829,12952.52,9307.874,13084.066,43.332108,96.864105,78.20546,102.87951,3.1537862,0.48601797,5.564177,0.6163294,0.7561502,0.72307754,0.75781065,0.654241,0.7220533,0.84389794,0.8271437,0.86681455,19.573399,18.977283,18.833574,18.125065
815,2528739691917321616,4.197627,1.5645885,2.6742048,1.4206228,0.9643135,1.561655,0.66811943,1.1237774,6.066222,1.6310722,2.3664916,1.068132,0.0754717,0.47916666,0.17894737,0.3559322,0.0,0.0,0.0,0.0,0.20102222,0.20394129,0.33238274,0.3233704,1.7340566,0.8690607,0.9260981,0.5409066,5.689572e+07,4.201517e+07,9.606942e+06,4.524852e+06,0.003520737,0.0017845094,0.0010994747,0.0016147114,28.512617,-1.0071948,13.604288,-0.90829706,0.8902958,0.49015772,0.51160574,0.2962207,16087.207,8988.094,7825.949,2419.9844,20.316391,19.65866,19.55987,18.890755,0.059382223,0.042247318,0.03316772,0.040186383,19.909826,19.48098,19.676708,18.84877,0.23409271,0.6863003,0.27752304,0.5916538,0.6226415,0.104166664,0.48421052,0.10169491,7.6025963,0.60998225,0.0,0.9811321,1.5407581,0.38953766,0.33572078,0.6458333,0.9476299,0.3434893,0.5235646,0.3263158,1.3224792,0.34180263,0.42690375,0.5762712,7.865715,2.2135792,3.8212643,1.6099281,0.104059756,0.11391556,0.08862832,0.12236071,2637.7817,7842.844,6311.2017,7646.6284,36.26962,74.25605,64.60239,84.85343,4.751674,0.4293564,1.9754336,0.3999937,1.2064325,0.8305257,0.64875627,0.7591511,0.7244612,0.83529925,0.8293367,0.8736912,19.9497,19.37412,19.365162,18.533731
816,2528739692039831881,4.046008,1.19975,1.7701378,2.4511623,1.0139561,1.610754,0.7286167,1.2738323,4.9226036,1.9236542,1.334043,0.9425842,0.055555556,0.4680851,0.24210526,0.31666666,0.0,0.0,0.0,0.0,0.21350165,0.18994285,0.3783422,0.2818347,1.6641895,0.44914925,0.48366016,0.94287163,5.4752376e+07,4.7295155e+06,5.7288405e+06,6.403725e+06,0.0033240279,0.0017006415,0.0008268766,0.0022982822,25.0243,-1.3688183,1.3132317,1.9607689,0.8573064,0.29233253,0.30744958,0.4917589,15360.457,1568.8203,3781.8242,4045.5078,20.497892,19.735106,19.683266,19.099531,0.057668958,0.041242804,0.028758876,0.04794837,20.156776,19.515514,19.819942,18.981977,0.38069534,0.60271835,0.28668785,0.63938904,0.5185185,0.12765957,0.28421053,0.15,7.263935,0.6544453,0.0,0.9814815,1.5660286,0.39776528,0.19333142,0.68085104,0.94500923,0.3690363,0.33475244,0.33684212,1.4870892,0.36491063,0.69005996,0.55,7.4705296,1.5277348,1.8667698,3.5904846,0.10380844,0.11709473,0.08866348,0.13475662,2554.5747,6884.9478,5803.7646,6614.7065,38.90254,68.078445,61.674156,79.62155,4.345872,0.3745332,-0.21330296,1.0336837,1.1820921,0.8139311,0.5660686,0.9157914,0.74238515,0.8186404,0.8218912,0.87490803,20.083372,19.45769,19.484228,18.61157
817,2528739692087856674,2.4082851,0.6189127,3.4226084,0.8039293,0.41114235,0.78447914,0.3540287,0.56659317,6.8612485,1.7078388,12.8798685,1.1764313,0.018867925,0.4893617,0.021052632,0.3220339,0.0,0.0,0.0,0.0,0.23734862,0.1956454,0.18511336,0.29431272,1.551878,0.50379014,1.6793826,0.64249575,4.449839e+07,7.9295515e+06,2.4048514e+07,6.6643995e+06,0.0012162888,0.0004906327,0.001371361,0.00054975285,33.21378,-1.3538977,67.51014,-0.47424293,0.79566115,0.31160492,0.85203624,0.356433,9585.699,1122.5703,12281.336,1298.7852,19.397295,18.531744,18.318699,17.819965,0.034907285,0.022151452,0.03707595,0.02344771,19.226585,18.460154,18.32242,17.72063,0.17414474,0.35847855,0.16085815,0.27963448,0.6226415,0.06382979,0.8,0.16949153,4.4190426,0.30296442,0.0,0.9811321,0.78334236,0.20798412,0.101362705,0.68085104,6.0953407,0.2663804,0.0,0.9894737,0.71806335,0.17443882,0.27588418,0.59322035,4.5063725,0.7636261,6.02746,1.0566006,0.055565387,0.063815266,0.05078207,0.07490264,3609.543,11160.399,7635.0234,13597.418,41.288296,91.34521,70.33718,96.88633,5.2618427,0.35240635,7.538484,0.6369188,0.6771069,0.41050503,0.6791832,0.41783738,0.71798086,0.8626021,0.828666,0.839164,19.280478,18.574127,18.24771,17.775135
818,2528739692097321899,3.6001692,1.2113905,3.108613,3.2766943,0.94386864,1.6206856,0.6732979,1.2212925,4.0903544,1.7974918,3.103249,1.4359657,0.094339624,0.4893617,0.16842106,0.25,0.0,0.0,0.0,0.0,0.20490088,0.18454285,0.31561854,0.27152848,1.6713789,0.45884222,0.970142,1.0765893,5.3329836e+07,5.8343305e+06,1.3035193e+07,3.123567e+06,0.002719909,0.0017412141,0.001277572,0.0029528965,21.90549,-1.3735745,17.401234,8.086824,0.8692264,0.2992068,0.53193384,0.55734146,13675.375,1903.3047,8965.879,2471.0625,20.47798,19.78135,19.755236,19.160023,0.052165966,0.0417321,0.035783824,0.054435953,20.173378,19.538614,19.872473,18.958664,0.37905312,0.60079384,0.28817368,0.5992937,0.49056605,0.10638298,0.5368421,0.2,6.3388042,0.62494415,0.0,0.9811321,1.5797863,0.41811225,0.17736776,0.68085104,4.586212,0.53039813,0.0,0.9894737,1.5875874,0.38147286,0.9677806,0.5833333,6.5238037,1.5327015,4.420698,5.26902,0.10906562,0.11981996,0.09233241,0.13778989,2687.3762,6726.9185,5443.18,6262.439,39.261665,67.143845,58.704723,74.41424,3.986214,0.32513088,2.4218254,2.0407627,1.0682536,0.82551724,0.7069179,1.0429941,0.73877305,0.8181092,0.8072729,0.85775524,20.104465,19.485731,19.530722,18.647038
819,2528739694393548568,1.804286,1.6451273,1.024641,0.9329119,0.63744164,1.2980518,0.7712822,1.0028629,1.2661477,0.29683888,0.39307567,0.46545002,0.16666667,0.26666668,0.33333334,0.3846154,0.28449953,0.0005742813,0.9963315,0.97581387,0.2082725,0.27989697,0.30834106,0.3304378,1.6555487,0.9818806,0.91274804,0.85901827,5.4902996e+07,1.6964493e+08,1.7555206e+07,1.6067664e+08,-0.0020409825,0.00020533397,-0.0009784753,-0.0018493074,3.8865979,-0.24817681,-0.37964916,-0.8166919,0.9852815,0.541382,0.5982578,0.55107033,1731.0078,2595.9023,1772.5,1443.4688,25.266195,24.558191,24.781576,23.990704,0.030487232,0.038651027,0.021567341,0.02583527,25.375515,24.80647,24.857046,23.899496,0.31872082,0.5983181,0.3707943,0.57471466,0.33333334,0.13333334,0.27272728,0.15384616,1.9705315,0.6882506,0.42506874,0.11111111,1.640667,0.5871941,0.5013228,0.33333334,0.89839363,0.34507447,0.28878376,0.36363637,1.1532612,0.29523426,0.27658296,0.6923077,2.3475723,2.2194138,1.2690754,1.2007618,0.11322017,0.12595174,0.06931289,0.07664527,1.1648035,2.693988,0.45736602,0.36410737,0.58784914,1.2206964,0.58382803,0.5026498,-1.4777498,-0.59252036,-0.4779636,0.58882314,0.77029634,0.9491993,0.5344727,0.6198063,0.67410094,0.7737099,0.84148353,0.80804294,24.87808,24.285917,24.56314,23.839493
820,2528739695636574006,0.37538242,0.35587025,0.4015007,0.5345421,0.27046967,0.45550728,0.18575478,0.34304047,2.0118299,1.3262386,1.8665202,0.64176244,0.32,0.4680851,0.22727273,0.3559322,0.0,0.0,0.0,0.0,0.34065405,0.19970852,0.3591509,0.2904252,0.46454045,0.39784947,0.4670132,1.0332947,6.9334405e+06,8.096562e+06,4.337382e+06,2.5606444e+07,9.442375e-05,0.00014054656,6.377263e-05,0.0001675506,-0.4065323,-1.3461224,0.8534527,-0.5458262,0.36299556,0.2671677,0.31876373,0.53769886,421.91406,652.01953,740.47266,2020.4141,20.48589,19.602781,19.258429,18.8979,0.009759218,0.011869191,0.007992624,0.012952767,20.4169,19.564371,19.302956,18.861576,0.094955444,0.17951965,0.081664085,0.17835999,0.24,0.08510638,0.3181818,0.10169491,0.37883186,0.07788704,0.11457886,0.68,0.4226265,0.123658106,0.0823909,0.63829786,0.2698536,0.11632917,0.0759983,0.3068182,0.41361427,0.11115169,0.15024894,0.5423729,0.5006561,0.39337158,0.5428963,0.671608,0.031847842,0.034684442,0.027557164,0.03932693,339.6831,648.4621,533.43097,894.29803,12.517931,24.234016,17.917196,25.86419,0.7714078,0.17555767,-0.8820248,0.40907043,0.19992627,0.23266916,0.15392539,0.2447801,0.74729806,0.89244044,0.7976802,0.855395,20.49088,19.698399,19.281885,18.944155
821,2528739695727051126,4.311925,0.8654833,0.95228577,1.118063,0.6982994,1.1376381,0.48900223,0.87034607,8.202266,1.8416097,1.4302422,1.0745125,0.019607844,0.44680852,0.23863636,0.3559322,0.0,0.0,0.0,0.0,0.17192866,0.209494,0.37477487,0.30425277,1.9242052,0.3894124,0.38666442,0.61830574,6.972626e+07,8.744421e+06,3.9914815e+06,6.865414e+06,0.0031772507,0.0007991672,0.0003494196,0.0008944821,37.894703,-1.3476988,0.3959551,-0.659657,0.9753492,0.2613149,0.27923447,0.3434705,16858.812,1687.8633,1721.9531,1830.0625,21.214926,20.364902,20.144829,19.664019,0.056645676,0.028285591,0.01870268,0.029920189,20.901237,20.211687,20.251034,19.56608,0.25087357,0.3853798,0.21275711,0.4292488,0.7058824,0.10638298,0.25,0.13559322,8.006012,0.43726268,0.0,0.98039216,1.1080475,0.2814043,0.13880043,0.68085104,0.6321068,0.26484132,0.18580063,0.375,1.008028,0.2540454,0.3712796,0.5762712,8.162722,1.0872536,1.2046986,1.3784523,0.07204478,0.081415094,0.065193616,0.0944432,539.1624,1123.2748,1012.49567,1283.8928,15.745685,28.805832,25.600185,31.372665,5.7876954,0.37288287,-0.62028015,0.5327489,1.2017338,0.5760333,0.3767623,0.58835113,0.6939072,0.8362687,0.82850766,0.8606415,20.955894,20.357677,20.125427,19.516987
822,2528739697715774227,0.54274845,0.6065178,0.41572666,0.6305399,0.44613457,0.7984657,0.22013855,0.57673454,0.5294258,1.5461359,1.6575961,1.3065529,0.37777779,0.5106383,0.27160493,0.45614034,0.0,0.0,0.0,0.0,0.3356789,0.35029688,0.37370968,0.35463426,0.37781972,0.3477507,0.41160777,0.85744494,1.0548979e+07,3.4230795e+06,4.973166e+06,2.1038354e+07,0.00017149824,0.00032158315,7.5441625e-05,0.00025232637,-0.75153565,-1.50136,0.022198915,-0.89888597,0.25496766,0.2088333,0.3003432,0.44340584,833.6719,638.8086,957.77344,2473.1523,22.088358,21.332628,21.265549,20.896568,0.01356273,0.018077696,0.008842074,0.016087329,22.032293,21.32225,21.303034,20.90606,0.23897743,0.39039612,0.09628868,0.28093147,0.22222222,0.06382979,0.27160493,0.19298245,0.5167885,0.16194804,0.16119494,0.62222224,0.68655586,0.16365474,0.17700036,0.5106383,0.33701515,0.1174464,0.10290052,0.2962963,0.59884834,0.088178016,0.21092571,0.33333334,0.65083694,0.618063,0.47974205,0.7532215,0.045682173,0.048705876,0.0332502,0.04699595,89.602005,80.78813,48.81614,54.96936,6.415579,9.144166,4.7196393,5.968194,0.282463,0.073988914,-0.47963423,0.101890616,0.29957843,0.38564476,0.18803157,0.33616996,0.6639984,0.89621204,0.7028805,0.8008709,21.992794,21.491425,21.271643,20.947025
823,2528739698493229675,0.8711605,0.90851974,0.98166656,1.1628971,0.73020935,1.223917,0.5052109,0.8804054,3.4304297,2.1600018,1.0569286,1.1879358,0.24,0.4680851,0.26136363,0.3559322,0.0,0.0,0.0,0.0,0.35055813,0.2060467,0.37874132,0.30061257,0.39050972,0.4146476,0.36768878,0.6260265,4.0113818e+06,5.045586e+06,3.6790025e+06,6.2285415e+06,0.00051602925,0.00090499467,0.0003858966,0.0009630575,-0.092870474,-1.3354658,0.21057296,-0.5723362,0.2895334,0.26858595,0.26778445,0.34275717,834.5547,1427.2578,1682.0195,1990.082,21.037632,20.345406,20.138172,19.640919,0.022762038,0.03009783,0.019653622,0.031044638,20.82085,20.129267,20.236076,19.561554,0.15264034,0.39885902,0.23499393,0.44469452,0.34,0.08510638,0.22727273,0.118644066,0.9272709,0.12884225,0.29813012,0.68,1.1509533,0.24733476,0.2622633,0.63829786,0.6737213,0.26226518,0.2159737,0.3409091,1.045618,0.26301,0.39814344,0.59322035,1.33041,1.234684,1.1572475,1.4628296,0.07603762,0.086713046,0.06821413,0.096160956,568.99365,1290.1786,1226.6699,1375.113,15.467616,31.41923,27.605803,32.78802,1.0322717,0.46095943,-0.49112532,0.6068413,0.47885936,0.61235255,0.395788,0.6097452,0.7007717,0.8432407,0.8090277,0.8627658,20.905947,20.301868,20.097818,19.475197
825,2528739713086730547,0.9967613,1.1200781,2.557928,1.5046644,0.45197296,1.4246044,0.6781864,1.1257343,3.4140522,2.532148,1.6202573,1.4771148,0.19148937,0.42857143,0.22340426,0.33333334,0.0,0.0,0.0,0.0,0.3399238,0.20559013,0.31409785,0.326003,0.56865156,0.5783751,0.9541589,0.5956209,6.247768e+06,1.2810802e+07,2.1902642e+07,4.3237255e+06,0.0007150515,0.0015602014,0.001151154,0.0019077031,1.7621124,-1.2277198,13.499133,-0.57472277,0.372762,0.33830017,0.5235492,0.34548098,1052.3906,2849.7969,14605.781,2317.754,19.254622,18.80026,18.853615,18.590487,0.026742442,0.039500464,0.0339332,0.043678883,19.108112,18.46827,18.853981,18.468962,0.20545006,0.45919418,0.3159895,0.5909586,0.27659574,0.21428572,0.42553192,0.055555556,1.0803261,0.18830642,0.43868273,0.78723407,1.4609356,0.26689637,0.24290852,0.6666667,0.85349846,0.33631536,0.58501154,0.5,1.3682213,0.28458232,0.5606856,0.537037,1.5807381,1.7227192,3.8778133,2.007246,0.09376608,0.11693907,0.091355555,0.12845306,8263.593,21519.598,15572.175,12768.994,61.20515,119.57927,102.953255,107.259445,1.5681016,0.58875585,2.2426224,0.65129125,0.5149156,0.742619,0.6397635,0.8120117,0.6844934,0.83659565,0.8273314,0.8898697,19.146666,18.657398,18.685516,18.257193
826,2528739713183103542,1.3042421,1.6590776,1.6099176,2.0012665,1.0432835,2.1910954,1.0659161,1.6915321,4.747876,3.7051785,0.48178726,1.4154553,0.21276596,0.35714287,0.32258064,0.4,0.0,0.0,0.0,0.0,0.3864724,0.23172079,0.40586796,0.31899065,0.39309996,0.48041743,0.2350613,0.6991428,3.512479e+06,5.3558225e+06,2.862078e+06,8.1232795e+06,0.0015854248,0.0036251608,0.0014830716,0.003469303,0.33850121,-1.2162364,-0.45544982,-0.7405572,0.28825688,0.30573234,0.18766695,0.38330775,1500.7266,2494.789,2562.4531,5091.703,19.70569,19.442232,19.588161,19.219662,0.039821602,0.060212225,0.038513407,0.058906894,19.363691,18.766174,19.746925,19.044897,0.19872093,0.4065113,0.49847984,0.8605881,0.34042552,0.23809524,0.17204301,0.09090909,1.6044445,0.16905896,0.51425767,0.7234042,2.3335571,0.32563302,0.43858123,0.6666667,1.2485867,0.44633994,0.39641485,0.48387095,2.0161457,0.57935715,0.682237,0.6727273,2.1889858,2.7988224,1.7463436,2.60775,0.1307318,0.16627909,0.13215889,0.1751926,5802.7583,10954.529,12607.027,7419.535,51.849194,82.78116,105.37168,93.0334,1.2866237,0.71786284,-0.10630434,0.58876306,0.7847122,1.17066,0.7544068,1.1321706,0.6726311,0.79526794,0.85724944,0.91930896,19.362053,18.804153,19.163338,18.463684
827,2528739713187998060,0.6929941,0.75656796,0.8522873,1.6656494,0.35055923,1.0959263,0.45219994,0.84885406,4.536457,3.948629,0.46609086,2.2000575,0.19148937,0.33333334,0.30107528,0.21818182,0.0,0.0,0.0,0.0,0.36827886,0.22909158,0.37061033,0.2785967,0.47393784,0.5111942,0.29071414,1.1393673,3.5505695e+06,8.567546e+06,3.106842e+06,1.9916098e+07,0.00041265733,0.0009088731,0.0003612593,0.0014722589,1.2114718,-1.3599261,0.1154449,2.0484006,0.31766954,0.31434152,0.2328274,0.60046077,716.2344,1499.6875,1253.5625,6384.9844,18.916761,18.387896,18.29086,18.13944,0.020315673,0.030148322,0.019007498,0.038372558,18.767082,18.088593,18.33338,17.939087,0.119903564,0.2073431,0.20071793,0.39505196,0.34042552,0.26190478,0.20430107,0.18181819,0.8415623,0.12732556,0.2655748,0.78723407,1.1183128,0.15074758,0.15541656,0.6666667,0.5624466,0.19736952,0.21813178,0.40860215,1.396452,0.33354917,0.5389127,0.7818182,1.1757107,1.2374306,0.88744545,2.7382927,0.069501095,0.080966026,0.06804047,0.11027567,8877.46,22370.84,13152.129,15891.384,57.05654,122.14192,95.47982,107.09828,1.5056632,0.6651064,0.056260947,1.3525095,0.38430673,0.5543642,0.34766346,0.6960567,0.68462443,0.8967418,0.83778936,0.8501913,18.859331,18.386103,18.255894,17.966116
828,2528739713218342248,1.7596569,2.096818,2.064227,2.7493534,1.431961,2.9242496,1.3062191,2.1413288,2.6007066,2.9958518,0.9868414,0.898504,0.29787233,0.42857143,0.26881722,0.4,0.0,0.0,0.0,0.0,0.36806753,0.23559982,0.40778795,0.34473652,0.48608202,0.50653356,0.31215915,0.5927288,4.862732e+06,5.173939e+06,3.3469612e+06,5.2592125e+06,0.0024248408,0.005092609,0.0019138806,0.004603891,-0.04840541,-1.3703372,-0.13067698,-0.6901803,0.33821437,0.33646795,0.24313088,0.3501909,2292.3984,2349.793,3983.9453,4097.6797,20.720472,20.583889,20.930477,20.331926,0.049268216,0.07139143,0.043774076,0.06790747,20.388393,19.957087,21.127588,20.396618,0.48168564,0.8406048,0.6104603,1.2273998,0.23404256,0.23809524,0.13978495,0.07272727,2.0857506,0.40165126,0.57037383,0.7446808,2.8760166,0.4293867,0.5334499,0.64285713,1.5194359,0.6244775,0.4016431,0.4516129,2.3308296,0.5601865,0.86292917,0.4909091,2.6387806,3.1075134,2.6993294,3.2646618,0.16284578,0.19707327,0.15366128,0.19288483,1904.4893,2780.2913,3151.4434,1859.3242,38.865585,46.44382,51.44119,62.36988,1.0386052,0.56994504,-0.56000096,0.39433727,1.0208607,1.4695133,0.91621226,1.3806896,0.82621527,0.78642976,0.827924,0.884248,20.164816,19.446424,20.076303,19.046612
829,2528739713358796376,0.04870701,0.02875042,0.022010803,2.262329,0.01083374,0.008508682,0.008270264,0.008125305,2.585351,2.038867,1.3125336,21.57931,0.12765957,0.14285715,0.23655914,0.018181818,0.0,0.0,0.0,0.0,0.1824944,0.17502397,0.13604467,0.13237752,1.765896,1.8173894,1.5619932,2.0412426,1.1443884e+08,1.4623454e+08,2.4925482e+07,4.5911452e+07,5.5943343e-07,2.3273245e-07,1.8743889e-07,0.0012492948,16.079533,13.915283,2.1041586,54.981026,0.88888246,0.90964156,0.7889805,1.0206213,156.08594,80.94531,84.125,9252.9375,18.28198,17.51669,17.236275,17.208693,0.00077079044,0.0005052577,0.00044527196,0.03536126,18.280918,17.518066,17.234697,17.126585,0.0055217743,0.0037403107,0.0042381287,0.0037879944,0.44680852,0.3809524,0.34408602,0.9818182,0.07543945,0.008899598,0.0,0.9787234,0.04468155,0.0,0.005618338,0.023809524,0.012594223,0.0041245255,0.0062759933,0.67741936,4.5125446,0.007859751,0.0,0.9818182,0.074897766,0.04499626,0.028619766,4.5126057,0.0018862814,0.0011187312,0.0013781624,0.0013017772,26.182,11.276479,18.295025,30.310917,2.8713393,2.3504763,3.1679993,2.8517108,3.1100035,-2.9350913,0.9211328,7.4143176,0.0140915755,0.008850442,0.0076748296,0.60852104,0.57263064,0.7050279,0.7426426,0.51295793,18.28314,17.516901,17.235657,17.126236
830,2528739713361236881,1.0797472,1.370038,1.2867079,1.6686468,0.77410126,1.7655449,0.8391037,1.2636337,4.7589226,3.8278399,0.37666586,1.6400834,0.19148937,0.30952382,0.32258064,0.37037036,0.0,0.0,0.0,0.0,0.38360113,0.23594254,0.39392823,0.32013974,0.41504693,0.4882604,0.25772113,0.58354914,3.3171305e+06,5.8843525e+06,2.6444015e+06,4.662968e+06,0.0010497207,0.0025451046,0.0009375867,0.0024631713,0.61107993,-1.1431417,-0.41726518,-0.40111184,0.30179337,0.30430287,0.20823154,0.32827988,1079.8516,2318.4453,2015.8516,2708.5156,19.347822,18.997707,19.03694,18.702124,0.032401733,0.050450325,0.030621205,0.049632348,19.085783,18.43875,19.095985,18.524426,0.16233635,0.31512356,0.4106617,0.6429634,0.38297874,0.26190478,0.15053764,0.11111111,1.300848,0.16914292,0.42466515,0.7446808,1.9042206,0.25179195,0.40268043,0.6666667,0.9658661,0.33698997,0.32721767,0.43010753,1.6936779,0.46216816,0.60357493,0.7037037,1.8084831,2.3336449,1.2903061,2.3035774,0.105826475,0.13987347,0.10616467,0.15009277,8719.839,18028.762,16614.557,11937.055,59.449993,105.88035,110.29235,104.60486,1.3601861,0.7618575,-0.12825967,0.7601433,0.62690294,0.9584405,0.582934,0.9282303,0.66357845,0.8326226,0.85735005,0.9051101,19.129705,18.627754,18.826822,18.250452
831,2528739713371783024,1.2364483,1.388547,1.3833237,2.282093,0.3868103,1.6682968,0.8346691,1.4300041,4.03456,2.683819,0.268156,1.2635279,0.19148937,0.42857143,0.32258064,0.34545454,0.0,0.0,0.0,0.0,0.3503397,0.20959067,0.38688257,0.30639166,0.5079477,0.563721,0.31082952,1.0249538,6.558634e+06,1.0683231e+07,2.7979042e+06,1.7323076e+07,0.0010145744,0.002269729,0.0010493551,0.0027939805,1.868716,-1.2519497,-0.35844016,0.4565153,0.3543089,0.33387342,0.23331127,0.544803,1517.6641,3333.7188,2417.6016,8165.867,19.478207,19.115133,19.177235,18.932943,0.03185488,0.047643226,0.032395132,0.052880287,19.28161,18.687069,19.21431,18.746445,0.18437195,0.5236912,0.42195892,0.69036674,0.38297874,0.1904762,0.19354838,0.10909091,1.3790474,0.22391726,0.5019926,0.80851066,1.7971306,0.32024464,0.28985044,0.6666667,1.0242748,0.36902887,0.36820891,0.38709676,1.6417904,0.37426287,0.7446704,0.54545456,1.9465351,2.1614323,1.4516926,3.3682556,0.11011278,0.13589413,0.108132936,0.15464053,6617.691,16926.455,15088.815,9955.482,53.686157,106.673256,104.260796,97.584564,1.6222591,0.5964668,-0.20715657,0.85948735,0.62047595,0.9107066,0.6212491,1.0011795,0.6678063,0.8274602,0.8504193,0.8948632,19.317911,18.781376,18.929476,18.403784
832,2528739713380247050,2.3518677,2.4443302,2.1831884,3.0458593,1.6396484,3.250599,1.2951546,2.5484867,2.2713952,2.2680569,1.485686,0.78100145,0.29787233,0.42857143,0.29032257,0.3773585,0.0,0.0,0.0,0.0,0.36321536,0.21206275,0.39573342,0.3599575,0.50515795,0.5594691,0.41813684,0.5394149,9.937222e+06,7.9672805e+06,5.2852645e+06,1.036228e+07,0.0029052899,0.00574347,0.0019815667,0.0049577295,0.1581583,-1.3765656,0.45253062,-0.99577904,0.33484837,0.35656396,0.29269513,0.28720942,3175.6172,3651.625,5991.926,7275.543,21.984037,21.964174,22.345322,21.669523,0.054181643,0.07630236,0.044861216,0.0717311,21.609346,21.295067,22.59887,21.63279,0.4177246,1.0578041,0.57263756,1.2835102,0.25531915,0.11904762,0.1827957,0.094339624,2.3486977,0.45386168,0.7410179,0.7234042,3.1669426,0.5646366,0.7232541,0.61904764,1.6450539,0.7567407,0.40253744,0.43010753,2.6746922,0.7054824,0.8471188,0.509434,3.457758,3.4353046,2.9534092,3.3446598,0.18342903,0.21718565,0.15145934,0.21722984,249.43124,385.22437,483.31747,275.86957,14.164445,20.348436,18.201994,24.778679,1.0110009,0.4818316,-0.8369256,0.2064811,1.1911312,1.6759182,1.0024383,1.5543787,0.8294547,0.7695554,0.7920486,0.81904376,21.330421,20.267212,21.111559,19.9209
833,2528739715749375010,1.2503681,1.3739157,1.3568964,1.6233253,0.8268261,1.7373638,0.7687416,1.3660622,1.962809,2.1008508,1.6391464,0.6802706,0.27083334,0.4878049,0.26881722,0.40384614,0.0,0.0,0.0,0.0,0.35337886,0.23819877,0.39103615,0.3545999,0.47841322,0.57440066,0.32360676,0.55378914,1.0081873e+07,7.9873625e+06,3.1848102e+06,6.5669065e+06,0.0008942326,0.0018217706,0.000793841,0.0018357886,0.18942285,-1.4340522,0.4589007,-1.0894,0.34233096,0.35529673,0.25443012,0.30580756,1903.4062,1732.7969,2673.7617,2932.9258,21.508001,21.026327,21.042686,20.554893,0.029986316,0.042723104,0.02820634,0.042891636,21.297367,20.697803,21.201479,20.612013,0.311347,0.5792885,0.36031342,0.7245302,0.29166666,0.17073171,0.21505377,0.07692308,1.2441101,0.27785093,0.4333126,0.7291667,1.740097,0.3887585,0.18247533,0.6585366,1.0272331,0.44236007,0.278528,0.33333334,1.5127621,0.409817,0.47654384,0.48076922,1.7157116,1.8799477,1.8786926,1.718523,0.10090853,0.119896956,0.096520945,0.12960719,325.32672,777.98413,786.2042,721.9957,13.058842,22.152796,22.459106,26.487152,0.98415244,0.36305577,-0.8734153,0.07689581,0.64494574,0.89830995,0.59353715,0.88163304,0.7173373,0.78021544,0.81206465,0.87062067,21.29977,20.623844,20.78506,19.995625
834,2528739715851043663,0.76959324,0.8523102,0.8865185,1.0828514,0.52721405,1.1293106,0.5159073,0.8563614,3.1845949,2.8577292,0.893036,1.0317223,0.27083334,0.41463414,0.29032257,0.40384614,0.0,0.0,0.0,0.0,0.36437383,0.24110098,0.3939203,0.33137313,0.410212,0.53864795,0.28169173,0.5867072,4.6770525e+06,8.0568275e+06,2.7546875e+06,5.510885e+06,0.00040905215,0.00086857664,0.00037357575,0.00095180445,0.42442846,-1.3740513,-0.16824579,-0.77449894,0.31101006,0.33583173,0.22309472,0.32313275,899.0469,1592.875,1507.6836,1872.9648,20.356384,19.768282,19.591738,19.208218,0.020240877,0.029478412,0.019332146,0.030856691,20.199162,19.473967,19.688429,19.103865,0.13555813,0.26674652,0.21542358,0.42931652,0.375,0.14634146,0.21505377,0.09615385,0.84017754,0.15482253,0.26750332,0.75,1.1457043,0.20180145,0.18029137,0.6585366,0.65587807,0.22777414,0.20656878,0.34408602,0.9886131,0.24902311,0.3962491,0.53846157,1.15411,1.3166885,1.0206909,1.3575363,0.06879025,0.0825606,0.06448506,0.094226226,1322.128,2778.7002,2580.581,2956.025,22.674517,45.772007,41.8207,46.802605,1.1852338,0.5622908,-0.41109732,0.49992517,0.41203105,0.58273757,0.37875035,0.59270203,0.68662465,0.88194895,0.8440105,0.85165334,20.285942,19.797678,19.544073,19.09843
835,2528739715857135133,0.82949734,0.84580135,0.90104866,1.0832167,0.57486725,1.1797867,0.47287178,0.87994003,3.3275187,3.0387042,1.2179545,1.0039556,0.27083334,0.41463414,0.2795699,0.3846154,0.0,0.0,0.0,0.0,0.3584877,0.24373992,0.383036,0.33376232,0.4380345,0.5416075,0.31990448,0.5753514,4.8037035e+06,7.407504e+06,3.1038362e+06,4.797999e+06,0.00047637324,0.00091003353,0.00036079416,0.0009900358,0.30094266,-1.4304441,0.09266567,-0.8547735,0.31951025,0.33551398,0.24566932,0.32095963,887.66406,1350.7812,1615.1758,1704.9453,20.426836,19.847647,19.688877,19.275131,0.021842474,0.030174298,0.018999303,0.031470746,20.240517,19.551407,19.77223,19.200684,0.14814568,0.26732635,0.20871353,0.4629259,0.3125,0.2195122,0.1827957,0.115384616,0.89450455,0.15097876,0.28818974,0.7291667,1.1861153,0.20091729,0.15848021,0.6585366,0.6346798,0.25047597,0.19701008,0.3548387,1.0220032,0.25844756,0.3881308,0.53846157,1.2637024,1.271553,1.0698242,1.2943554,0.073336534,0.08336299,0.066383876,0.09525268,1334.9337,2630.1184,2225.591,2801.022,23.1031,43.04988,38.052204,46.034203,1.1571529,0.5440129,-0.51690286,0.443977,0.44617262,0.5988888,0.37407494,0.6066027,0.6945298,0.87590885,0.83094615,0.8561064,20.33692,19.847836,19.645689,19.146704
836,2528739715864746820,0.3259411,0.28871155,0.31583786,0.38226223,0.21904373,0.3945675,0.15111351,0.3013401,2.0821307,2.2879953,1.8686526,0.6387192,0.3125,0.4390244,0.2580645,0.3846154,0.0,0.0,0.0,0.0,0.35050362,0.24648368,0.37579355,0.35024178,0.45930195,0.5561569,0.3735228,0.5545965,9.849678e+06,7.333513e+06,3.5304022e+06,6.0299205e+06,6.57109e-05,0.00011007244,4.7137008e-05,0.0001205334,0.06987667,-1.4991989,0.56076,-1.0046787,0.36659995,0.3458631,0.27697456,0.3026483,481.90625,348.6875,665.03125,604.0508,19.84255,19.094343,18.777542,18.46497,0.008124162,0.0105000725,0.006869736,0.010983991,19.789322,19.01359,18.816904,18.457994,0.062080383,0.116672516,0.067424774,0.1605959,0.33333334,0.09756097,0.29032257,0.115384616,0.31438065,0.071664385,0.095698096,0.7291667,0.3828411,0.08017021,0.061543614,0.63414633,0.2267952,0.09457002,0.063491,0.31182796,0.34399796,0.10071298,0.11145317,0.5192308,0.43017387,0.39235878,0.4159336,0.40061378,0.027941447,0.029154252,0.023115456,0.032671493,518.8535,984.84265,744.00305,1269.2822,14.7493,32.2821,21.525625,30.922739,0.8524276,0.3633652,-0.82936496,0.15447444,0.1612041,0.200492,0.12899676,0.20281906,0.7544961,0.9268218,0.8151371,0.84024155,19.860008,19.201813,18.794094,18.52412
837,2528739716074270667,1.2910118,1.3220863,1.3009453,1.6344957,0.92383194,1.7675476,0.71448517,1.3839111,2.0533984,2.0769455,1.7818741,0.62120384,0.27083334,0.4878049,0.2580645,0.40384614,0.0,0.0,0.0,0.0,0.3513724,0.24731077,0.39228618,0.35483208,0.45893964,0.55464655,0.33102566,0.55002517,9.264226e+06,9.173687e+06,3.5249212e+06,6.6871975e+06,0.0009721681,0.0018024098,0.00076547044,0.0017981121,0.13560677,-1.46521,0.52585864,-1.0595422,0.3541572,0.3458521,0.2573231,0.3017126,1524.1484,2146.4375,3125.8555,3048.7227,21.583277,21.145235,21.163534,20.655943,0.03127248,0.04250475,0.027705617,0.042458065,21.389833,20.79829,21.32578,20.713701,0.27856255,0.62926483,0.34462166,0.7625809,0.29166666,0.12195122,0.19354838,0.09615385,1.3188725,0.28713894,0.42036086,0.7291667,1.7104454,0.36913636,0.27725548,0.63414633,1.0077057,0.44101673,0.267294,0.34408602,1.499651,0.4181655,0.4738034,0.48076922,1.748539,1.772913,1.8235931,1.7266712,0.10786065,0.120994814,0.0954879,0.129063,287.70023,618.1797,621.79974,602.9936,12.348091,20.130674,19.977785,24.040928,0.93038833,0.3409731,-0.9069633,0.07030297,0.6749626,0.89877295,0.5863488,0.87701136,0.71198434,0.79803157,0.80649066,0.8713532,21.365713,20.779758,20.917622,20.101263
839,2528739728972429895,0.21361637,0.17649937,0.993021,0.23291492,0.082912445,0.13008499,0.089422226,0.16456223,1.2816416,1.4932766,15.426223,2.072139,0.22,0.25,0.010752688,0.26666668,0.0,0.0,0.0,0.0,0.2741515,0.20654716,0.09691944,0.25572422,0.93127143,0.81141454,2.030474,0.81652415,7.655211e+07,2.77152e+07,5.9213364e+07,1.1214767e+07,9.603247e-06,1.8600202e-05,0.0001042603,4.0256316e-05,1.446105,-0.09573674,73.523384,-0.2200234,0.6634523,0.42508736,1.0155447,0.44002578,988.0,581.4375,7776.2188,652.3203,21.435997,20.211603,19.669071,19.369831,0.0037724907,0.004439851,0.010227702,0.006384411,21.428635,20.184315,19.648792,19.326458,0.037737846,0.05282116,0.044425964,0.06743908,0.3,0.14583333,0.8924731,0.1,0.14033127,0.052205678,0.052338842,0.74,0.16615868,0.04197622,0.059838604,0.7083333,1.8329506,0.06626438,0.0,0.9892473,0.22010994,0.053439133,0.087338954,0.6666667,0.21446228,0.24929619,1.8335209,0.33942986,0.013913762,0.013752181,0.011564,0.020737164,12.830998,46.671906,73.06035,139.96077,2.1693606,6.246087,6.612931,9.665114,0.12863,0.87312794,8.11547,0.86044824,0.0808671,0.0897365,0.20116939,0.12366496,0.66524106,0.80987936,0.7735464,0.81782824,21.453182,20.256815,19.661217,19.418823
842,2528739746268211217,2.0651493,0.2648077,0.32008743,0.37730026,0.1824131,0.32765388,0.17690468,0.25314713,12.626512,3.3269522,0.4431097,2.4351358,0.018867925,0.38297874,0.30107528,0.29090908,0.0,0.0,0.0,0.0,0.1811304,0.22219127,0.36594096,0.23871477,1.7905053,0.46535137,0.30713907,0.8212725,4.775778e+07,6.759e+06,3.0423e+06,1.8599974e+07,0.0007562085,7.7264755e-05,3.7484693e-05,0.000105745254,46.799675,-1.0464742,0.13812065,-0.14275265,0.89855677,0.29998267,0.2170109,0.44027752,8304.566,348.02344,352.96094,974.8633,20.409567,19.924698,19.80175,19.715618,0.02758833,0.008825168,0.0061431136,0.010325284,20.277729,19.839592,19.803434,19.653671,0.05050659,0.0830574,0.086545944,0.11290741,0.8679245,0.19148937,0.17204301,0.10909091,3.9808693,0.13561162,0.0,0.9811321,0.35639,0.06284324,0.06037471,0.70212764,0.19688988,0.065834336,0.075918384,0.49462366,0.41408348,0.09686193,0.11214779,0.76363635,4.0375996,0.4283905,0.36846924,0.5724907,0.023394162,0.023988191,0.02065339,0.032504756,256.13177,290.25507,164.45361,204.69786,9.630981,15.163364,10.821663,11.3709545,6.6630836,0.7468263,0.27072927,0.95563567,0.5630659,0.1758388,0.1216444,0.20356935,0.7203596,0.8813352,0.8251158,0.81960577,20.343845,19.986076,19.821424,19.780289
843,2528739746268772860,2.1380777,0.054024696,0.06395149,0.30613613,0.028276443,0.040905,0.021551132,0.035341263,19.576345,0.49636075,1.0499682,8.533833,0.018867925,0.25531915,0.20430107,0.036363635,0.0,0.0,0.0,0.0,0.13467187,0.1948425,0.12094923,0.16883749,2.0332766,0.9996727,1.1937196,1.9333823,4.8743984e+07,5.375026e+07,1.5577344e+07,9.762489e+07,0.0008184434,1.0858422e-06,9.3889014e-07,1.6862128e-05,52.83863,-0.58451223,1.9591081,38.89152,1.0166479,0.53216326,0.598075,0.969257,8687.586,126.04297,215.25,1150.1406,20.24514,19.688496,19.50895,19.465132,0.028706158,0.0012599445,0.0010602442,0.004186905,20.164059,19.688139,19.508629,19.451195,0.013307571,0.019514084,0.011140823,0.017150879,0.9811321,0.12765957,0.32258064,0.6909091,4.2278633,0.02226226,0.0,0.9811321,0.04160881,0.014394603,0.012071852,0.5106383,0.029827118,0.014368959,0.014520148,0.5591398,0.5569,0.031970263,0.0,0.9818182,4.2291756,0.054424286,0.07131195,0.5607109,0.004379965,0.004034874,0.0037385097,0.0054639974,8.284382,6.5780406,7.2819014,11.415668,1.963019,2.297627,1.977252,2.2536843,7.263802,-0.12833717,-0.030584544,5.8225937,0.5811602,0.024806412,0.02068425,0.08149866,0.6784603,0.82372147,0.73078257,0.68065536,20.165556,19.698689,19.51026,19.466532
844,2528739746288991987,3.843233,2.27672,2.200759,2.3463764,1.6661148,2.6573524,1.3384762,2.0594158,3.5035536,2.8418157,0.663379,1.2514706,0.11320755,0.39130434,0.29032257,0.3265306,0.0,0.0,0.0,0.0,0.23841274,0.23682186,0.39978638,0.32771027,1.4015428,0.4637764,0.4439681,0.65446603,4.1527524e+07,8.2996595e+06,4.7543215e+06,8.844852e+06,0.0034504153,0.0039845672,0.0016055419,0.002559812,9.148564,-0.9248202,-0.29127192,-0.48820543,0.73695153,0.29934743,0.2946242,0.3418069,14701.633,5278.367,3701.461,3739.6562,22.469568,22.523392,22.976313,22.020811,0.05909151,0.064619355,0.041434083,0.052837234,21.976612,21.915451,23.124876,21.711649,0.44205093,0.6881342,0.61113167,0.84111977,0.41509435,0.17391305,0.11827957,0.12244898,2.3395996,0.37928995,1.401074,0.7169811,2.9722652,0.5612307,0.48778936,0.7173913,1.5883942,0.5905843,0.4683857,0.4516129,2.1181488,0.52078205,0.6501771,0.6530612,6.87792,3.456955,2.655222,3.2997189,0.14921004,0.18970405,0.14089233,0.16811715,118.49677,121.23668,72.85799,35.47791,9.309356,8.312382,8.034974,6.675188,2.4727035,0.76270276,-0.33519596,0.6526533,1.3277607,1.4554471,0.9520024,1.1635188,0.8103052,0.731342,0.815514,0.87491065,21.771814,21.61953,22.10008,21.146067
845,2528739751880063776,1.1517248,1.552105,1.429882,1.9487867,0.95926476,1.6518631,0.9247894,1.396986,3.2357192,3.5592072,0.27613115,2.5807688,0.32,0.27083334,0.31182796,0.2,0.0,0.0,0.0,0.0,0.33461988,0.21006091,0.38496068,0.28031576,0.45452672,0.48568273,0.38315082,0.61203045,7.854351e+06,7.6677585e+06,4.6265585e+06,3.5928418e+06,0.00069977663,0.0020433548,0.00085304637,0.0024444258,0.1875794,-0.85917234,-0.37944436,-0.022529125,0.2926292,0.29648378,0.25312912,0.34737703,1828.9922,3056.7734,4033.3984,2692.6094,22.543388,21.675283,21.453169,20.865631,0.027143009,0.04533919,0.029280301,0.04954836,22.332043,21.200142,21.49756,20.59534,0.23891068,0.44415474,0.45165634,0.63907814,0.32,0.20833333,0.15053764,0.16666667,1.229517,0.19933245,0.3635074,0.72,2.0045147,0.32995635,0.38759184,0.7083333,1.024683,0.36991546,0.36076605,0.4516129,1.9625244,0.48826954,0.71275276,0.73333335,1.8393784,2.526699,1.4423771,2.9317627,0.09185704,0.12785466,0.09968598,0.1485103,48.569878,196.39154,356.07,244.7069,5.1564217,11.515805,16.035625,15.98387,1.1048781,0.8392876,-0.07786477,0.9737921,0.6118954,0.98273975,0.62815523,1.0338578,0.7020604,0.81789064,0.8427577,0.9040052,22.246191,21.308886,21.13497,20.293587
846,2528739751894195908,4.5074034,0.5968571,1.8485165,0.75078297,0.28513527,0.6084709,0.40104866,0.53001213,13.171903,2.3419585,3.625153,2.1413348,0.019607844,0.41666666,0.16129032,0.26666668,0.0,0.0,0.0,0.0,0.1349255,0.20263134,0.20125332,0.28635702,2.0552197,0.5653531,1.5903915,0.5985993,7.534719e+07,1.0914186e+07,4.4592052e+07,5.1247125e+06,0.0029842942,0.0002854405,0.0004505958,0.00039295165,46.36965,-0.7022941,28.97497,-0.15427852,1.0319692,0.3324214,0.8148908,0.33980647,17788.992,1620.5859,14402.867,1306.75,21.900434,20.65215,20.240078,19.83225,0.056026377,0.016947307,0.021343762,0.019846534,21.653088,20.501099,20.212107,19.701904,0.091573715,0.2001543,0.19606781,0.24059582,0.88235295,0.16666667,0.47311828,0.11666667,8.568703,0.25926632,0.0,0.98039216,0.6921692,0.14711207,0.14992648,0.7083333,3.1538792,0.2837999,0.0,0.9892473,0.7328148,0.18883711,0.2622068,0.71666664,8.648031,0.93076897,3.1479378,1.1651287,0.04442414,0.054231856,0.04857608,0.0624969,74.5655,274.1055,499.07462,488.4474,4.841673,15.325372,18.286375,18.268848,6.673546,0.75331485,4.15351,0.8909512,1.227002,0.34999833,0.43199942,0.39360145,0.6468814,0.85484874,0.81447905,0.83765334,21.72955,20.727983,20.193209,19.850687
847,2528739755530766518,1.1521177,0.9172535,0.13341331,0.22180843,0.4888649,0.42705154,0.06385231,0.11236763,1.4422148,0.611113,0.17330544,1.444591,0.20512821,0.25,0.32941177,0.2542373,0.79270023,0.022400085,0.0,0.0,0.24002132,0.18291238,0.21405712,0.25012818,1.3356066,1.937004,0.9293884,0.6317481,9.229752e+07,7.411049e+07,1.0687811e+07,8.473119e+06,-0.000298094,-0.0001852419,4.182117e-06,2.1627658e-05,1.7837403,1.0350542,-0.07370734,0.6304374,0.75314724,0.969136,0.47042847,0.3243814,3370.3203,1852.8867,340.75,264.82422,24.52796,23.589357,21.16634,19.979671,0.01936649,0.0154443355,0.0025321255,0.004796652,24.632183,23.648481,21.169436,19.965567,0.19982338,0.18566418,0.0324955,0.054138184,0.30769232,0.2,0.1882353,0.2542373,0.8304157,0.4049025,0.234839,0.2820513,0.63687515,0.2641654,0.21077655,0.275,0.0857811,0.030319927,0.03354253,0.49411765,0.18060493,0.047902044,0.07027451,0.7457627,1.5199585,1.0848885,0.13881874,0.29065132,0.071242414,0.051016342,0.008870084,0.016247397,0.8087409,1.504015,3.877535,31.962448,0.7014006,0.9612085,1.598381,4.1505723,-1.0516719,-0.65062857,0.119866826,0.9533437,0.4750205,0.36432195,0.053595826,0.09583554,0.7793321,0.7731812,0.8046955,0.8094645,24.57514,23.618586,21.171318,20.023518
849,2528739762526002712,2.7806234,2.5596209,2.5870924,2.691453,1.6526222,2.801712,1.3012371,2.501871,1.0686693,1.2814084,1.5004101,0.57735586,0.32692307,0.5,0.26086956,0.40350878,0.0,0.0,0.0,0.0,0.3178509,0.22476317,0.39454705,0.3536305,0.4950338,0.53020674,0.43755224,0.55890155,9.937595e+06,5.627466e+06,6.540711e+06,9.774017e+06,0.003028487,0.0046547945,0.0019373106,0.0037551618,0.35940385,-1.0220547,0.66860723,-1.018245,0.32668275,0.3612071,0.26361898,0.2889678,3748.125,3014.9453,6419.742,4849.1367,22.257057,22.411798,23.150805,22.304829,0.055617657,0.06977695,0.046021007,0.0641972,21.937069,22.05178,23.472786,22.158712,0.6014414,1.1889887,0.7095823,1.2529392,0.28846154,0.10869565,0.22826087,0.1754386,2.2853317,0.61170745,0.79897225,0.71153843,2.9830666,0.8434896,0.5981131,0.7173913,1.7471619,0.79819983,0.46858007,0.41304347,2.4664707,0.8019216,0.6498566,0.57894737,3.719429,3.4175339,3.2391338,2.8266163,0.18368292,0.21747208,0.15262657,0.19580235,216.14629,279.67484,156.52148,120.754524,13.577426,15.710916,10.349627,11.789626,0.7893602,0.48389822,-0.8161166,0.014459505,1.2378854,1.5638269,1.0654234,1.4319075,0.83381927,0.757453,0.820115,0.8072846,21.592165,20.911789,21.598688,20.441813
850,2528739762887293688,2.540699,2.2341948,2.251544,2.4435549,1.02421,1.8755436,1.2453938,1.7713356,1.0004694,0.9007226,1.2081474,0.2663472,0.27659574,0.4390244,0.28915662,0.3043478,0.0,0.0,0.0,0.0,0.28507346,0.25938073,0.38416806,0.3681221,0.5804147,0.770853,0.48360118,0.745876,1.3084576e+07,1.7813732e+07,7.0401415e+06,1.7220966e+07,0.0021808792,0.0027291772,0.0014092418,0.0024534774,0.7784076,-0.7561867,0.5553062,-0.6836035,0.3827434,0.4767868,0.3274008,0.39173424,4065.6797,5533.7266,7263.1016,3662.5703,22.954195,22.84838,23.661068,22.561205,0.04774908,0.05553765,0.043260492,0.053187985,22.816023,22.774977,23.913715,22.516802,0.514904,0.9385166,0.63872147,0.95156574,0.34042552,0.12195122,0.20481928,0.1521739,2.190012,0.66739684,0.6964219,0.80851066,2.1326008,0.59090066,0.8336699,0.58536583,1.6411991,0.7818282,0.42116418,0.45783132,2.0023575,0.6792527,0.6235512,0.5217391,3.0000763,2.8497334,3.0928879,2.630745,0.18400788,0.16738825,0.14727421,0.1724051,63.439087,78.22101,47.38044,50.60024,6.411094,8.062506,5.5033836,6.7718616,0.6623561,0.51998556,-0.82181114,-0.07004522,1.0960417,1.2689452,1.0235895,1.199985,0.79865986,0.75430286,0.80564606,0.838319,22.481298,21.761703,22.268217,20.980076
851,2528739762953481675,0.5485449,0.28329945,0.18265057,1.4140692,0.19527626,0.09024811,0.03349495,0.04086685,1.0143862,1.4316374,5.157563,19.677805,0.21153846,0.25531915,0.12087912,0.016666668,0.0032042582,0.37041503,0.0055968356,0.0022580172,0.19895597,0.2261105,0.13354768,0.12725067,1.6232989,1.9203136,1.272747,1.9584594,1.3052022e+08,1.8728704e+08,2.0097214e+07,1.8433533e+08,-3.359818e-05,-3.793729e-08,2.401547e-06,0.0002957959,2.2517972,0.909817,36.11952,59.076595,0.8224054,0.97310436,0.9580831,0.979283,4068.6328,1322.9531,585.9258,11103.75,23.092745,21.99572,20.759352,20.250586,0.008789341,0.005328763,0.0019288196,0.017622462,23.106087,21.989752,20.759287,20.205816,0.09464264,0.04460907,0.015571594,0.020458221,0.30769232,0.31914893,0.5824176,0.98333335,0.28684998,0.1574084,0.1298327,0.48076922,0.2583351,0.07395967,0.059218872,0.85106385,0.3059864,0.024101222,0.0,0.989011,2.7540932,0.030849067,0.0,0.98333335,0.623806,0.30028915,0.3026886,2.752962,0.029971082,0.019374335,0.0042593405,0.005395488,1.623834,1.0555205,1.4181688,1.6028625,1.004415,0.85704446,0.95010555,0.9504604,-0.4994907,0.617011,4.7693434,7.6576605,0.20297,0.11720997,0.040041044,0.35686517,0.78316516,0.82229596,0.79579544,0.7401011,23.098158,21.978159,20.757954,20.208162
855,2528739777170048244,4.1799374,0.5708866,1.4306612,0.73604393,0.37187958,0.704113,0.33820915,0.57097244,12.1585045,2.418107,2.8063252,1.9752216,0.019607844,0.40425533,0.1954023,0.31666666,0.0,0.0,0.0,0.0,0.14687686,0.20022902,0.29079887,0.29219,2.0491588,0.42417186,1.1696321,0.5880148,7.544991e+07,5.9491285e+06,1.0335209e+07,4.8654355e+06,0.0028031352,0.00030814568,0.00028360914,0.00038087027,45.848923,-1.1643877,20.81159,-0.51215315,1.0292355,0.27633828,0.62394786,0.31842464,16694.973,922.6719,4679.383,1338.2422,21.674656,20.880857,20.629475,20.318487,0.05306709,0.017625567,0.016878348,0.019569106,21.436108,20.76018,20.64455,20.24768,0.13353539,0.2108059,0.15531921,0.28446198,0.88235295,0.12765957,0.43678162,0.1,8.011251,0.2566491,0.0,0.98039216,0.7346611,0.15714028,0.101972274,0.70212764,2.3124142,0.24592255,0.0,0.9885057,0.69610405,0.16902588,0.26895857,0.6333333,8.092716,0.7961559,2.2707558,1.013073,0.04337114,0.05098319,0.044340607,0.059965715,136.23523,217.82683,185.48325,220.42181,7.650574,12.656193,11.238769,12.34118,6.6150846,0.59336567,3.2136173,0.74741054,1.150211,0.36803693,0.34819144,0.39761463,0.71475375,0.8558556,0.829995,0.8407083,21.512594,20.937212,20.62585,20.336483
856,2528739779735124332,0.88370895,0.76743793,0.98069,0.09534168,0.32019615,0.19617844,0.027542114,0.037807465,0.8462649,3.6844237,27.214205,0.79239374,0.26666668,0.19148937,0.06593407,0.25,0.9781697,0.9079052,0.0,0.12509313,0.15311065,0.17771132,0.17264372,0.19836725,1.4907719,1.5495086,1.4563581,1.7405151,9.162703e+07,1.3991131e+08,1.8216788e+07,8.124005e+07,-0.00021030843,-6.571665e-05,0.00027803617,6.9416944e-07,1.3514721,3.0917647,14.869785,2.0441515,0.78215814,0.7815508,0.7283695,0.87927073,2597.2695,4664.3125,3915.5117,255.92969,24.171103,22.842995,21.015673,20.09743,0.014145828,0.013873088,0.016819337,0.0016045048,24.146032,22.748022,20.928505,20.094868,0.1609745,0.087200165,0.013706207,0.01798439,0.2888889,0.4680851,0.93406594,0.30357143,0.6447449,0.21479297,0.2589081,0.8,0.8111229,0.14714174,0.24902242,0.87234044,1.3606396,0.025206242,0.40390047,0.93406594,0.04848671,0.020415906,0.023935435,0.60714287,1.0309639,1.1315861,1.8821201,0.10119629,0.05022728,0.049566448,0.048165224,0.0053243805,0.6178252,0.735902,9.652284,1.2219273,0.6675801,0.7485437,1.4437722,0.90214276,0.637834,1.7557069,3.9428244,0.21926974,0.34192026,0.31690288,0.35346967,0.032246422,0.8210033,0.85484016,0.46800798,0.80903924,24.091373,22.708338,20.932234,20.095375
862,2528739803169318187,1.4147921,1.3723583,1.0553293,0.8106346,0.7188301,1.3364601,0.71692085,0.44365692,0.46719012,0.44887748,0.6167541,0.59497356,0.2580645,0.4,0.32352942,0.23076923,0.22948769,0.0085722,0.676678,0.9020423,0.20225878,0.22320847,0.25790003,0.25819108,1.1450579,1.459691,1.1730198,1.8525177,9.892052e+07,1.7792771e+08,1.5694972e+07,6.371488e+08,-4.385227e-05,-0.00094767753,-0.0013288821,-0.0010109753,0.6365459,-0.92963314,-0.13902307,0.51892614,0.61036915,0.92671686,0.5983705,0.9538635,4127.6562,3110.7227,1211.1816,2887.875,24.926565,24.6489,24.741293,23.89642,0.02664703,0.03484018,0.021642605,0.018363474,25.01301,24.749935,24.832027,23.980299,0.35851097,0.61069965,0.25514412,0.21667099,0.2580645,0.25,0.14705883,0.15384616,1.0524368,0.5149397,0.37860113,0.3548387,1.5515251,0.3816816,0.49408177,0.3,0.99362755,0.2981423,0.3039478,0.2647059,0.84306335,0.26423782,0.24288279,0.23076923,1.659359,1.5675526,1.2437973,0.9587803,0.09932507,0.10485328,0.07699721,0.06401023,1.1789421,1.9332161,0.87254673,0.5222295,0.9090626,1.0467669,0.6766001,0.5583481,-0.62587035,-0.34531936,-0.5155149,-0.67643857,0.6642189,0.8587721,0.535466,0.4388213,0.8033151,0.80930924,0.799343,0.8507828,24.846544,24.360415,24.393034,23.747007
864,2528739818098970355,0.73258686,1.4182768,0.96441936,1.3528748,0.4833908,0.85913277,0.4107952,0.7878494,1.1963412,0.34432125,0.32190642,0.3085003,0.23809524,0.29166666,0.30337077,0.33333334,2.1038726e-13,0.0,1.5901231e-09,6.120645e-07,0.18849601,0.16519754,0.25042328,0.25784186,1.3784856,1.3184764,1.4816097,1.1602219,5.224886e+07,1.1600934e+08,2.654212e+07,3.2940944e+07,-8.5625616e-05,-1.7712395e-05,2.8325318e-05,0.00015275613,0.83309984,0.53061366,0.50160027,0.25587773,0.69460166,0.66300684,0.83871037,0.6036026,1550.9922,5496.5156,3300.375,2263.4062,23.88659,23.502028,23.482786,23.196384,0.014694209,0.024064025,0.014336926,0.023961715,23.795547,23.482317,23.440744,23.142994,0.20771027,0.42625332,0.2020855,0.37867355,0.1904762,0.20833333,0.21348314,0.22222222,0.6471596,0.1715928,0.27701774,0.7380952,0.9030285,0.33316123,0.3545741,0.5625,0.5317917,0.2002193,0.21848853,0.56179774,0.9127846,0.30895057,0.37920666,0.6296296,1.0712452,1.6600285,1.0231247,1.6732616,0.04931435,0.06937491,0.046652965,0.0769064,3.5163302,3.8250878,2.1644413,2.239494,1.3022845,1.5674196,1.1764283,1.1843017,1.0710014,0.3098688,0.16563967,0.5147035,0.35099453,0.56555337,0.33667096,0.5558252,0.7101065,0.79921657,0.79401755,0.7761385,23.860416,23.409817,23.402308,23.062511
867,2528739835241736278,0.09899235,0.12998867,1.2208052,0.09243584,0.082141876,0.07133865,0.045017242,0.060110092,1.0625921,1.3379412,25.592106,1.6795928,0.34042552,0.3181818,0.010869565,0.2631579,0.0,0.0,0.0,0.0,0.3036126,0.19652803,0.107537866,0.28904688,0.85769147,1.2310259,1.9002242,0.78495467,4.5632276e+07,6.0807544e+07,1.3608632e+07,9.876348e+06,4.532137e-06,6.2255076e-06,0.00016988647,6.200917e-06,-0.8539274,2.9017982,87.680435,0.10265803,0.4408927,0.66627914,0.95026153,0.43009043,323.51562,455.34766,4522.4766,206.46875,20.728289,19.586512,19.109962,18.83447,0.0024467127,0.0025810546,0.013039419,0.0025369085,20.70789,19.572803,19.084826,18.823374,0.027200699,0.023424149,0.022192955,0.028265,0.21276596,0.3409091,0.9782609,0.21052632,0.09206772,0.02440466,0.023809845,0.63829786,0.0920105,0.021830503,0.038792018,0.70454544,2.362442,0.037991967,0.0,0.98913044,0.09203529,0.024297459,0.03234029,0.75438595,0.12553978,0.20141792,2.3619003,0.12730026,0.0077693462,0.0070237285,0.0066431505,0.008669585,12.457879,26.211037,88.99299,49.037235,2.7046883,4.55536,5.864502,5.4896493,0.35563013,1.2962493,9.25821,0.9285643,0.05071617,0.050553855,0.24918282,0.04778133,0.7994125,0.9015515,0.6159979,0.8225447,20.728012,19.605366,19.089598,18.859045
868,2528739835268184232,1.6317215,1.9268217,2.0084133,2.2764301,1.4280663,2.1309605,1.200182,1.641159,2.595441,2.678505,0.6706189,1.7432276,0.34042552,0.3409091,0.2826087,0.2982456,0.0,0.0,0.0,0.0,0.35794204,0.22853541,0.38063473,0.30319738,0.40842,0.4386483,0.42401507,0.71123064,7.376612e+06,8.2799375e+06,3.7814902e+06,4.6162235e+06,0.0015539008,0.0029920437,0.0015268488,0.0032692517,-0.21423483,-0.85427094,-0.407928,-0.32679057,0.27439743,0.3127919,0.2823087,0.39294067,2645.4531,3113.6172,4337.0195,4268.4375,22.464834,21.733538,21.773958,20.98837,0.039932035,0.054889686,0.03923231,0.05735525,22.104254,21.316536,21.983227,20.754614,0.38847542,0.649559,0.5920229,0.8117771,0.21276596,0.1590909,0.19565217,0.12280702,1.7343025,0.27810594,0.52791744,0.68085104,2.448841,0.47779718,0.40241715,0.72727275,1.4444294,0.47543594,0.45869407,0.42391303,2.089365,0.4699378,0.83581054,0.61403507,2.605404,2.9277382,2.1406956,3.2279415,0.1290275,0.15766092,0.1302258,0.1792816,82.45594,296.40195,416.75876,261.7845,7.6911473,13.726242,20.29078,19.268023,0.95471936,0.7907315,-0.15570782,0.7934733,0.89706653,1.192947,0.8542427,1.2037933,0.78235745,0.78255343,0.8404029,0.883834,21.936592,21.130156,21.124422,20.156284
869,2528739836703811917,1.8827419,2.1036615,2.1797523,2.3077002,1.6672897,2.4783897,1.1948013,1.9821682,2.065274,2.3456364,1.2001891,1.3056349,0.32608697,0.38636363,0.27173913,0.3508772,0.0,0.0,0.0,0.0,0.34663758,0.21410082,0.38881218,0.31931758,0.46816346,0.5154212,0.43257046,0.6671506,1.1108888e+07,7.8408155e+06,3.869481e+06,6.468925e+06,0.001617616,0.0034579588,0.0015730698,0.0035406512,-0.27336192,-0.9958954,-0.113786936,-0.70413184,0.29086778,0.33040679,0.27603686,0.36745015,3377.039,3629.1875,3768.9531,5497.91,22.985481,22.29093,22.417835,21.52462,0.045005728,0.059463393,0.040064435,0.06004405,22.614185,21.830957,22.672318,21.221672,0.4704914,0.7595501,0.5496092,0.96040344,0.2173913,0.18181819,0.20652173,0.14035088,1.9902763,0.38323706,0.62171334,0.6956522,2.7045364,0.5768427,0.35641187,0.72727275,1.5269985,0.58212215,0.43595427,0.39130434,2.2750378,0.5589912,0.78672135,0.61403507,2.731205,3.0548363,2.6774025,3.0944576,0.14562497,0.17240338,0.14039958,0.18973325,47.957047,165.03635,191.72105,135.13823,5.8850803,10.060478,13.140911,13.538915,0.8957015,0.68409956,-0.5172672,0.59152156,1.0344783,1.3254943,0.8981579,1.2924254,0.80016613,0.7533982,0.83667487,0.87005454,22.331985,21.453663,21.60713,20.501513
873,2528739928791914952,3.0528536,0.118507385,1.8255177,0.16676235,0.05126381,0.08631897,0.04600334,0.10113716,19.294718,0.78044724,28.359245,0.44917703,0.018518519,0.34042552,0.011235955,0.36206895,0.0,0.0,0.0,0.0,0.1333831,0.20365943,0.109619275,0.22880314,2.0276814,0.7977683,1.0185469,1.2477118,6.68456e+07,2.1492534e+07,1.6839292e+07,6.997082e+07,0.0015577137,6.223837e-06,0.00035078294,1.2071099e-05,53.69337,-0.34324527,87.39141,-0.34834528,1.0138564,0.4629425,0.9973822,0.6274142,12303.266,196.97656,7371.625,1236.0469,20.73899,20.353596,20.316694,20.266302,0.039532326,0.0027705652,0.01876294,0.0038028166,20.624891,20.336535,20.278868,20.250187,0.025627136,0.036712646,0.022504807,0.052555084,0.9814815,0.19148937,0.98876405,0.1724138,6.0166187,0.04290453,0.0,0.9814815,0.09819031,0.025839752,0.034730606,0.61702126,3.580429,0.035911374,0.0,0.98876405,0.13392067,0.042329364,0.044284973,0.6551724,6.0192986,0.16595459,3.5780258,0.20024872,0.007756962,0.00852535,0.0056117554,0.01252104,20.970104,13.946607,13.406061,10.318671,2.9154544,3.4584148,2.4656649,2.7460022,7.3177834,0.56764406,9.307563,0.3895897,0.8198605,0.056390963,0.3812009,0.07706903,0.63878816,0.8456148,0.65769225,0.83154273,20.633333,20.38145,20.285133,20.304018
874,2528739928812557614,2.995453,1.0723219,1.877779,1.4033957,0.7251911,1.052988,0.67783546,1.0244827,6.633456,3.2066884,1.0591147,2.3711622,0.09259259,0.25531915,0.21348314,0.31034482,0.0,0.0,0.0,0.0,0.22704749,0.21096408,0.34248173,0.28467944,1.6369623,0.5584559,0.75175947,0.6079084,5.1246156e+07,2.1016406e+07,1.1147399e+07,5.171423e+06,0.0016896735,0.0009915581,0.0006348451,0.0012628736,23.712746,-0.6936431,7.690425,-0.15359378,0.8429865,0.35583243,0.46342885,0.33256128,11431.781,4686.039,7691.383,1954.7188,21.452148,21.36187,21.553501,21.352367,0.04120621,0.031573556,0.02530509,0.035752207,21.124643,21.092016,21.587812,21.15698,0.12326527,0.31372643,0.3439026,0.46361446,0.6666667,0.14893617,0.31460676,0.13793103,5.363579,0.503418,0.0,0.9814815,1.3347988,0.23846924,0.35000667,0.70212764,0.8018074,0.23102982,0.45992324,0.47191012,1.4168892,0.30695528,0.5214047,0.6896552,5.591755,1.7049465,2.8481731,2.0840607,0.0800337,0.093824446,0.07262177,0.10902919,334.1836,196.3739,156.66753,71.469215,11.134257,11.981494,10.571309,7.5744596,4.265718,0.8832742,1.7013469,0.94226813,0.88396174,0.6744702,0.5454133,0.7633943,0.66184455,0.8482845,0.8435506,0.85971326,21.18865,21.25414,21.41567,21.055338
876,2528739940866069296,0.8582525,0.93770313,1.5078077,1.2452278,0.4497013,1.111166,0.5446453,0.8562012,3.015155,3.426174,0.8438633,2.5906498,0.2264151,0.31914893,0.20879121,0.22807017,0.0,0.0,0.0,0.0,0.32981977,0.21057953,0.33574006,0.27299038,0.5341923,0.50326467,0.7393951,0.58786565,8.160745e+06,4.655475e+06,1.0141347e+07,3.9097002e+06,0.00032024778,0.00079239404,0.0004970258,0.0011313822,0.9680054,-0.9158664,5.0473933,0.0061838627,0.2963114,0.31553793,0.42640492,0.32332206,1065.7656,1308.8438,6175.9805,1980.1445,21.939196,20.928864,20.285774,19.718643,0.018150274,0.028193984,0.022306979,0.0336483,21.782902,20.6648,20.308622,19.571995,0.12791443,0.27511978,0.2564602,0.3968811,0.35849056,0.19148937,0.32967034,0.12280702,0.7995186,0.15912275,0.28667924,0.754717,1.1911831,0.2031185,0.2399407,0.70212764,0.67017365,0.21437547,0.3634589,0.45054945,1.3556252,0.31890666,0.3913701,0.7719298,1.2426968,1.49893,2.1577454,1.8579197,0.06625718,0.0792586,0.07005817,0.103614606,101.02851,387.08603,918.30176,1137.8347,6.11292,16.683483,25.247227,29.151712,1.2343111,0.8075338,1.2568731,1.0088692,0.3982024,0.59006804,0.45251435,0.6634988,0.6675686,0.8443082,0.845168,0.8489076,21.873293,20.864199,20.215376,19.532215
877,2528739940868199509,3.0492573,0.060946465,1.4398298,0.050013542,0.029031754,0.015075684,0.014635086,0.017255783,19.682547,1.2928383,32.88012,0.44971544,0.018518519,0.27659574,0.010989011,0.28070176,0.0,0.0014090748,0.0,0.0,0.1333797,0.20886517,0.10354626,0.25531963,2.0169334,1.4695668,1.0122039,1.3886424,6.6931324e+07,1.0920775e+08,1.5975021e+07,6.5775844e+07,0.0014098203,2.0716945e-07,0.00023336837,6.0193776e-07,53.687878,2.5398228,90.53902,1.5642731,1.0086834,0.7622016,1.006168,0.69728976,12109.988,202.96875,5711.0156,153.24219,21.34801,19.979738,19.151058,18.73267,0.037657958,0.0010155119,0.015281631,0.00089651893,21.240587,19.977825,19.1226,18.73341,0.0128622055,0.008096695,0.007932663,0.009111404,0.9814815,0.38297874,0.989011,0.2982456,5.8995056,0.04246629,0.0,0.9814815,0.038972855,0.013986145,0.014248184,0.82978725,2.7883625,0.014582364,0.0,0.989011,0.025218964,0.01117279,0.011298435,0.42105263,5.8976765,0.06367302,2.7861805,0.05224228,0.007047566,0.0030530447,0.0018576166,0.0027846498,6.0271416,1.7384698,48.61093,6.0871034,1.0535457,0.94385976,2.3086188,1.7805716,7.316862,0.20258427,9.503123,0.049810126,0.8039224,0.020289663,0.2926594,0.016794194,0.4310828,0.7029525,0.3291181,0.71899027,21.2435,19.981943,19.122787,18.73873
880,2528739946332064488,3.187605,1.3474598,1.3501377,2.1902552,0.78902626,1.6617146,0.75109863,1.277731,4.0713496,2.657159,0.49861196,2.1019907,0.0754717,0.40425533,0.25555557,0.22807017,0.0,0.0,0.0,0.0,0.19977441,0.22739734,0.33978495,0.278279,1.6922995,0.48593715,0.78590846,0.87618244,5.1975624e+07,6.9963675e+06,1.3212811e+07,4.8234515e+06,0.0019419763,0.0015259483,0.0006489388,0.0019406807,19.31506,-1.0261257,-0.09989381,0.80425215,0.8726468,0.32228935,0.4411167,0.46211812,12288.852,2024.9453,7984.7188,3589.2344,22.04733,22.2645,22.393745,22.15401,0.044287346,0.039443944,0.025957162,0.047053516,21.805208,21.921968,22.463615,21.831598,0.3192215,0.47891808,0.3925066,0.60795784,0.49056605,0.19148937,0.14444445,0.12280702,5.6285324,0.6021818,0.0,0.9811321,1.7932816,0.37317216,0.23067449,0.7234042,0.9537258,0.34127504,0.34608513,0.4,2.015129,0.49728918,0.7635278,0.75438595,5.764448,1.9572239,1.4731884,3.417591,0.09726537,0.11473708,0.09291717,0.14031632,168.10777,69.596344,56.902946,21.796148,9.644491,6.727719,6.241036,4.4928555,3.7174401,0.6843379,-0.12799308,1.1423904,0.9764178,0.87819964,0.5812781,1.0424241,0.7416212,0.79910517,0.8299514,0.8540209,21.685324,21.967634,22.157139,21.581205
881,2528739946388017004,3.2594414,1.5447235,1.512352,1.8956299,1.2424011,1.618988,0.94660187,1.564352,5.275895,2.6569421,0.6231766,2.0261152,0.11111111,0.3617021,0.33333334,0.2962963,0.0,0.0,0.0,0.0,0.25840047,0.22704056,0.40157813,0.3015679,1.303923,0.4918285,0.4208503,0.6873798,3.5102044e+07,5.911827e+06,4.5140125e+06,3.7500002e+06,0.003003177,0.0018350087,0.000898873,0.0020338253,7.412963,-0.8301673,-0.47494125,-0.3766415,0.6955432,0.30066928,0.23153351,0.38626775,12404.848,2322.8203,2396.1992,1820.2656,22.247585,22.522373,22.735306,22.345304,0.055384,0.043523554,0.030624866,0.0468711,21.719307,22.099276,22.799505,22.098423,0.2632742,0.46426773,0.45398617,0.66763496,0.5925926,0.14893617,0.14444445,0.074074075,2.8979416,0.5694306,1.5483301,0.8703704,1.9922829,0.395192,0.37862587,0.7234042,1.1685867,0.41673866,0.37052256,0.41111112,1.8826809,0.45350283,0.7031738,0.6666667,5.936756,2.3634186,1.6545792,2.7027912,0.12937523,0.13106893,0.099833965,0.14166734,100.73557,51.03064,52.459908,15.781248,7.6401873,5.6922827,6.2805586,4.3966775,2.45613,0.78495497,-0.29259253,0.8256974,1.2321602,0.98025376,0.6962657,1.047349,0.72414523,0.7850449,0.83704674,0.8738803,21.666224,22.141344,22.27282,21.691893
882,2528739946426735360,3.2904558,0.10435772,0.65847397,0.1482811,0.12364006,0.09923172,0.077459335,0.11319542,18.192167,0.8683287,14.928475,0.6348746,0.037037037,0.40425533,0.022222223,0.33333334,0.0,0.0,0.0,0.0,0.13946834,0.24442767,0.14704049,0.14390673,2.0710347,1.2737235,1.705753,1.2315502,5.9807944e+07,5.7487096e+07,4.8285064e+07,3.0018698e+07,0.0028869319,4.546667e-06,5.813836e-05,8.34394e-06,25.108658,-1.2140459,40.48449,-0.62784815,1.0355725,0.6919709,0.9720684,0.6251961,13410.066,407.03906,4970.1797,436.01953,21.016523,20.747524,20.546068,20.592402,0.05398732,0.002748499,0.0076983,0.003557593,20.790108,20.75285,20.527924,20.581896,0.05555916,0.050275803,0.03818512,0.054466248,0.962963,0.08510638,0.84444445,0.1754386,5.9156075,0.071121015,0.75916255,0.962963,0.09987831,0.028010763,0.026116285,0.4680851,0.9942303,0.049042556,0.2902967,0.9777778,0.12978172,0.03814267,0.039407145,0.64912283,6.459734,0.11286545,1.1955509,0.17044067,0.012346876,0.008002779,0.008162475,0.011526257,42.562393,6.5068693,12.530398,6.126928,4.5415854,2.1703622,2.8573914,2.0182774,5.081835,-0.12633371,5.9983983,0.40281737,1.1346258,0.057024546,0.15816979,0.07325938,0.71772534,0.8239808,0.7785874,0.82550347,20.81071,20.763847,20.540358,20.628775
883,2528739949413893186,1.4967976,1.3904772,1.2359056,1.2616405,0.84879875,1.0877514,0.72917557,0.8405132,0.5536676,0.36091205,0.5176856,0.49986047,0.26666668,0.34615386,0.2631579,0.42857143,0.25502473,0.010774139,0.935659,0.7878164,0.2505189,0.33007202,0.35992366,0.36657295,1.2226214,0.61280465,0.5276788,0.85019076,7.450416e+07,6.7224856e+07,4.285349e+07,1.2768074e+08,-0.00026808504,-0.0006151766,-0.0010940165,-0.00085203623,0.41565466,-0.664073,-0.17644215,-0.52292585,0.61503935,0.36904427,0.3589492,0.5015754,3404.2656,3303.2266,4099.0703,1960.1758,24.90285,24.344082,24.6836,23.639147,0.02951727,0.030297108,0.025969328,0.029444227,24.752552,24.272495,24.815392,23.550083,0.3571148,0.58578205,0.41697407,0.36760712,0.26666668,0.07692308,0.15789473,0.33333334,1.2905693,0.40090135,0.49518692,0.7,1.2531147,0.41658977,0.33042964,0.5,1.0457115,0.445623,0.31587368,0.42105263,1.3488922,0.41273016,0.22509143,0.7619048,1.9356079,1.5743866,1.6112995,1.5013599,0.1135284,0.092643924,0.08784211,0.09374816,1.1578785,1.7610214,0.67276174,0.73992735,0.8827336,1.0483737,0.7145162,0.73577,0.6127522,-0.2611572,-0.54793507,0.4213346,0.73506415,0.73755527,0.6410165,0.6960364,0.79951566,0.7752405,0.7995606,0.8174117,24.54374,24.267601,24.451708,23.222267
884,2528739949604140217,2.4760475,2.6911821,2.670372,3.0967712,1.6575909,2.9022675,1.2654171,2.1883736,0.5786643,1.2365274,0.5740864,0.30257183,0.36,0.4375,0.29885057,0.36363637,0.0,0.0,0.0,0.0,0.28865954,0.20756419,0.381606,0.34721315,0.54978186,0.6046335,0.57569635,0.6495107,9.903576e+06,9.398733e+06,5.887068e+06,7.392746e+06,0.003332391,0.0053281314,0.0017759363,0.004251798,-0.32658887,-1.0897679,1.0274138,-0.55394506,0.39758644,0.37628943,0.31211174,0.3488447,3171.0547,4465.6406,6515.582,4984.5156,21.643871,21.879755,22.326733,21.43432,0.057863444,0.07338669,0.042454097,0.06675068,21.374392,21.4261,22.33242,21.346252,0.86690044,1.1695204,0.65286255,1.106926,0.2,0.104166664,0.2413793,0.12727273,2.1127071,0.6288545,0.8303733,0.62,3.035595,0.82465833,0.5597475,0.6875,1.4955158,0.6932752,0.45157334,0.4827586,2.3869915,0.7371911,0.8297976,0.5272727,3.1004372,3.6148853,3.4671173,3.6001358,0.20094122,0.23261827,0.12880698,0.20001234,1239.8218,805.9363,734.857,466.5932,33.955498,24.801643,16.41171,25.371267,0.5351946,0.4071091,-0.6805311,0.22125581,1.252389,1.6056828,0.9478613,1.4307555,0.8697512,0.7747352,0.67676795,0.84484124,20.690517,20.509928,21.054995,19.749588
885,2528739949630449268,2.5091867,2.2247038,2.273594,2.8533564,1.4162884,2.6567078,1.2177258,1.9768372,1.5890917,1.6286379,0.82785803,0.57507384,0.25490198,0.47916666,0.26436782,0.3275862,0.0,0.0,0.0,0.0,0.22896734,0.20784508,0.39763686,0.32570124,1.1817085,0.6904056,0.5477923,0.6138301,2.1529316e+07,1.6945648e+07,6.1686745e+06,7.937641e+06,0.0033762914,0.004964459,0.0018378588,0.004719879,0.9328799,-1.2853125,0.3639059,-0.50901246,0.6597276,0.4196367,0.27477074,0.32850817,7739.0547,6636.8125,8548.566,4546.492,20.008701,20.092194,20.469963,19.845276,0.058187842,0.07046906,0.042880483,0.06873169,19.669994,19.768345,20.584686,19.590523,0.67816544,1.1681881,0.58841324,0.97753334,0.23529412,0.083333336,0.16091955,0.13793103,2.1463547,0.5306159,0.9135036,0.7254902,2.695963,0.6779841,0.40366653,0.6666667,1.4560547,0.6046128,0.41771108,0.41379312,2.320465,0.64357257,0.82167536,0.5689655,3.688692,2.8211899,2.948557,3.6592731,0.18446365,0.21479267,0.13647197,0.22097626,11243.402,11566.39,8656.506,5327.249,93.51426,97.40943,74.8783,79.37365,1.1121434,0.35201088,-0.62251395,0.42201346,1.1642631,1.4158779,0.8777619,1.3639992,0.83153033,0.8057935,0.7753895,0.86649126,19.38615,19.078583,19.622904,18.531918
886,2528739949661878338,3.5631123,2.4488,2.402917,3.267867,2.077711,3.0245304,1.4216118,2.4275932,1.6484499,1.8408995,0.7953408,0.7029035,0.25490198,0.47916666,0.3372093,0.3392857,0.0,0.0,0.0,0.0,0.25099498,0.21893568,0.4072907,0.32394922,1.0920502,0.6128515,0.41310063,0.7310431,3.0268054e+07,1.376839e+07,4.1550418e+06,5.6317865e+06,0.004950104,0.005557228,0.0020527227,0.0060998215,1.7990694,-1.3634473,0.103452206,-0.51031303,0.61712766,0.37090126,0.22054762,0.38502026,12410.785,6651.1523,6007.258,5256.5,20.688614,20.821318,21.415281,20.505526,0.07039263,0.07459508,0.04536478,0.07828463,20.200052,20.252134,21.656258,20.21005,0.782032,1.0840483,0.6639099,1.2536554,0.27450982,0.104166664,0.22093023,0.14285715,2.6162357,0.5500238,1.0749356,0.6666667,2.9181347,0.7096302,0.5465312,0.6458333,1.625143,0.64961374,0.42762202,0.44186047,2.7566528,0.7205074,0.96501386,0.5714286,5.6915207,3.3505611,3.3447018,4.2814674,0.20225105,0.2184981,0.1380975,0.25528142,6706.2686,4636.5264,2369.2395,2174.078,74.03904,55.620865,42.36061,59.63365,1.1899813,0.36028796,-0.60726887,0.4783092,1.456326,1.5531678,0.9714995,1.6052675,0.8351987,0.76561385,0.760728,0.8488524,19.658445,19.570522,20.304922,18.863008
887,2528739949689068836,3.0923414,2.679905,1.866787,1.6889467,0.9563408,1.7536354,0.75444794,1.1028023,5.7714424,2.663087,0.64725626,2.0496578,0.09803922,0.1875,0.22988506,0.24561404,0.0,0.0,0.0,0.0,0.13552523,0.20808104,0.3474863,0.2811843,1.8498837,1.2699596,0.6867389,0.75226974,2.9522142e+07,3.9958076e+07,1.0480521e+07,4.2005565e+06,0.0040268316,0.0037104576,0.0011027834,0.002343431,12.043991,3.1179705,2.3091693,0.26219273,0.94584185,0.6720137,0.37857288,0.4217876,10385.8125,10971.281,7646.3594,2553.0781,18.254112,18.108839,18.144804,17.6968,0.06361716,0.06091985,0.033208508,0.048409455,17.84213,17.579618,18.177818,17.496872,0.27716064,0.45328712,0.35484886,0.5123539,0.5294118,0.29166666,0.28735632,0.15789473,5.112013,0.59278274,0.5877186,0.9607843,2.004425,0.32500583,0.85906714,0.6666667,0.9157467,0.3126734,0.4487752,0.44827586,1.4615116,0.29833308,0.66255707,0.61403507,5.7391033,4.7921734,2.3370686,2.5200863,0.119530514,0.15545316,0.10319911,0.1508795,57443.625,81526.305,53667.973,43540.043,175.98868,241.32542,197.32211,195.31557,3.226817,1.5097977,0.7404462,1.0062317,1.1612748,1.1031878,0.6025619,0.85669243,0.7466636,0.8644779,0.85034925,0.8808858,17.884003,17.733866,17.943134,17.31054
888,2528739950006473534,2.5786066,1.0191555,1.8244963,0.25162983,0.0089969635,0.006542206,0.00740242,0.006608963,19.744682,17.330568,32.585487,17.994791,0.02,0.06382979,0.022988506,0.01754386,0.0,0.0,0.0,0.0,0.13858458,0.23060673,0.14267632,0.12902127,2.0433404,2.1365447,1.3244417,2.02754,7.873289e+07,1.7733971e+08,2.0004804e+07,8.454038e+07,0.001820708,0.000894935,0.00079515483,1.5717982e-05,49.98722,12.11405,48.360466,54.98045,1.0216708,1.0682734,1.0190079,1.0141774,10542.355,8290.07,7410.2773,990.01953,17.06282,16.604614,16.370634,16.263823,0.042669885,0.029915588,0.028198596,0.0039656134,16.958836,16.476465,16.301804,16.254732,0.0044546127,0.0030727386,0.0035381317,0.0032157898,0.98,0.9361702,0.9770115,0.9649123,5.147911,0.008090222,0.0,0.98,2.0101357,0.004961767,0.023486815,0.9361702,2.9956226,0.008298439,0.8865782,0.9770115,0.4827881,0.0084747095,0.0,0.98245615,5.148939,2.0270157,3.6224918,0.48340797,0.0021301687,0.121219255,0.0018460624,0.001383452,7941.176,44649.016,11792.388,1188.6664,16.5525,57.5837,21.644073,8.054545,7.069739,3.6873474,6.8975964,7.357406,0.7280686,0.4967368,0.46162888,0.06449603,0.18939915,0.37124076,0.21049954,0.25962806,16.961721,16.509007,16.30661,16.259386
889,2528739950056052577,2.7620182,1.6758671,1.6958313,3.6195545,0.7542362,1.8010216,0.94462204,1.2092915,4.696475,2.697015,0.24840593,2.5121047,0.12,0.3617021,0.3678161,0.1724138,0.0,0.0,0.0,0.0,0.23837516,0.21152961,0.37452596,0.24502969,1.4119089,0.52357966,0.50291115,1.1767365,4.819306e+07,1.0773828e+07,6.9710855e+06,2.6356798e+07,0.0025805118,0.0030610652,0.0013993639,0.0043209037,12.939861,-0.90096617,0.11423898,10.209133,0.75191784,0.3107297,0.26214835,0.6091952,10167.422,4756.1875,6865.875,11938.1875,18.27981,18.191545,18.388035,17.972794,0.05079912,0.055327244,0.037408482,0.06592244,17.93805,17.770012,18.400028,17.685081,0.22864151,0.5050621,0.48413658,0.5866585,0.58,0.12765957,0.21839081,0.2413793,2.2326126,0.39667898,1.3540889,0.88,1.9813061,0.35158563,0.43718627,0.68085104,1.0920467,0.37278414,0.45448706,0.4597701,2.3476772,0.56580764,1.4664971,0.82758623,5.0607204,2.6486225,1.9312859,6.2556896,0.12531441,0.16234048,0.117909625,0.16750154,47814.848,68877.23,58295.19,38418.957,159.01056,228.58969,210.88687,186.96904,3.0786953,0.7390029,0.26800892,2.5155253,0.9285983,1.0064881,0.6878685,1.1848104,0.7496494,0.8686925,0.87274414,0.8689989,17.990902,17.826937,18.07204,17.438221
890,2528739950077167283,3.526247,2.5247726,2.377242,3.1920376,1.6900711,2.941307,1.3887672,2.076683,2.2741725,1.8596923,0.87816924,0.6025208,0.2,0.44680852,0.33333334,0.3275862,0.0,0.0,0.0,0.0,0.24868403,0.22205868,0.41149423,0.32743353,1.0558627,0.563614,0.3805619,0.67596096,3.4883204e+07,9.043165e+06,4.36895e+06,9.602391e+06,0.0042687436,0.005896954,0.0021504648,0.004981427,3.7736387,-1.2177637,-0.27581477,-0.30034852,0.5992998,0.35335425,0.1945286,0.36281976,11596.867,5149.0547,6280.133,6312.9883,20.387486,20.51199,21.029129,20.202736,0.06535394,0.07682507,0.0464033,0.07073781,19.91507,20.132166,21.229036,19.94691,0.5113783,1.2796078,0.7231331,1.1156454,0.36,0.12765957,0.20689656,0.15517241,2.3351517,0.43778113,1.1926769,0.68,3.046423,0.71694016,0.50101054,0.68085104,1.6778469,0.5898855,0.4679667,0.40229884,2.433754,0.6673854,0.8637963,0.5689655,5.725153,3.3598804,2.9636059,4.200243,0.20293027,0.22344303,0.14327328,0.22079206,4782.638,7116.418,3428.6765,3112.705,63.11051,73.40991,57.181652,63.648163,1.644869,0.46800587,-0.48017523,0.46823,1.3324025,1.575835,0.975821,1.4290973,0.86058897,0.77923065,0.8089308,0.8612045,19.696463,19.397177,20.03856,18.78097
894,2528740139710391021,2.794691,1.9514141,2.0215235,2.2710762,0.8776493,2.3471375,1.1629276,1.5137138,4.280526,2.741601,0.1486991,1.3601867,0.13461539,0.40425533,0.30952382,0.30357143,0.0,0.0,0.0,0.0,0.22801173,0.21895756,0.380302,0.30119672,1.2761893,0.58301574,0.42088294,0.63995427,3.5158524e+07,6.3462015e+06,4.43343e+06,4.1761815e+06,0.003306808,0.0047026933,0.0020227733,0.004235781,6.850945,-1.0473397,-0.18128061,-0.23803544,0.69848067,0.35546786,0.29390496,0.35608396,9954.648,3404.5195,3380.6094,3684.625,18.040247,18.262852,18.714636,18.192677,0.05750506,0.068576686,0.044975918,0.06508413,17.693924,17.854876,18.624191,17.891138,0.32966614,0.6707058,0.5441065,0.80233955,0.44230768,0.17021276,0.17857143,0.125,2.9135704,0.4993806,1.1238307,0.90384614,2.5301285,0.4756662,0.39083293,0.70212764,1.354557,0.49917716,0.5001228,0.53571427,2.0124931,0.42771462,0.8312748,0.5714286,4.8574104,2.8258152,2.0303135,3.147686,0.18996117,0.20492834,0.14432327,0.21132569,63962.24,87339.36,65180.52,41194.49,203.66602,260.62143,217.84526,210.18752,2.373812,0.68140113,0.029980408,0.7542982,1.0374055,1.2524059,0.84170794,1.1840545,0.794535,0.8487533,0.8278602,0.8639661,17.671665,17.631084,18.156305,17.390305
895,2528740139724094880,3.1659613,1.7186041,1.6577787,1.8928261,0.6114807,1.4488602,0.5894222,1.0729599,6.3958325,2.973152,2.318294,2.339437,0.07692308,0.23404256,0.29761904,0.19642857,0.0,0.0,0.0,0.0,0.19611573,0.2014725,0.32870185,0.26973993,1.7301809,0.70789367,0.6026579,0.7742306,5.423028e+07,1.3262971e+07,6.464968e+06,6.299382e+06,0.0032587086,0.0032569268,0.0014755669,0.0028491376,20.26427,0.177567,0.47967505,0.99566436,0.88765955,0.41224524,0.3644595,0.42625976,12389.77,4338.5664,3406.2031,2916.7266,17.358438,17.408346,17.637053,17.278028,0.057085257,0.057069667,0.038413297,0.05337759,17.123816,17.022768,17.533165,16.956831,0.2973051,0.39011955,0.29837322,0.5266075,0.53846157,0.21276596,0.2857143,0.17857143,3.0060349,0.35488594,1.896766,0.9230769,1.9217796,0.3076159,0.68337595,0.70212764,1.364708,0.3527074,0.39110392,0.77380955,1.9682217,0.49519974,0.66035336,0.8214286,5.838484,2.806137,1.9782486,3.0102425,0.14856094,0.18523742,0.12625772,0.17727609,86117.58,150356.95,92676.71,82785.62,237.63855,327.33276,255.17221,258.62604,4.023401,1.1366477,0.81287557,1.2230345,0.99091095,0.9934885,0.6774973,0.92225957,0.79572904,0.84303576,0.8186526,0.8632522,17.094988,17.081045,17.357666,16.87196
896,2528740139751390845,3.1782427,1.9538679,1.9251442,1.7360578,0.012311935,0.029556274,0.4193573,0.00758934,17.481285,13.509916,16.514877,20.795153,0.07692308,0.12765957,0.20238096,0.05357143,0.0,0.0,0.0,0.0,0.17529815,0.18305984,0.23551494,0.12500648,1.6127391,1.05028,0.943061,2.108612,5.010844e+07,3.361823e+07,1.0750862e+07,9.717792e+07,0.004161815,0.0043799523,0.0037662406,0.0022115589,21.63079,4.0827703,1.9703555,15.264537,0.8063696,0.5578547,0.50782794,1.0543072,12975.629,7128.549,8110.879,14022.523,16.518858,16.353825,16.360975,16.009495,0.0645122,0.0661813,0.06136978,0.047027327,16.241749,15.922213,15.829429,15.830662,0.0056619644,0.0046634674,0.007675171,0.0038142204,0.9230769,0.85106385,0.7380952,0.9464286,3.596506,0.011168097,1.8396273,0.9230769,3.0782328,0.22024944,0.6854588,0.87234044,2.226181,0.13673715,0.73093355,0.77380955,3.3107672,0.010016512,0.15603562,0.9464286,6.330927,3.8956108,3.820115,3.4593716,0.16152552,0.20878318,0.18044013,0.14067933,94536.15,130404.31,245095.45,24164.596,92.737656,148.84868,262.2746,40.950523,4.450419,2.355191,1.7527196,4.084729,1.0656679,1.0823174,1.0040694,0.75288373,0.37085286,0.5210231,0.70123243,0.29702392,16.271305,15.985101,15.963304,15.841687
898,2528740199719369141,2.0001364,2.2080412,2.3162146,2.8545542,1.0315437,1.5736408,1.2760868,1.951931,1.1650254,1.2592313,1.3332157,0.71544504,0.2820513,0.3902439,0.30952382,0.33333334,0.0,0.0,0.0,0.0,0.2960609,0.22614068,0.40023735,0.31621885,0.8355292,0.68723494,0.29528686,0.68138605,1.9127508e+07,1.5383253e+07,5.037892e+06,6.844672e+06,0.0009988432,0.0028021454,0.0017963669,0.003851157,0.98055243,-0.6886649,-0.030039787,-0.26407957,0.50052994,0.41623163,0.23428598,0.3652848,3368.7422,3966.7969,4753.4688,4343.047,23.805782,22.81792,22.236109,21.167025,0.038657006,0.05562325,0.04264981,0.062402215,23.58486,22.564983,22.409832,20.955229,0.5187378,0.6204128,0.66248703,0.9885311,0.15384616,0.12195122,0.16666667,0.10526316,1.7163296,0.45115748,0.71317303,0.74358976,2.5558186,0.6644807,0.44713205,0.75609756,1.6572876,0.61398596,0.4503154,0.35714287,2.2289505,0.5452881,0.8609378,0.54385966,2.9075317,2.9441147,2.68886,3.7825813,0.1278338,0.17512938,0.13274676,0.18740362,8.126091,60.85728,337.48904,375.95193,2.7003129,6.205768,16.62657,22.218105,1.1076655,0.64305633,-0.6362241,0.56312764,0.92026025,1.2692069,0.9483658,1.3208692,0.80284905,0.7738037,0.8291472,0.8668686,23.308521,22.143227,21.341024,20.024801
899,2528740199759120989,1.4181452,0.60615253,0.60795116,0.79646015,0.39021492,0.645483,0.33843803,0.49686813,4.165395,2.882606,0.32174525,2.4926372,0.08888889,0.3409091,0.30952382,0.22807017,0.0,0.0,0.0,0.0,0.23675051,0.2234787,0.37757206,0.27049404,1.9288071,0.50805193,0.31493467,0.67269146,7.4738456e+07,7.7671945e+06,4.259634e+06,4.0125922e+06,0.00041791127,0.00034037055,0.00016458801,0.00049387076,20.021235,-0.84535336,0.044419765,0.35223722,0.9823341,0.31602558,0.24281763,0.36698475,5754.2656,1118.2891,822.9219,1227.375,21.756771,20.44477,19.278717,18.599289,0.020726142,0.018482193,0.01283328,0.022226162,21.596516,20.27738,19.272888,18.492622,0.13539696,0.17495728,0.16679287,0.23378754,0.53333336,0.22727273,0.17857143,0.14035088,2.5130215,0.2539037,0.0,0.9777778,0.7596874,0.13452275,0.1609326,0.70454544,0.4009819,0.13558069,0.15661056,0.54761904,0.8072281,0.19386011,0.29214412,0.75438595,2.6174335,0.9490032,0.7087841,1.2209492,0.04147978,0.054590516,0.045392055,0.07168448,107.99665,461.77988,1598.9934,3874.3735,6.773556,18.131235,33.893303,49.922054,3.8986871,0.8097463,0.33123136,1.0836987,0.45093393,0.3778642,0.24740916,0.41339082,0.7151062,0.8496843,0.8402742,0.82552326,21.695305,20.483788,19.285803,18.589134
900,2528740199857620754,1.8712168,2.0768595,1.9519424,2.366084,1.0084953,2.0831032,1.2070904,1.9494,2.1096978,1.7109851,1.2056735,1.1751431,0.21428572,0.35714287,0.2857143,0.36842105,0.0,0.0,0.0,0.0,0.26603776,0.21877684,0.40304515,0.30980125,0.83743554,0.59603065,0.3266866,0.6124497,1.6769008e+07,1.5928389e+07,4.3398465e+06,4.304919e+06,0.0014926146,0.002917067,0.0016114259,0.003934907,1.0129929,-0.6173878,-0.17564988,-0.6951847,0.46137464,0.40446693,0.25330377,0.3476704,2634.3477,5547.8516,3644.496,3805.5078,23.554977,22.586805,21.902197,20.760033,0.04106506,0.055284612,0.040275667,0.06284755,23.241505,22.20036,22.174118,20.493933,0.43852234,0.7443571,0.5122738,0.9668865,0.2857143,0.11904762,0.22619048,0.10526316,2.1610737,0.49663985,0.6748132,0.8333333,2.5127316,0.57391274,0.52783966,0.7380952,1.546608,0.5459842,0.44762158,0.3452381,2.2838116,0.55494815,0.7864842,0.5964912,2.802414,2.974226,2.610485,3.0878239,0.14486212,0.17470893,0.14343436,0.20262457,19.026161,73.76765,467.0236,605.929,3.587041,7.0287585,20.30326,29.39412,1.2718406,0.77408046,-0.5438495,0.55770254,0.9672865,1.2487028,0.8821256,1.3047172,0.8083687,0.7645861,0.83634573,0.8667821,22.920044,21.952597,21.15878,19.709951
901,2528740202588343474,1.6885805,1.587079,1.6264219,2.060627,1.1112766,1.9329376,0.9408817,1.5116234,2.2097044,2.2479422,1.017146,1.6491687,0.20930232,0.38636363,0.2857143,0.28070176,0.0,0.0,0.0,0.0,0.33660558,0.24753721,0.40069503,0.29269832,0.50285906,0.48409286,0.30042937,0.67383975,1.2923709e+07,6.729394e+06,4.0205212e+06,3.7642222e+06,0.0011259805,0.0022890256,0.0011074935,0.0028697122,0.7216935,-1.1135035,-0.18439388,-0.26168966,0.31421205,0.30752957,0.23225282,0.3807188,2563.7266,2393.5312,2823.2031,3116.2812,22.809137,21.805077,20.901236,19.960903,0.03434006,0.048005294,0.033302363,0.053591903,22.516516,21.426788,21.106157,19.674322,0.30093956,0.6016369,0.4334154,0.7194443,0.3255814,0.13636364,0.22619048,0.12280702,1.4327507,0.25968206,0.5881616,0.6744186,2.0918045,0.4423831,0.31188783,0.70454544,1.1804276,0.42606217,0.36018136,0.39285713,1.852066,0.38580894,0.7420008,0.5964912,2.497305,2.2637634,1.9379978,2.9739494,0.11425668,0.13921255,0.111864634,0.17104732,38.391598,197.94614,1330.4691,1491.8741,4.877433,11.988688,32.498314,39.63033,1.1385632,0.62155294,-0.35082933,0.79633474,0.78326714,1.0467591,0.69606054,1.0697428,0.73745334,0.8385279,0.8488178,0.88186246,22.438063,21.403015,20.538374,19.30429
902,2528740202615985333,0.17696476,0.121456146,0.24155521,0.15257454,0.12396622,0.1194191,0.088106155,0.08469963,0.87026256,1.4434229,1.5650445,2.2349954,0.3409091,0.36363637,0.22619048,0.24561404,0.0,0.0,0.0,0.0,0.3669949,0.24660736,0.28949556,0.27135146,0.7528665,0.5627444,1.0069331,0.6911691,3.344418e+07,2.107929e+07,1.2013743e+07,7.796524e+06,9.7709735e-06,1.2081524e-05,1.3462437e-05,1.5513802e-05,-0.69439125,-0.7716651,10.280349,0.842325,0.52871215,0.34794253,0.5296882,0.37301558,460.72266,251.6875,793.5117,276.73438,21.295687,19.935097,18.69823,18.093956,0.0037088855,0.0035767045,0.00367689,0.003948158,21.283207,19.913872,18.695477,18.076408,0.061027527,0.041438103,0.039263725,0.038707733,0.09090909,0.20454545,0.3452381,0.1754386,0.13893509,0.03902109,0.038248796,0.59090906,0.14085197,0.034444723,0.02809843,0.72727275,0.10516167,0.034473553,0.07101071,0.6904762,0.15711021,0.037589848,0.043785293,0.8245614,0.1987133,0.16675758,0.38422012,0.23847008,0.010577559,0.01112972,0.009652193,0.012706436,14.889979,47.284843,261.34995,323.4786,2.963165,5.91293,11.579393,13.595243,0.23913105,0.6418108,2.1971943,1.1711035,0.07898326,0.07130195,0.068751335,0.0714378,0.78396064,0.8672344,0.7103856,0.7980736,21.29823,19.968472,18.70361,18.119629
913,2528740416982776592,0.73736095,1.1541376,0.9963436,1.2446394,0.92007065,0.7901554,0.9466095,0.8448105,0.79861426,0.57591444,0.7423139,0.16539091,0.53846157,0.35714287,0.41304347,0.33333334,0.52124274,0.9219841,0.9887271,0.20083839,0.15510744,0.38449115,0.37379664,0.26797152,2.1901867,0.49342975,1.0454283,1.4419441,2.941865e+08,3.1069258e+08,3.8714748e+07,7.37462e+07,-0.00021806514,-0.0012944218,-0.00074270484,-0.002165328,-1.0865381,-0.4314525,-1.175015,-0.23047972,1.1471088,0.29783309,0.53633505,0.7779686,3990.8125,2509.25,4524.414,1964.9531,24.892763,24.964783,24.773207,23.923885,0.01764586,0.029065358,0.02206201,0.026283883,24.825462,25.063332,24.672613,23.8484,0.39818382,0.3950777,0.45053864,0.40263748,0.15384616,0.21428572,0.10869565,0.18518518,0.764513,0.24841629,0.14915444,0.53846157,1.4820004,0.15153159,0.40269545,0.21428572,0.9601536,0.28037012,0.23569793,0.5652174,0.99466705,0.40716195,0.3521203,0.5555556,0.8597164,1.4260769,1.1357174,1.2946358,0.04729875,0.09009487,0.066865936,0.09677976,0.9587065,0.5069965,0.5821698,1.2219203,0.84897876,0.60670614,0.6881529,0.7723717,-0.2401976,-0.66543156,0.063307814,-0.11521758,0.43925422,0.7256103,0.5465467,0.6288126,0.84931463,0.8613075,0.8671498,0.7146907,24.817373,24.830925,24.49864,23.524483
918,2528740440019143831,0.9747219,0.20662689,2.6048622,0.2816553,0.08659363,0.25455856,0.11808014,0.13297462,9.184043,1.9776001,25.484015,1.7768676,0.11363637,0.43589744,0.02173913,0.26923078,0.0,0.0,0.0,0.0,0.28378865,0.24248321,0.13737682,0.30390525,0.5740473,0.6785777,0.48400086,0.63898224,2.5805278e+07,1.3306038e+07,7.4350655e+06,1.7117066e+07,0.000434609,4.2166797e-05,0.0007999552,3.630842e-05,7.6328325,-1.3388743,70.33494,1.536314,0.49364358,0.396799,0.66381264,0.34705684,2440.3594,377.58594,6677.7617,577.84375,20.49648,19.900253,19.791906,19.616512,0.020890282,0.006544749,0.028354274,0.0060914946,20.343998,19.837637,19.728943,19.609278,0.04279518,0.081235886,0.059153557,0.07410717,0.77272725,0.15384616,0.9782609,0.21153846,1.2318935,0.09271301,0.45586476,0.8863636,0.24193192,0.04106748,0.060663477,0.5897436,5.0281734,0.20140615,0.0,0.98913044,0.27225685,0.0657089,0.07633782,0.84615386,1.8506641,0.31921387,5.036482,0.40629005,0.06630972,0.018117163,0.012606481,0.018499045,138.67372,146.58392,98.58278,84.67532,8.054428,12.736958,7.8074684,6.5668406,2.8350413,0.46139434,8.129989,1.2244155,0.42817727,0.13024215,0.5611851,0.11949388,0.7140672,0.87683856,0.78202754,0.79258525,20.36806,19.97064,19.728966,19.675087
923,2528740454439547405,0.86529064,1.4530363,1.1700096,2.7630758,0.9151726,2.0321407,0.68663406,1.165844,0.30163872,0.5065277,0.36118156,1.3202509,0.4,0.54545456,0.3181818,0.15384616,0.6574603,0.017339485,0.12624575,0.0038830473,0.2934234,0.2308398,0.34271747,0.2701817,1.9894744,1.1928574,0.8344141,1.7847778,5.0444813e+08,1.723555e+08,1.2279813e+08,1.3691659e+08,-0.00059495284,-0.00017847514,-0.00082022586,-0.00032460928,-0.96566033,-1.5857325,0.018057346,6.627002,1.0369586,0.8986528,0.49587503,0.93200517,1905.9297,2342.6836,1948.4844,4349.287,24.74445,24.3008,24.35898,24.050621,0.021562027,0.044036992,0.02396255,0.057262506,24.844446,24.015636,24.283596,23.69611,0.36834908,0.8687973,0.34331703,0.34846497,0.13333334,0.09090909,0.27272728,0.3846154,0.93670654,0.19276187,0.31832364,0.33333334,1.9431667,0.5293078,0.23057477,0.6363636,1.1117153,0.3558347,0.2974436,0.77272725,4.382761,0.6761593,0.0,0.9230769,0.97340584,1.7621841,1.3407307,4.400135,0.06663662,0.12024523,0.08173381,0.21004999,0.81151116,2.1589246,1.3576652,2.4202142,0.83421147,1.2981167,0.9194867,0.95862776,-0.106310405,0.20385797,0.477919,2.314336,0.5335405,1.0701342,0.5837033,1.3771988,0.8954995,0.8304263,0.79440045,0.57364035,24.480247,23.635067,23.89178,23.496313
924,2528740466283229033,1.6458883,1.2251139,1.6510849,2.5319195,1.3431606,0.9976406,1.0588722,0.9511833,0.7001488,0.25663784,0.6123568,2.1542397,0.30769232,0.3809524,0.38235295,0.045454547,9.446173e-08,0.054962814,6.6681665e-08,0.00031401424,0.37125498,0.3898556,0.37538624,0.2404836,0.60909766,0.93444824,0.39330956,2.2282352,9.926174e+07,6.3231636e+07,4.2903268e+07,3.5547856e+08,0.0001601733,-0.00015796084,0.00027221977,0.00030076524,-0.16715503,-0.7641735,-0.5272558,12.217263,0.45999336,0.48525408,0.32580906,1.1188325,4583.914,1818.9336,3945.0078,10286.59,24.320211,24.265495,24.04072,23.438124,0.03482463,0.028921386,0.03494772,0.044383347,24.02858,24.349087,23.856277,23.367992,0.5255079,0.48163795,0.4890995,0.41108322,0.1923077,0.14285715,0.1764706,0.3181818,1.5355625,0.37039348,0.4824465,0.65384614,1.230156,0.3079746,0.41316473,0.33333334,1.4472065,0.402944,0.51881474,0.61764705,4.3099613,0.49968225,0.0,0.95454544,2.4176235,1.2956085,1.907917,4.184183,0.105419986,0.09305492,0.115237184,0.12818648,3.220917,1.5508637,2.875953,2.4031818,1.6340189,0.98377866,1.6745012,1.2079965,0.7025344,-0.16512011,0.45987538,3.0876606,0.8469423,0.70179176,0.8401683,1.0402623,0.8488684,0.787972,0.85977894,0.65808976,23.851875,24.292982,23.36757,22.953674
925,2528740468804413913,1.5036993,1.4409409,1.4962626,1.2040472,0.76804924,1.0468712,0.86917496,1.28689,0.4211742,0.32107604,0.1914917,0.64953375,0.31707317,0.25,0.3148148,0.46875,0.0,3.9293556e-07,9.607248e-05,0.021210574,0.20277607,0.17479296,0.3543049,0.30332816,1.0400655,1.3229856,0.9538631,1.200706,6.2622676e+07,8.278916e+07,3.477786e+07,4.066313e+07,0.00012506658,-0.0005096163,-0.00031740995,-0.0004575644,0.29809785,-0.16715908,0.13155866,-1.088474,0.5794142,0.76240814,0.47698125,0.6107346,3399.164,3235.918,4851.8203,2552.0586,24.509666,24.087646,24.358316,23.523813,0.027933044,0.02900051,0.026142297,0.032530133,24.499132,24.129128,24.38233,23.444744,0.3869915,0.5283747,0.40499687,0.64206886,0.2682927,0.21428572,0.22222222,0.125,1.0827198,0.43815672,0.47630998,0.6585366,1.1553631,0.30493942,0.456245,0.39285713,1.0079823,0.4176097,0.36826348,0.44444445,1.3302975,0.44263437,0.38203987,0.65625,1.7937794,1.6429558,1.6924133,1.342062,0.09676898,0.09148522,0.0862744,0.09662012,4.2080235,2.9587474,1.8909564,1.5795668,1.5399513,1.2523261,1.1249799,1.0987468,0.36580405,0.25357825,-0.26987752,0.261256,0.6846296,0.69855404,0.63678235,0.76523274,0.7634605,0.77458954,0.80187756,0.842337,24.105225,23.944736,23.992855,23.140621
927,2528740511324081121,1.5247307,1.3589077,1.1396112,0.9704151,0.91459656,1.9032135,1.0743923,0.7196617,0.4275346,1.3004787,0.22996904,0.34554073,0.33333334,0.33333334,0.33333334,0.30769232,0.35845447,0.075952776,0.8677212,0.5627669,0.22983705,0.30274153,0.32133076,0.2986925,1.0241898,1.6274457,1.2661635,1.2607349,1.3294722e+08,1.946766e+07,5.264377e+07,2.3312536e+08,-0.00020535871,-8.570639e-05,-0.0012379701,-0.00068842754,0.28119183,-1.8347846,-0.8438711,-0.20968437,0.9458886,0.8612059,0.64263403,0.74370813,2292.7617,958.5495,1965.043,1631.8906,25.115858,24.72213,24.657011,23.506,0.031615064,0.042903192,0.026631573,0.024025748,25.001116,25.248634,24.672243,23.482725,0.40180683,0.6215725,0.5423393,0.3035717,0.2777778,0.06666667,0.14285715,0.23076923,1.2504959,0.55195546,0.40468112,0.6111111,2.0220585,0.24610867,0.3015959,0.4,1.0827389,0.3771404,0.3639365,0.42857143,0.97974396,0.3333628,0.30554348,0.6923077,1.5831776,2.0299778,1.26787,0.995491,0.11290603,0.10691898,0.08305682,0.079159915,1.0877674,1.5808203,0.66102827,0.8840103,0.8192769,1.4492239,0.7408081,0.7311645,-0.30565166,-0.37453243,-0.20517646,0.24423097,0.7940394,1.0606583,0.656655,0.56474924,0.7523302,0.9490522,0.8696357,0.7322801,24.904488,24.105127,24.32195,23.372843
930,2528740547900626791,0.65956783,1.0776062,1.3845634,1.0942097,0.53038216,1.311739,0.82086563,0.9878788,0.31408128,0.66811514,0.18419497,0.40841985,0.36363637,0.21428572,0.31914893,0.42857143,0.986842,1.5180711e-06,0.0,0.7722982,0.33201045,0.38182458,0.294349,0.31763655,1.0858558,0.9993726,1.424832,1.3657683,1.8481128e+08,3.271507e+08,2.0864772e+07,1.1465614e+07,-0.00091791694,-6.113677e-05,-0.0002410877,-0.0017225575,-0.08565807,-1.1449955,-0.17620993,-0.69136,0.5982557,0.6059127,0.7602066,0.799064,1391.9414,2561.2344,2437.625,548.0755,25.130949,24.655273,24.234467,23.810705,0.01477933,0.02966239,0.026013182,0.028171211,25.081417,24.913483,24.196169,23.675919,0.27289867,0.4652748,0.4107628,0.46614742,0.13636364,0.0,0.23404256,0.35714287,0.60461235,0.18829335,0.25677046,0.59090906,1.3317299,0.33835438,0.31515008,0.35714287,1.0302734,0.39139912,0.35998318,0.61702126,1.2383823,0.3745134,0.26153663,0.71428573,0.8400631,1.5693054,1.4538193,1.3642864,0.051944632,0.083873555,0.0879032,0.08872489,0.44186512,3.9770422,3.9368558,0.6929646,0.5124235,2.2740512,1.5707788,0.6588191,0.5729794,-0.5617222,0.0785171,0.39727643,0.3714186,0.7313343,0.6304156,0.6707764,0.7635809,0.8821702,0.77345514,0.7769819,24.90942,23.715477,23.631342,23.547754
931,2528740547918603398,1.0550528,1.6361647,1.3488865,2.4242506,0.81669617,1.6732254,0.8048229,0.79678535,0.31363243,0.534007,0.4153712,1.7824328,0.41379312,0.4,0.29411766,0.10526316,0.27699068,0.0,0.0,1.8144934e-06,0.25892282,0.32478103,0.30644852,0.25666526,1.4803089,0.6102442,1.1218759,1.5647122,1.8948954e+08,7.105078e+07,3.5776796e+07,6.8277576e+07,-0.001740797,0.0010884987,-3.6526748e-05,-0.0003548194,-0.84554124,-1.2439003,-0.22957015,9.303398,0.74301463,0.5671623,0.5647183,0.78733146,5613.8047,2456.8125,5881.9375,3312.5312,24.948671,24.119886,24.09877,23.888971,0.02302566,0.042287875,0.02588855,0.041189887,24.940624,24.093275,23.991236,23.6529,0.4330654,0.78868484,0.3997097,0.31845284,0.10344828,0.1,0.19607843,0.31578946,0.94729805,0.28238848,0.3536105,0.51724136,1.7729397,0.5427848,0.39421585,0.5,1.0382977,0.32956344,0.3869488,0.5882353,3.7016048,0.5114752,0.0,0.94736844,1.1424923,1.8462658,1.4360199,3.7428532,0.06869442,0.12730871,0.0875257,0.13882601,1.1406871,6.950751,5.4466424,3.3512514,0.9882409,2.9073906,1.7793137,1.0120572,0.2533402,-0.22889899,0.3064742,2.6249754,0.5744596,1.0199788,0.6238822,0.98398405,0.8005293,0.840632,0.76332366,0.5221831,24.529417,23.249231,23.479105,23.597569
932,2528740548095693330,0.9784117,1.3826342,1.4242268,1.4609566,0.8265991,1.0464745,1.0233727,0.72999763,0.47825894,0.45413062,0.753603,0.7619862,0.32352942,0.3043478,0.35714287,0.33333334,0.6534114,0.0,0.0,0.32938945,0.26929885,0.21453932,0.28011078,0.29344577,1.6197366,1.3445855,1.1638874,1.3597538,2.1339752e+08,3.8922412e+07,1.8568986e+07,3.706623e+07,-0.00046825514,-0.00029908892,-0.00014749465,-0.00093315216,-0.6308291,-0.5251157,-0.74009967,0.032290697,0.81231254,0.7877231,0.61991525,0.77773535,5137.0547,1830.3008,4840.961,1995.8789,24.744177,24.189297,23.961325,23.566586,0.020997096,0.030888831,0.02737287,0.030436821,24.753891,24.181503,23.833635,23.352577,0.4324274,0.5798073,0.51643276,0.36611843,0.29411766,0.17391305,0.14285715,0.23333333,0.9412117,0.3341208,0.21396318,0.7352941,1.2913837,0.4462625,0.39525205,0.3478261,1.129713,0.32455766,0.33641586,0.53571427,1.4039898,0.39388993,0.39343345,0.76666665,1.0453892,1.4400978,1.4957161,1.9078369,0.06710076,0.09808439,0.081638075,0.09615717,0.8870035,10.102291,8.439406,1.0960344,0.94264215,3.1642303,2.2846458,0.90057164,0.1964008,-0.45996112,0.07975968,0.723272,0.51955587,0.7471791,0.6558902,0.71729195,0.9024852,0.83916694,0.7625281,0.80871075,24.466686,23.02484,23.256693,22.956348
933,2528740548366865624,1.1310072,1.1898336,1.1376438,1.2393827,0.6735916,0.58465195,0.46170425,1.0744438,0.41028884,0.7538467,0.39429635,0.3786786,0.33333334,0.2857143,0.3529412,0.33333334,0.8407328,0.21063627,0.9349534,0.3372933,0.22050251,0.21072794,0.28447035,0.25748432,1.7539413,1.6221644,1.4986925,1.6279368,1.4843798e+08,3.1605066e+08,6.29182e+07,3.3502162e+07,-0.0007293369,-4.129972e-05,-0.0015716123,-0.0020639596,1.6825922,3.4111972,0.51582026,-0.83414793,1.2265881,1.344306,0.7522176,0.9177445,1767.4727,1807.3516,2759.4688,934.71094,25.008589,24.697168,24.774193,23.995598,0.019550016,0.024932997,0.02038706,0.033743367,25.018852,24.886469,24.762121,23.969025,0.29952812,0.3327179,0.25636864,0.63403606,0.16666667,0.2857143,0.11764706,0.16666667,0.7510624,0.37162384,0.25096512,0.45833334,1.3793755,0.6899756,0.3291181,0.14285715,0.78269196,0.36552402,0.25046483,0.5588235,1.3248005,0.5130753,0.35499367,0.5,1.4225101,1.8595123,1.3293743,1.3249168,0.061214138,0.08708094,0.06967573,0.1021276,0.7100476,1.2890255,0.6563059,1.1235185,0.7601778,0.89193684,0.62109464,0.95912987,-0.82177866,-1.6308612,-0.49105147,-0.36873788,0.4889183,0.61577445,0.50507295,0.80969226,0.775428,0.7742356,0.7825166,0.8687085,24.717686,24.584595,24.492546,23.362694
934,2528740551965989705,2.4280481,2.9230647,2.3718753,3.6086783,2.541379,3.4138908,1.3873615,3.4802332,2.2161162,2.110558,1.6738563,1.3613313,0.3846154,0.41860464,0.30107528,0.34615386,0.0,0.0,0.0,0.0,0.32283536,0.24112488,0.40780547,0.33927947,0.468863,0.5043549,0.43359128,0.83098066,8.951777e+06,3.2487538e+06,5.085772e+06,1.5338317e+07,0.008010395,0.013904092,0.0032531128,0.014714656,-0.9249077,-1.2789766,0.9510596,-1.1162941,0.29629105,0.28110945,0.2168142,0.46137276,4069.629,2967.2656,5507.0547,11021.754,16.554539,17.605692,18.073645,16.626886,0.08950088,0.11791577,0.05703633,0.1213052,16.128292,17.3939,18.38482,16.523817,0.7432933,1.9398232,0.71164894,1.6953363,0.17307693,0.023255814,0.22580644,0.03846154,2.91187,0.6174192,0.55950546,0.6923077,3.6992855,1.195032,0.44650468,0.5116279,1.7116032,0.7724389,0.38513154,0.43010753,3.5679245,0.66680384,1.1110538,0.5,3.3937378,3.198207,3.6523142,4.7146263,0.288939,0.3303287,0.17210107,0.3477918,1.0618936e+06,1.3196669e+06,588240.8,1.1291232e+06,1051.3505,1488.1216,577.5358,1785.4796,0.61365664,-0.3967036,-0.9679534,0.31096756,1.4816458,2.0759888,1.0308543,2.0169277,0.86519045,0.9645852,0.78111774,0.88818747,15.517625,15.076766,16.653471,14.664569
935,2528740551970355252,2.157436,2.991784,2.2260408,3.1989183,2.5231314,2.9365902,1.3993988,3.0959969,2.7084131,0.5897311,1.7207947,1.5117158,0.4,0.37209302,0.32258064,0.3846154,0.0,0.0,0.0,0.0,0.3268055,0.22317907,0.41498953,0.34000885,0.452145,0.48687497,0.39108625,0.8753699,9.651096e+06,3.3156152e+06,4.5188645e+06,1.6956342e+07,0.006490921,0.01140789,0.0030037458,0.011627787,-1.0911243,-1.1025574,0.6869409,-1.2019457,0.286471,0.28823632,0.19580613,0.48182875,3654.0,2791.539,5305.582,11688.025,16.809607,17.62734,18.104322,16.758165,0.08056634,0.10680801,0.054806728,0.10783242,16.288143,17.440882,18.434858,16.560953,0.69543314,1.6013985,0.7678604,1.5095577,0.18,0.069767445,0.21505377,0.0,2.6781797,0.5068004,0.47302914,0.68,3.1832027,1.028239,0.94357914,0.5116279,1.6704464,0.70506895,0.3630962,0.4408602,3.1906614,0.5568362,1.028505,0.5,3.1090126,3.2139893,3.343029,4.154764,0.24908352,0.33108443,0.16912037,0.30758786,628261.0,924528.75,420762.12,687965.0,770.2412,1108.6351,509.06198,1305.4717,0.6155037,-0.05132104,-0.8706291,0.33308583,1.3542885,1.8827411,0.99223864,1.8070735,0.863759,0.93940115,0.77353704,0.8985289,15.855385,15.57093,16.893639,15.026779
936,2528740554001323563,1.4544239,1.6968927,1.0159559,1.3780289,0.7496433,1.0050411,0.68754005,1.2218952,0.47938615,0.41470268,0.3325939,0.38306165,0.28,0.375,0.2857143,0.25,0.009455402,1.4463587e-05,0.27601779,0.021179494,0.14942263,0.24093147,0.17756945,0.33828253,1.5844315,1.2273272,1.7176024,1.303635,1.3145684e+08,5.391944e+07,8.648155e+07,5.3345244e+07,7.251208e-05,-2.1299851e-05,-0.00080903684,-0.0010726228,0.51924753,0.8853898,-0.28941607,-0.002963066,1.0772834,0.7706322,0.9168783,0.70951116,3748.8438,1291.2461,2166.1602,1582.5912,24.816154,24.588152,24.628414,23.809027,0.027839169,0.03686239,0.020842155,0.033062823,24.93876,24.671597,24.701351,23.751905,0.4033184,0.4808483,0.36620903,0.49875927,0.28,0.25,0.21428572,0.0,1.1605968,0.5144426,0.37706152,0.32,1.6499767,0.7005192,0.49390635,0.25,0.8791027,0.30387986,0.27811685,0.35714287,1.2820454,0.49687576,0.36084196,0.5,1.7894173,2.264452,1.1070938,1.5643234,0.09985176,0.12492472,0.06667224,0.11019399,1.7996906,3.3008008,1.143772,2.039976,1.1050498,1.2090268,0.88335073,1.0460386,-0.6386691,-0.9054401,-0.38157597,-0.45255196,0.6908611,0.906378,0.51330924,0.78719366,0.7993518,0.74926084,0.81358373,0.78065735,24.549726,24.155436,24.135252,23.043512
937,2528740555649241763,1.5476828,1.4948874,1.1919537,1.177537,0.8115921,0.9916229,0.7611942,0.9249115,0.5584153,0.3702514,0.34422585,0.3664413,0.21428572,0.3125,0.3,0.18181819,0.6322741,0.0005994783,0.919578,0.84275603,0.21829396,0.25611258,0.30741224,0.37598228,1.3116828,0.6833447,0.92778766,0.65054697,9.727742e+07,1.6329422e+08,2.784793e+08,1.5909602e+08,-0.0003839769,-9.4778974e-05,-0.0012059989,-0.00038685824,1.2293777,-0.07836962,-0.23506618,1.0202403,0.76579106,0.61384153,0.61349607,0.43887565,2601.961,3252.6172,4975.664,1575.0859,25.111326,24.253044,24.504036,23.703114,0.026250528,0.03361186,0.02617292,0.028903732,25.064455,24.43332,24.389038,23.67858,0.39731884,0.44187832,0.3970766,0.49912643,0.2857143,0.125,0.2,0.09090909,1.0476799,0.37945917,0.49756595,0.64285713,1.3217602,0.5420302,0.40716222,0.4375,1.054163,0.34995887,0.40246502,0.6,1.210844,0.35629746,0.5505639,0.72727275,1.6196022,1.6792316,1.2901287,1.5318108,0.09761865,0.11425597,0.08900256,0.09720232,0.8875811,2.612921,0.5855022,0.56627643,0.8678292,1.3136809,0.6786932,0.70404017,0.50012153,-0.37551627,0.30236906,1.0082033,0.6591856,0.81518996,0.64134216,0.6851084,0.8120589,0.8089243,0.835853,0.87429315,24.690836,24.149473,24.203026,23.451052
938,2528740559557548197,2.485375,2.7295098,1.7049794,4.148799,1.6839981,2.4248848,0.90831757,1.8025274,0.79036736,0.5577866,0.6216721,1.0523944,0.26530612,0.4,0.28915662,0.25862068,0.0,0.0,0.0,0.0,0.27777132,0.22399202,0.330257,0.2887565,0.66878366,0.7496644,0.64316255,1.2766602,5.8582685e+06,1.329657e+07,1.0049129e+07,3.219566e+07,0.0039091054,0.0066794297,0.0015079491,0.0061671757,0.954931,-0.86582017,0.9265864,7.822325,0.40531176,0.42206132,0.3265289,0.6530161,2353.2344,7245.957,3955.586,13971.121,17.110357,17.365753,17.499832,16.755394,0.06252292,0.08172802,0.038832482,0.07853154,17.084232,17.214144,17.55744,16.58997,0.7093792,1.1530151,0.45386505,0.8719244,0.2244898,0.13333334,0.16867469,0.22413793,1.8032341,0.75838447,0.38821015,0.6938776,2.3801327,0.8272559,0.69815207,0.5555556,1.0657711,0.50065905,0.35125187,0.44578314,1.9722958,0.52925134,1.1697133,0.55172414,3.152091,2.889758,2.0543108,6.464594,0.1811237,0.25580037,0.11255954,0.19758041,1.1786601e+06,780215.0,246719.19,406075.03,735.7723,785.92834,354.55032,654.8684,-0.47686607,-0.095940806,-0.6329297,1.9009385,1.0697894,1.4192686,0.6795619,1.3158269,0.68029904,0.8299374,0.7423351,0.8653708,16.272306,16.189823,17.052637,15.843784
939,2528740559569984168,2.7267995,3.5327644,2.7218962,4.4817142,1.7266846,2.0626068,0.91620064,1.7547903,1.3350738,0.6638007,1.7218663,1.3813357,0.30612245,0.2888889,0.18072289,0.2413793,0.0,0.0,0.0,0.0,0.29253218,0.23352496,0.30878705,0.24397948,0.61675024,0.74101907,0.6682635,1.50925,4.9758495e+06,7.768613e+07,1.0753322e+07,4.280412e+07,0.00434075,0.0065508536,0.002463684,0.0072728633,1.5829871,0.45099425,3.9004424,8.665337,0.37964547,0.40247357,0.33722642,0.7672551,2322.4766,17838.836,7413.074,15397.109,16.961172,17.165949,17.482403,16.702755,0.06588444,0.08093886,0.049635872,0.085281484,16.815208,17.111303,17.559978,16.581955,0.5783272,1.2289972,0.4775238,0.869771,0.3265306,0.31111112,0.30120483,0.25862068,1.9373322,0.78546196,0.33183184,0.71428573,2.2688046,0.92646,0.7224323,0.64444447,1.2567272,0.4668298,0.69320935,0.45783132,2.1752262,0.625892,1.4356239,0.6551724,3.3998327,4.0071316,3.301384,7.036812,0.1830407,0.23520276,0.128609,0.20243497,1.7890854e+06,1.1263646e+06,266841.8,457764.34,772.8179,873.6729,401.35428,708.52014,-0.5664348,0.04244542,0.96192753,2.1447983,1.1174773,1.3893924,0.86775434,1.4244357,0.66131,0.830082,0.7325899,0.85815734,16.01773,15.97731,16.95359,15.747496
940,2528740559900217586,2.1810274,2.6270127,3.110013,4.3343606,1.9493732,2.5484543,0.85185814,2.2901516,0.49022067,0.6272984,2.6732662,0.7587336,0.40816328,0.44444445,0.20731707,0.31578946,0.0,0.0,0.0,0.0,0.28574222,0.19997488,0.27532163,0.3362803,0.6423633,0.4611327,0.81714696,0.88859075,7.8210855e+06,6.4098815e+06,8.66933e+06,1.972918e+07,0.003522992,0.006442538,0.0028714084,0.008619366,-0.4417014,-1.1130323,4.202796,2.2894766,0.40777513,0.2782226,0.410392,0.4643572,3028.3672,3377.6953,7071.75,13259.969,18.27917,18.15291,18.47362,17.4844,0.05935515,0.08026581,0.053589463,0.0928411,18.232452,18.216787,18.62024,17.412775,0.90369415,1.2712898,0.3640442,1.2295456,0.24489796,0.17777778,0.46341464,0.1754386,1.8339272,0.6530191,0.6095141,0.6530612,2.449566,0.7247941,0.8232399,0.4888889,1.6937008,0.48138842,0.7197983,0.24390244,2.5824833,0.7193725,1.2054366,0.5263158,2.4210167,2.8300943,3.8045712,6.295349,0.20705654,0.24028946,0.14558947,0.2606171,176477.62,280734.06,123132.02,262075.8,390.5112,566.98486,279.8561,681.7057,0.28046942,0.047521148,0.779363,0.9884833,1.0849628,1.4570581,0.98999137,1.623271,0.9103878,0.87185174,0.84892267,0.88758487,17.496428,16.852715,17.704643,15.990498
941,2528740563741898083,0.91402435,1.4432402,1.453906,3.240593,0.5569515,1.4867134,0.6104851,1.3813782,0.32634676,1.2028648,1.6110554,1.4866735,0.34042552,0.4090909,0.24358974,0.2413793,0.0,0.0,0.0,0.0,0.29609278,0.20492674,0.34763917,0.28831407,1.0019654,0.47488126,0.80422306,1.3773493,3.2328556e+07,3.6737832e+06,1.1770299e+07,3.2712264e+07,0.00023713632,0.0014417287,0.0005298372,0.0025166466,0.59386325,-1.0676405,0.7158396,7.0200753,0.5650342,0.28044534,0.43994942,0.706654,1626.2969,1736.1094,3485.6445,12126.066,22.874653,22.116375,21.747984,21.368696,0.016898794,0.038235568,0.023165727,0.05035124,22.860909,21.905884,21.876583,21.219057,0.28767395,0.56347084,0.26858616,0.69281864,0.21276596,0.18181819,0.1923077,0.15517241,0.63640213,0.21650046,0.26450965,0.63829786,1.5513916,0.38261086,0.3907794,0.6363636,0.81845856,0.35755512,0.25557908,0.41025642,1.691042,0.43257764,0.9853199,0.62068963,1.1965122,1.8978901,1.4784603,5.193001,0.050853767,0.118039615,0.07338127,0.1235429,20.344332,136.41052,133.31094,129.45276,3.3027303,9.225492,9.380646,11.445872,0.599218,0.4097597,-0.4057908,1.9045535,0.38655403,0.84563214,0.50380784,1.0759404,0.70946336,0.77471966,0.80470675,0.85717475,22.808857,21.776114,21.589502,20.819853
947,2528740587290142075,0.8879833,0.56757545,0.09330368,0.9841261,0.2874813,0.2937832,0.04187584,0.039279938,0.87428117,1.4631869,1.0297718,15.215872,0.1904762,0.25641027,0.3152174,0.018867925,0.26427764,0.31452122,0.00011343577,7.4940054e-14,0.13678661,0.21260688,0.1939483,0.13314036,2.1766102,1.2849194,1.600646,2.0079103,1.9256949e+08,8.4611544e+07,2.305054e+07,4.4816805e+06,-0.00028277628,2.2356986e-05,2.2518132e-07,0.0001617305,1.9917378,1.1715219,1.3148208,50.33639,1.0907091,0.6427556,0.8130092,1.0040283,4380.5703,1571.5508,280.73828,783.47656,23.925093,22.532574,21.13598,20.587626,0.014189618,0.011458948,0.0015654357,0.012929504,23.89317,22.463455,21.131962,20.543001,0.17286396,0.11898613,0.021583557,0.020442963,0.33333334,0.30769232,0.26086956,0.9433962,0.49163818,0.24849123,0.22325964,0.5952381,0.48082733,0.10808168,0.19801638,0.71794873,0.057260513,0.016628005,0.023830067,0.67391306,1.914463,0.041657183,0.0,0.9811321,0.9383087,0.7901211,0.13079262,1.9229622,0.05302492,0.038451277,0.004740671,0.007657991,1.1281786,1.0963254,1.6407235,3.1945004,0.8695339,0.97888905,0.97185224,0.9569431,-0.33568257,1.1406214,0.8743401,7.014896,0.3394879,0.2581996,0.03308702,0.2661878,0.7892982,0.8673518,0.7468288,0.5327082,23.841663,22.425201,21.127234,20.54413
950,2528740590743268646,1.237751,1.5132818,2.586976,3.915739,0.71619606,2.0354633,0.88495064,1.516243,2.4654853,2.7376575,1.6368599,2.8306997,0.30612245,0.41860464,0.24175824,0.20689656,0.0,0.0,0.0,0.0,0.3122285,0.20666006,0.3155664,0.2599259,0.74089676,0.4760063,0.86584187,1.4693724,1.1682618e+07,5.274143e+06,6.5321445e+06,3.9291892e+07,0.0008049348,0.002442179,0.0014499269,0.004163228,1.2423365,-1.4032745,4.822199,6.7331357,0.4478836,0.30177665,0.48092002,0.73498285,2151.711,2990.5234,7596.3516,15346.074,21.028578,21.279995,21.570148,21.231544,0.028415315,0.049472533,0.0406385,0.0649536,20.850721,20.834635,21.600008,20.883759,0.2568798,0.5394821,0.4523964,0.7449684,0.3265306,0.093023255,0.36263737,0.12068965,1.1513691,0.22968304,0.4681945,0.7346939,2.0598412,0.36748743,0.32305542,0.6511628,1.5527725,0.5262453,0.9203784,0.8021978,2.712738,0.6237492,1.3770589,0.79310346,1.906107,2.1993484,3.5714016,6.7358246,0.094980665,0.13785653,0.1221976,0.1600342,643.5351,643.0003,411.2727,173.8572,18.546028,20.961859,17.215464,14.625996,1.2991701,0.522506,1.4398081,2.047451,0.59753364,1.0527753,0.87657845,1.3790653,0.7185324,0.81378216,0.82668835,0.899839,20.765055,20.777761,21.091337,20.461376
951,2528740590752524378,0.42139244,0.05335331,2.589858,3.1263075,0.023374557,0.010181427,0.017772675,0.024456024,11.671362,2.019351,30.386341,20.348635,0.08163265,0.20930232,0.054945055,0.033898305,0.0,3.434064e-11,0.0,0.0,0.13572575,0.17545825,0.20815194,0.15397681,1.799802,1.3999395,0.7520531,1.7132163,1.1768664e+08,1.208951e+08,3.8967025e+06,5.210995e+07,4.9759168e-05,3.7812578e-07,0.0021693013,0.0022446478,19.807814,6.8227987,20.437693,34.636257,0.9970413,0.8601419,0.555491,0.9716282,1690.1602,134.92969,7706.254,12805.355,19.741562,19.381392,19.488012,19.450153,0.007075274,0.0008188353,0.046700977,0.047421757,19.702188,19.380348,19.270294,19.265537,0.01117897,0.005252838,0.008375168,0.012229919,0.85714287,0.5116279,0.9230769,0.9491525,0.44231987,0.02528749,0.25142068,0.9183673,0.035446167,0.009693866,0.019672932,0.88372093,4.258732,0.17412102,0.9275631,0.95604396,4.77606,0.14849271,2.0083816,0.9661017,0.8027439,0.06652641,5.1598816,6.218918,0.016645916,0.00237686,0.071344145,0.037360024,142.55049,3.136374,149.57048,140.84845,4.4814906,1.1815403,4.473994,3.511936,4.225043,1.4566816,4.5571914,5.7474732,0.13967696,0.015870167,0.9101092,0.9223604,0.42221364,0.6672183,0.38444576,0.2954733,19.714687,19.381409,19.27595,19.267067
952,2528740590773600698,0.7167587,0.8263664,2.2046623,3.11228,0.46474266,1.1234455,0.5905628,0.79722214,4.1980424,3.2381883,7.169446,4.3407907,0.1632653,0.3255814,0.08888889,0.084745765,0.0,0.0,0.0,0.0,0.33008954,0.21641712,0.2467163,0.215018,0.56123936,0.4683673,0.94995195,1.7095101,1.016359e+07,4.332573e+06,4.279041e+06,4.222785e+07,0.0003160956,0.0008266597,0.001320378,0.0021598975,1.4648688,-1.3188332,13.844414,17.964647,0.34073573,0.29525366,0.56815004,0.8571605,1124.1445,1431.1562,6079.867,12396.004,20.326197,20.309002,20.469904,20.289133,0.017798562,0.028765382,0.03644655,0.04650128,20.156178,20.024532,20.381319,20.100262,0.11459732,0.28255463,0.29808044,0.4090824,0.42857143,0.11627907,0.41111112,0.2881356,0.70251846,0.08885104,0.28804925,0.71428573,1.1421986,0.18173686,0.2235253,0.6511628,3.5795517,0.37905064,0.106852226,0.96666664,5.501211,0.6195293,0.0,0.9830508,1.2446938,1.3249207,3.6646423,5.5968437,0.058251407,0.077352725,0.072542876,0.10316847,988.27905,1258.3522,674.18396,523.7365,18.91308,31.0061,21.98343,19.38328,1.4813988,0.6217771,3.3438983,3.5071762,0.36177707,0.5841962,0.7460574,0.94347066,0.6681711,0.8849856,0.85060716,0.8308223,20.216293,20.249012,20.28946,20.049608
960,2528740653650682512,0.95833015,1.185008,1.4103403,3.8923988,0.47986984,1.2932777,0.68554306,1.0790043,3.7187192,2.8755224,0.3638531,3.2185006,0.20408164,0.4,0.29213482,0.16666667,0.0,0.0,0.0,0.0,0.3501851,0.22991696,0.38509494,0.2253024,0.43498117,0.56612694,0.51654565,1.6472998,7.2572e+06,8.618581e+06,6.5518975e+06,3.9444308e+07,0.00067585695,0.0014197628,0.0006819597,0.0033905404,1.6845391,-0.9446695,0.35193253,16.915419,0.31496337,0.33455762,0.2791352,0.8402535,1379.8359,3137.289,4369.711,15227.617,19.84405,19.755697,19.883196,19.811907,0.026002437,0.037684437,0.026119895,0.05825125,19.663662,19.471432,19.912588,19.5522,0.19651413,0.3239231,0.34855843,0.49804306,0.30612245,0.15555556,0.20224719,0.21666667,1.1567745,0.20550802,0.40338042,0.81632656,1.5205536,0.27315438,0.24155954,0.7111111,0.8562012,0.271587,0.32679042,0.39325842,6.674343,0.77433115,0.0,0.98333335,1.5585651,1.7999325,1.700203,6.822809,0.09237792,0.10758017,0.08572394,0.12444171,3496.7952,4336.984,3082.411,1696.4011,38.575535,54.35438,47.21859,38.53476,1.5670712,0.7492277,0.13457875,3.29478,0.51599365,0.74448234,0.519347,1.1540684,0.6684695,0.81011325,0.85560507,0.8841932,19.728346,19.597305,19.731228,19.372654
961,2528740653832816836,2.7864876,0.38960838,1.4924984,3.2053614,0.17218208,0.46571732,0.2396431,0.36504745,11.808489,3.3123136,8.162465,9.706964,0.02,0.35555556,0.06741573,0.016666668,0.0,0.0,0.0,0.0,0.13463359,0.221625,0.2067765,0.15528119,1.9790101,0.55062485,0.74324083,2.008769,1.0463495e+08,6.8845765e+06,1.153736e+07,5.297214e+07,0.0016237022,0.00018641677,0.0002809985,0.001963079,44.18797,-1.0090153,51.51651,44.355923,0.9930087,0.3177292,0.6814159,1.0109539,11016.293,862.89844,4601.66,12884.355,19.28562,18.873363,18.836954,18.83774,0.04033319,0.0136573855,0.01676611,0.044309247,19.11979,18.756945,18.846933,18.649647,0.08870983,0.10774994,0.101882935,0.16515636,0.88,0.22222222,0.64044946,0.8,5.3431034,0.18651168,0.0,0.98,0.52902603,0.09156688,0.07969152,0.7111111,2.6124973,0.15271513,0.0,0.98876405,6.019943,0.30708945,0.0,0.98333335,5.402071,0.5988655,2.573164,6.1077003,0.035944343,0.038871408,0.025944566,0.053907398,1970.0835,2877.98,1214.0679,2394.2031,28.570051,46.30667,29.060541,37.05664,6.476624,0.77068174,6.2602353,6.254314,0.77785057,0.2577608,0.31582245,0.8346861,0.69774914,0.88788295,0.8436817,0.77599114,19.18411,18.94296,18.823597,18.775629
962,2528740653854315236,3.002555,0.035678864,1.4871902,3.2051888,0.02038765,0.010473251,0.015138626,0.016515732,18.831175,1.8753645,30.76488,22.107243,0.02,0.17777778,0.02247191,0.016666668,0.0,0.0,0.0,0.0,0.13849169,0.17291377,0.123756856,0.12669522,2.0105612,1.5972763,0.6410791,2.0395448,1.0742253e+08,1.2630839e+08,1.0608405e+07,5.5573176e+07,0.0019797054,3.5240546e-07,0.00030315528,0.0020097252,49.84487,5.074177,80.14166,59.499046,1.0052812,1.0302624,0.80221266,1.0206542,12147.387,111.13281,4686.3906,13059.805,18.964468,18.440046,18.334616,18.383268,0.044555373,0.0006524914,0.017413449,0.044831626,18.838243,18.437517,18.292017,18.2645,0.011472702,0.004283905,0.0074920654,0.0077667236,0.98,0.37777779,0.9775281,0.98333335,5.9704666,0.03262981,0.0,0.98,0.025279999,0.0066180704,0.01272568,0.84444445,2.935316,0.07198332,0.0,0.98876405,6.371151,0.052413702,0.0,0.98333335,5.9772835,0.050559998,2.944933,6.3837337,0.00784698,0.0020584345,0.0036126142,0.011725738,95.11914,7.9333653,196.8311,764.1771,5.2723994,1.9043564,5.278555,7.1854877,7.055083,1.5867503,8.812926,7.699233,0.844969,0.0120319715,0.31926888,0.8241518,0.60737216,0.6885454,0.38871458,0.2901781,18.847399,18.439022,18.296032,18.27526
963,2528740653860709560,2.1121922,0.9406204,1.5301619,3.2463799,0.3518448,1.0031071,0.5252075,0.85925865,6.3937516,2.529718,0.72398245,4.2005014,0.12,0.4,0.28089887,0.1,0.0,0.0,0.0,0.0,0.18272902,0.22678891,0.3406108,0.2087956,1.6235737,0.61059797,0.63865453,1.6011357,8.06647e+07,1.0172461e+07,8.32612e+06,3.99486e+07,0.0011349852,0.0008558704,0.0005090679,0.0025759267,21.049995,-0.91565895,6.16026,16.469082,0.8412633,0.35218894,0.40608084,0.8685313,8173.6094,2614.625,4890.8633,12728.781,19.666286,19.417986,19.486052,19.446001,0.033696525,0.02925871,0.022567011,0.050759554,19.472412,19.218967,19.55376,19.20559,0.14810848,0.31264877,0.27113152,0.37445354,0.66,0.11111111,0.30337077,0.35,3.830965,0.3855647,0.0,0.98,1.1461296,0.22539422,0.20087768,0.7111111,0.6565666,0.22434668,0.34119183,0.46067417,4.150984,0.5853358,2.154598,0.96666664,3.9482212,1.417839,2.1549377,5.7765617,0.07146274,0.082559586,0.06874606,0.106663845,3731.9875,4899.111,3187.1565,2270.0679,37.19338,59.615463,47.87236,40.9858,4.077076,0.7326958,1.2662421,3.3972101,0.6626855,0.5681452,0.43974194,0.9870703,0.6630901,0.83810693,0.8462275,0.8487612,19.54747,19.404026,19.415985,19.179155
964,2528740653863602320,2.8692894,1.2384186,1.4528046,3.1032267,0.7494354,1.3995571,0.68060684,1.1729431,5.309321,3.3513098,0.89694345,3.3190482,0.12,0.31111112,0.26966292,0.18333334,0.0,0.0,0.0,0.0,0.20986836,0.23989129,0.38680035,0.237929,1.510129,0.5043013,0.57165605,1.2196091,7.3846984e+07,5.5034925e+06,8.0330605e+06,2.5627184e+07,0.0021759197,0.001712374,0.0006192535,0.0035052903,17.035599,-0.9433861,0.7685876,5.6156235,0.7865635,0.31599945,0.30433056,0.71877116,11083.016,2553.5781,4414.5586,11974.414,19.995108,19.82863,19.946487,19.841219,0.046743102,0.041385956,0.0248913,0.059234075,19.65143,19.4712,20.022123,19.494287,0.21408558,0.37622833,0.29014778,0.5452671,0.62,0.24444444,0.17977528,0.18333334,5.157797,0.59042025,0.0,0.98,1.6829243,0.28260282,0.28471172,0.7111111,0.8118439,0.30250978,0.28123486,0.42696628,2.343317,0.4923451,1.2572447,0.8,5.3983192,1.9270687,1.6610737,5.3050785,0.10478289,0.119415194,0.07861168,0.15173422,4057.4446,4031.031,2884.0159,1746.7479,41.655575,52.116196,44.411007,38.587234,3.560072,0.80825293,-0.025415305,2.068002,0.9346334,0.82062685,0.496494,1.1752763,0.6730817,0.8152517,0.8312588,0.8773795,19.700241,19.59734,19.806465,19.307425
967,2528740659333522871,1.558958,1.2380466,0.98789597,1.2004013,1.1087532,1.4616528,0.6544399,1.1861172,0.39387074,0.6167033,0.25501043,0.6683718,0.23529412,0.30769232,0.3478261,0.30769232,0.060076285,0.33736497,0.7667427,0.37220955,0.19512357,0.27815503,0.35956916,0.22516146,2.412299,1.5975776,1.4547932,1.056763,2.6320774e+08,1.3441851e+08,1.0733645e+08,1.2034308e+07,-0.0010548662,-0.0016110387,-0.0006019241,-0.0017387634,0.97154737,-1.4303143,-0.32574105,-0.75025535,1.2064536,0.9069259,0.7273966,0.8306105,3556.5938,2328.0,2780.0547,531.0208,25.245293,24.815737,24.662842,24.085423,0.030462988,0.03461741,0.021294486,0.032154135,25.42812,25.029352,24.693247,24.300457,0.57715034,0.69628334,0.34772873,0.49194145,0.11764706,0.23076923,0.2173913,0.15384616,1.2378731,0.5678935,0.299069,0.47058824,1.5750313,0.30303174,0.34957862,0.3846154,0.87794876,0.31300867,0.3392839,0.3043478,1.3751621,0.4749329,0.26084572,0.3846154,2.1141663,1.5516243,1.083044,1.6968307,0.10141184,0.097066514,0.07442324,0.09508268,1.5993785,1.1206313,0.76993555,1.0797093,1.0799253,1.1102136,0.6698533,0.9387751,-0.8279576,-0.3559525,-0.22488949,-0.736336,0.769047,0.8590565,0.52518255,0.77444595,0.74626607,0.9006149,0.79507136,0.8475429,24.843933,24.237812,24.43515,23.60223
971,2528740964509999044,1.373064,1.15975,1.2769623,1.0064688,0.95962906,1.4854965,0.95087814,0.5357132,0.11067169,0.620739,0.29965076,0.38405326,0.32,0.3888889,0.2857143,0.2857143,0.05692331,0.5480048,0.9566672,0.8508759,0.32597053,0.22809447,0.30101863,0.21709424,1.1751888,0.776855,1.1106302,2.0311346,9.043297e+07,1.9810028e+07,8.320578e+07,3.1576458e+08,-0.00015151376,-0.00034632944,-0.002591331,-0.0010622547,-0.40649056,-1.5275817,0.012288094,0.5220156,0.61866486,0.49027592,0.5690034,1.1464181,2871.1875,862.89844,3869.7031,2250.0312,25.103987,24.512426,24.823278,23.544046,0.027898854,0.032277055,0.02437394,0.023483342,25.140308,24.544674,24.902565,23.471561,0.43153572,0.73885345,0.42798805,0.2678566,0.16,0.0,0.10714286,0.21428572,1.1252499,0.41122723,0.41894713,0.44,1.408617,0.36418948,0.28541675,0.5,0.9998703,0.38371888,0.28718692,0.4642857,1.074976,0.31527162,0.3578802,0.78571427,1.4954376,1.222456,1.6354637,1.2704926,0.093016855,0.0921384,0.07084067,0.08158578,1.4931903,0.9212159,0.58515537,0.6067012,1.1001494,0.9044592,0.613569,0.6144919,-0.09951712,-0.115092106,-0.46001124,0.7920908,0.70037246,0.7911889,0.6050411,0.55289286,0.842176,0.91615194,0.73337054,0.7317386,24.669775,24.521378,24.47233,23.267366
972,2528740964764697978,0.8528843,1.5246391,1.2241936,1.2749767,0.79934883,1.6665039,0.86790276,0.7589264,0.29445592,0.5505839,0.3047673,0.31877574,0.33333334,0.3529412,0.2857143,0.33333334,0.47555387,0.016370062,0.9457066,0.15774861,0.27626878,0.2837603,0.29649314,0.19303863,1.5555654,1.3038598,1.3055722,1.1286608,2.761384e+08,1.20915624e+08,2.883925e+07,7.383178e+07,-0.00064255187,-0.00018505864,-0.001180544,-0.0012387098,-0.9758394,-1.1853755,-0.27491164,-0.42637062,0.7894638,0.81841856,0.68005395,0.56954175,4383.1797,2429.7969,2324.9453,4944.492,25.030336,24.651644,24.629374,23.588871,0.02008019,0.03878617,0.02392994,0.02932104,24.985802,24.949133,24.694424,23.55851,0.33742714,0.82499504,0.41259956,0.3966751,0.22222222,0.11764706,0.14285715,0.15151516,0.8407917,0.3160876,0.21479419,0.5925926,1.6807861,0.5061008,0.3296813,0.47058824,0.9782276,0.36007673,0.30894795,0.42857143,1.0904846,0.38026786,0.46137357,0.5151515,0.8810272,2.1092415,1.367279,1.4512234,0.06363622,0.113337755,0.08184582,0.102432154,0.991326,1.8955511,0.6732654,1.2485094,0.8429502,1.3696022,0.71220237,0.9834596,-0.092371166,-0.351075,-0.314489,0.2794458,0.5026139,0.95614284,0.58937943,0.6916502,0.8226133,0.8847962,0.8189781,0.83619267,24.706684,24.163494,24.38332,23.032133
973,2528740966155007353,1.6092463,1.9235277,1.4113016,1.2339735,1.3795872,1.9039764,1.3172989,0.76867676,0.643623,0.5896422,0.5355616,0.30305356,0.3902439,0.3846154,0.39215687,0.31578946,0.0,0.0,0.0,8.0215676e-07,0.4104005,0.36736244,0.30108628,0.29320222,0.7002471,0.941694,0.937135,1.8901467,2.7859622e+07,4.5937016e+07,1.411018e+07,7.014469e+07,0.0008532211,0.0006923117,0.000701747,-0.00033638475,-0.817919,-1.0451179,-1.0586638,-0.26002026,0.3570782,0.5738835,0.47032848,0.9461583,3613.9766,4498.3047,2646.4805,1501.1562,24.11178,24.137712,23.492674,23.555155,0.035235133,0.045560088,0.031803895,0.028693419,23.903624,23.902042,23.548147,23.464283,0.6092129,0.7582226,0.60442734,0.3393154,0.12195122,0.115384616,0.078431375,0.21052632,1.4782276,0.40662834,0.4888467,0.6097561,1.920723,0.5616433,0.45685583,0.53846157,1.2821503,0.36365446,0.38918775,0.49019608,1.141201,0.43848822,0.33731514,0.68421054,2.0501213,1.9633446,1.4320259,1.2987137,0.11036201,0.14457409,0.09972873,0.098966576,13.076902,27.079473,17.79405,3.4722157,3.5242667,6.038668,5.854819,1.7061306,0.42860463,-0.08076258,0.045965288,0.044346146,0.8495818,1.0997163,0.7471585,0.6758779,0.80050504,0.83056724,0.8593011,0.8425429,23.265676,22.37988,22.663168,22.698702
978,2528740993496179636,0.9995861,1.6821556,0.52240086,2.29045,0.7718239,1.1109715,0.45327187,0.7801266,0.70536786,0.32046697,0.4033273,1.3177646,0.1875,0.23529412,0.30769232,0.16666667,0.0118696205,6.076484e-08,0.9999093,0.00018023292,0.20853856,0.22875933,0.33052775,0.259024,2.4493837,1.8376436,1.369824,2.017107,2.7951245e+08,1.272252e+08,5.2507548e+07,8.586138e+07,-0.000964297,-0.00086232583,-0.0018932859,0.00011509364,1.073214,1.3794787,-0.7155266,7.1075664,1.2460908,0.9834206,0.87107503,1.015728,1927.724,2120.0117,485.04688,6810.1953,24.916552,24.619108,25.060642,24.170385,0.022657456,0.033606175,0.013585362,0.048367284,25.038433,24.810877,25.064806,23.997255,0.39066792,0.54655457,0.2368393,0.42232132,0.25,0.1764706,0.15384616,0.33333334,0.99671936,0.46258664,0.22577743,0.3125,1.290144,0.64329237,0.35460022,0.47058824,0.57038116,0.16750439,0.21994258,0.61538464,3.67486,0.51520723,0.0,0.9166667,1.5047302,2.3247757,0.63126373,3.5417519,0.07343417,0.115137056,0.040787976,0.17744528,2.000961,4.092848,0.116835736,3.2577689,1.1495802,1.5845015,0.33626673,1.1080995,-1.1942453,-0.9077695,0.5724132,2.400162,0.5645457,0.8273541,0.3404579,1.1690559,0.8519831,0.68141633,0.8673232,0.59132516,24.417112,23.988165,24.911009,24.045748
980,2528740996938885092,0.7580681,1.0742865,0.6861105,4.5527077,0.55042267,1.0608101,0.46863174,0.9323425,1.5750679,1.5492715,1.295257,5.524884,0.25,0.42553192,0.2962963,0.01754386,0.0,0.0,0.0,0.0,0.3187921,0.19519612,0.39397123,0.17653173,0.5322222,0.8290788,0.4363883,1.9506458,1.5898054e+07,3.0520972e+07,5.8873515e+06,5.5510716e+07,0.00033953448,0.0008268099,0.00025950244,0.003510877,0.597276,-1.1490195,0.0018050671,33.13154,0.36299738,0.46301687,0.2193589,0.9802047,1347.625,3957.8828,1653.7461,17937.77,21.185223,20.761301,20.519775,20.385828,0.018489424,0.028802665,0.016128885,0.060020283,21.051098,20.613214,20.596722,20.216887,0.22146606,0.47838974,0.21566963,0.46322823,0.16666667,0.12765957,0.19753087,0.47368422,0.68166924,0.14975847,0.2996557,0.6458333,1.1316509,0.27818775,0.20204437,0.65957445,0.56134605,0.23615074,0.14707181,0.38271606,8.135082,0.5849546,0.0,0.98245615,1.1367111,1.4541702,0.90737724,8.161303,0.0666585,0.082403116,0.05550777,0.0914073,362.50204,687.6834,511.79257,496.38605,13.56051,21.267881,17.795284,19.97309,1.046314,0.3955902,-0.74547565,5.117365,0.39170256,0.5979808,0.3309611,1.2235632,0.72690284,0.79824406,0.80352205,0.87031513,21.114391,20.68275,20.510532,20.107841
981,2528740996991722036,1.6623259,1.2451715,0.6756382,3.4096518,0.5433464,1.0738068,0.4363079,0.86366653,3.093985,1.9019752,1.7177234,3.5820725,0.125,0.40425533,0.2962963,0.07017544,0.0,0.0,0.0,0.0,0.29796845,0.18700083,0.4083889,0.20407346,1.1145084,0.9357429,0.369499,1.8253642,4.4002176e+07,3.8261172e+07,5.47478e+06,5.0092372e+07,0.0006648039,0.00082841644,0.00023536441,0.0022685276,13.126321,-0.30665326,0.030121803,23.264898,0.5924472,0.51765263,0.18797587,0.9209393,6385.926,4477.7227,1539.0703,13322.043,21.008478,20.60152,20.38141,20.210718,0.02584299,0.02886525,0.015358197,0.047649518,20.813107,20.422228,20.493956,20.071028,0.19458294,0.4023304,0.1951561,0.45121193,0.4375,0.17021276,0.19753087,0.31578946,2.8030434,0.36595765,0.0,0.9791667,1.1187801,0.24321176,0.2924948,0.65957445,0.54943275,0.21440351,0.13514031,0.3580247,5.9052887,0.5668956,0.0,0.98245615,2.9400177,1.8947659,0.9729214,5.9413776,0.06111448,0.07470527,0.049492054,0.08823749,467.90073,787.6608,575.5988,649.37885,15.083457,23.469263,18.978558,22.456419,2.9870713,0.7008929,-0.8020341,4.020012,0.5429219,0.59466803,0.31302172,0.96303093,0.7459737,0.8177865,0.8168144,0.8631202,20.89098,20.535088,20.382456,19.989992
982,2528740998220562530,1.6302872,0.9673128,1.1291332,2.552596,0.621006,1.0480156,0.73578644,0.88074493,0.49523267,0.78211457,0.21273671,1.8048182,0.27586207,0.33333334,0.3220339,0.083333336,0.56122565,0.86510575,0.821816,0.020154852,0.21047379,0.24682125,0.23123203,0.21802278,1.1043319,1.550443,1.5006882,1.7945135,1.1657449e+08,1.7612328e+08,4.1536704e+07,1.0590937e+08,-0.00036622008,-0.0007023991,-0.00061049865,-0.00025462563,1.2058008,-0.9783137,-0.29150105,11.336378,0.56733465,0.7860012,0.82051855,0.9833286,4483.828,2220.4531,4421.3516,5133.346,25.01439,24.84869,24.472773,23.97683,0.026001526,0.023461519,0.021656621,0.040563338,25.061335,24.909597,24.51016,23.886658,0.32216072,0.4873085,0.36483765,0.44400215,0.37931034,0.1904762,0.23728813,0.29166666,1.0156059,0.4244472,0.4589274,0.31034482,1.0809116,0.25956872,0.26902163,0.33333334,0.8441372,0.3329993,0.3063132,0.47457626,4.062132,0.5197283,0.0,0.9583333,1.664381,1.2376862,1.2741776,3.9830494,0.08072336,0.06824154,0.077390224,0.110737756,0.93625134,0.66393805,0.8280366,1.6929457,0.7625337,0.7026924,0.75487673,0.8733506,0.039758336,-0.5283402,-0.1810685,2.8654602,0.6504123,0.582988,0.5299976,0.9725802,0.7840575,0.8982935,0.81440294,0.63847363,24.882908,24.693777,24.289057,23.730904
983,2528740998455859310,1.6455717,1.49862,1.4169426,1.4108438,0.6772804,1.8551197,0.87981033,1.1521149,0.6148517,0.64302194,0.5035169,0.5162135,0.33333334,0.42307693,0.3548387,0.375,0.00026761493,1.8196555e-13,5.09266e-06,7.798148e-08,0.16397399,0.26242584,0.29208258,0.32167664,1.3817381,1.0937654,1.2240791,1.2104392,3.840846e+07,1.8948988e+07,3.5932668e+07,5.759857e+07,0.00011343057,0.0005281264,-0.00021812253,-0.00047248777,0.51372623,-1.3875172,-0.19939375,-0.9393647,0.69109434,0.6122589,0.6235999,0.62085307,2237.0078,1520.75,5181.914,4004.1367,24.625675,24.282452,24.354568,23.497856,0.027566928,0.03961537,0.026962949,0.033781976,24.563854,24.383675,24.466568,23.537586,0.3192997,0.857893,0.43895817,0.5659046,0.35897437,0.15384616,0.19354838,0.0625,1.2161407,0.42302206,0.40878344,0.74358976,1.6906071,0.3900382,0.49818125,0.42307693,1.1218624,0.41754875,0.35006836,0.3548387,1.3606606,0.45313004,0.3309367,0.5,1.8330994,1.622366,1.7744122,1.7109585,0.09222245,0.11379985,0.09081454,0.0999973,1.9914219,4.5914783,2.0086117,2.9407747,1.0478525,1.8371669,1.2217264,1.5391489,0.36228123,-0.06247103,-0.50175565,-0.26359448,0.6788542,0.9619583,0.656671,0.793804,0.7796754,0.8646274,0.82534856,0.8221487,24.362167,23.764307,23.969957,22.650717
984,2528741003115310503,0.49304295,0.56455326,0.58668613,3.5215664,0.35453606,0.6530781,0.30065918,0.60596466,1.5482588,1.7996997,0.6097081,8.336841,0.20930232,0.42553192,0.28235295,0.033898305,0.0,0.0,0.0,0.0,0.32319638,0.19693302,0.3825286,0.15756492,0.6913963,0.49516398,0.37951612,1.8265879,1.290176e+07,7.558563e+06,4.1118028e+06,5.077262e+07,0.00013221854,0.00029248677,0.00012395914,0.0023089554,0.022431612,-1.2701794,0.17353988,29.782305,0.42098638,0.3117387,0.19608374,0.99940354,751.0,1164.3047,972.98047,14075.6875,21.414452,20.90806,20.721312,20.603146,0.011610443,0.017175933,0.011175328,0.04813143,21.333439,20.798925,20.75399,20.37616,0.14024925,0.24054718,0.13796043,0.25702667,0.18604651,0.14893617,0.22352941,0.6779661,0.4731655,0.11362044,0.15729979,0.7209302,0.6929321,0.17103449,0.09326789,0.68085104,0.384758,0.14499247,0.13446012,0.3647059,4.7607384,0.3616451,2.433033,0.9661017,0.6568451,0.74788475,0.5944443,6.5467625,0.038278867,0.04845466,0.038637936,0.056507383,130.25484,210.47665,139.63785,156.3635,7.711074,12.751591,9.532656,10.521406,0.8941709,0.3941335,-0.26067278,5.014045,0.24863127,0.35911545,0.23156746,0.9916588,0.73292303,0.84581274,0.81082416,0.8487631,21.412405,20.969122,20.739546,20.472145
985,2528741008307687940,1.3056936,1.3412771,1.0775919,1.1853046,1.6575279,1.2541409,0.66278076,1.1018276,0.90474814,0.92939854,0.33031183,0.6667675,0.33333334,0.33333334,0.3090909,0.39285713,0.10932891,0.004757006,0.99338514,0.44527665,0.19881782,0.2027979,0.31427193,0.24698763,1.9458952,0.89313364,0.97697026,1.2778966,6.35105e+07,5.6996584e+07,2.0793428e+07,6.882677e+07,-0.0006391906,-0.001464917,-0.0012697614,-0.0006237723,-1.2237148,-0.6662798,-0.011381149,-1.0886011,1.2383106,0.6256347,0.5070732,0.66427696,2097.3945,3360.461,1883.8945,2608.4922,25.003622,24.598965,24.626165,23.673004,0.0368706,0.030464675,0.019936137,0.027633497,25.391815,24.85147,24.688568,23.480774,0.45747566,0.43764305,0.36622238,0.4932146,0.13333334,0.33333334,0.2,0.21428572,1.7323837,0.3975144,0.3745554,0.33333334,1.384285,0.39526886,0.33287376,0.33333334,0.8104763,0.31520048,0.27531317,0.38181818,1.1777458,0.32154888,0.25223705,0.60714287,1.8646946,1.8424015,1.2297745,1.3620434,0.09926879,0.09599029,0.07097896,0.08135914,1.4792055,1.8113211,0.58679205,1.0127975,1.1514944,1.0278566,0.6336312,0.8455968,-0.6152207,-0.58202654,-0.39225364,0.14980236,0.9218985,0.7493995,0.49095058,0.6541679,0.874478,0.86122775,0.8335139,0.8211347,24.713873,24.365168,24.475708,23.210367
986,2528741008891163658,1.076251,1.1848564,1.5354385,1.4221811,0.723835,1.452507,0.67295647,1.2835102,2.113416,2.0151238,0.82258457,1.0340127,0.23404256,0.42553192,0.29787233,0.375,0.0,0.0,0.0,0.0,0.31481984,0.20191644,0.38087314,0.31277955,0.69492793,0.48913884,0.5363713,0.63967633,4.1301284e+07,5.064911e+06,5.27347e+06,3.9791995e+06,0.00087282155,0.0015905921,0.0007642384,0.0017385853,0.14449525,-1.2182474,0.73433495,-1.1053476,0.4378249,0.30606306,0.27384385,0.34153455,5491.211,1946.625,3077.4375,2594.6836,20.459518,19.569338,19.536396,18.994328,0.029555505,0.039885484,0.027647601,0.041699644,20.26368,19.372803,19.632006,18.92598,0.35926056,0.5353737,0.3067541,0.6220436,0.21276596,0.12765957,0.26595744,0.071428575,1.1238766,0.240555,0.44308856,0.70212764,1.5397224,0.36648864,0.18032621,0.70212764,0.89157677,0.35120022,0.32048118,0.35106382,1.3838863,0.34510383,0.41834927,0.53571427,1.6310463,1.5349503,1.6127663,1.5227623,0.0968326,0.11456486,0.090641685,0.12575695,1876.9535,7731.299,6354.8066,7779.192,32.680565,71.17324,65.10305,85.466286,1.0449526,0.48055547,-0.25812647,0.24742465,0.6046914,0.7805325,0.5401345,0.7920567,0.7442105,0.80654234,0.8266528,0.8731304,20.257341,19.33352,19.363382,18.58122
987,2528741008937889801,1.6807413,0.7178621,3.6211529,3.5818968,0.5309601,0.85310364,0.37709618,0.78767204,3.8616982,1.9098582,10.86905,4.831589,0.10638298,0.42553192,0.06382979,0.01754386,0.0,0.0,0.0,0.0,0.22262682,0.19659302,0.17863882,0.1856985,1.3575602,0.5017592,1.7111089,1.8842989,1.5917982e+08,7.442718e+06,1.3623897e+07,5.2741372e+07,0.00080863305,0.00061943516,0.0015723857,0.002927139,14.750626,-1.2026281,59.75614,29.263662,0.71055716,0.30432135,0.8555666,0.94978774,10815.375,1524.2969,12778.035,14029.895,19.705343,18.658377,18.51783,18.160963,0.028441507,0.02488976,0.039733592,0.054104194,19.497587,18.559628,18.4769,17.991564,0.16979027,0.32465935,0.1895361,0.38529205,0.4893617,0.10638298,0.78723407,0.45614034,2.9487743,0.36327228,0.0,0.9787234,0.9122429,0.22087392,0.117499426,0.70212764,6.3944817,0.32792434,0.0,0.9893617,6.3486366,0.5128944,0.0,0.98245615,3.09379,0.9206543,6.367388,6.406658,0.06472454,0.07263969,0.06464622,0.088565476,3325.1487,11966.625,8641.731,15213.682,39.82138,91.33858,74.13687,109.08277,3.272772,0.48265356,6.923443,4.7092166,0.56044966,0.4644025,0.7357799,0.9825843,0.7371097,0.83381504,0.8112874,0.8716612,19.601307,18.681725,18.420105,17.959751
988,2528741008944443534,1.2517147,1.4147243,1.6193781,1.6443281,1.1279278,1.7427654,0.7417469,1.4944496,1.8094642,1.8817011,1.628747,0.922764,0.36956522,0.4680851,0.21505377,0.39285713,0.0,0.0,0.0,0.0,0.35932872,0.20685913,0.35453603,0.32633677,0.45414832,0.4638284,0.71261173,0.6322514,6.3799045e+06,4.6841955e+06,6.6161035e+06,4.482783e+06,0.0011656312,0.0020359468,0.00079741003,0.0021987846,-0.66015935,-1.2692976,1.0109088,-1.1716259,0.32260936,0.29931322,0.36766076,0.32694885,1382.1016,1755.3398,4281.4805,3055.3594,20.964216,20.20681,20.259953,19.58371,0.03417255,0.045130357,0.028247146,0.04690011,20.702595,20.029375,20.398129,19.567045,0.43020153,0.7325249,0.306633,0.7480774,0.2173913,0.12765957,0.24731183,0.071428575,1.3450909,0.2558279,0.39311078,0.65217394,1.7191582,0.41093028,0.36508572,0.65957445,0.95238495,0.4295258,0.288661,0.3548387,1.6021957,0.40073156,0.47624904,0.5,1.8098564,1.7074394,1.8258247,1.6541786,0.109233156,0.12973166,0.09465394,0.14175622,1086.4194,4092.664,2799.3552,3919.9536,25.742083,50.38295,40.28706,65.81623,0.71992636,0.4253149,-0.7279414,0.13069929,0.71640074,0.9119406,0.57228583,0.91847813,0.75886756,0.7919952,0.7807297,0.8654019,20.656979,19.795778,20.040115,18.956211
989,2528741014629599306,0.7542114,0.88452435,2.9101686,3.067956,0.60144424,1.1128292,0.5210991,0.94940376,2.3340106,2.835602,6.591116,2.7366567,0.31914893,0.38297874,0.11702128,0.14035088,0.0,0.0,0.0,0.0,0.33327913,0.20803104,0.23414716,0.22367013,0.6191556,0.4513756,1.4779775,1.6606946,2.4231802e+07,4.800424e+06,1.4022837e+07,4.2967044e+07,0.0004918227,0.0010132203,0.0014385689,0.002585483,-0.1929903,-1.1185215,24.506584,15.156237,0.38590625,0.28683954,0.7395695,0.84523326,2899.2812,1433.7109,9519.324,11892.48,19.787872,18.843357,18.758005,18.303375,0.022182317,0.031832427,0.037936334,0.0508485,19.605465,18.63775,18.726963,18.111921,0.25388718,0.33475304,0.24341965,0.46201324,0.21276596,0.12765957,0.5851064,0.2631579,0.79463005,0.1294962,0.30869776,0.63829786,1.2053623,0.23684779,0.19091593,0.70212764,3.9289398,0.40579155,1.3759428,0.9787234,5.1860466,0.633662,0.0,0.98245615,1.1741409,1.2536087,4.849325,5.286516,0.07115151,0.091872536,0.078409225,0.11083426,3910.357,13279.209,10045.639,17317.596,44.078148,95.20838,82.66414,116.53309,0.9579017,0.668886,4.041873,3.086858,0.43894085,0.5998298,0.71160996,0.93069917,0.7302054,0.8378681,0.84065276,0.86094576,19.68182,18.772335,18.609081,18.0211
990,2528741014670319334,1.1061449,0.23470974,3.9521742,3.3369951,0.17998886,0.28281784,0.117593765,0.25483513,6.9052696,1.6562514,25.85848,14.4171715,0.021276595,0.4680851,0.031914894,0.01754386,0.0,0.0,0.0,0.0,0.17039505,0.19971356,0.09887579,0.1300232,1.5785282,0.4984075,2.0144284,2.0814843,1.9960547e+08,5.030222e+06,1.6102353e+07,6.2445036e+07,0.00028471247,6.9489426e-05,0.00233859,0.002393556,32.13097,-1.275183,63.190445,53.100178,0.7977488,0.3085533,1.0117693,1.0414652,6904.2188,313.35156,15531.832,13328.398,19.182238,18.038353,17.79975,17.475489,0.0168764,0.008338129,0.04859458,0.048924357,19.089893,18.00911,17.68892,17.35203,0.06503105,0.09292793,0.062114716,0.12524033,0.63829786,0.08510638,0.9574468,0.98245615,2.0317974,0.13169047,0.0,0.9787234,0.2899227,0.07953623,0.030293006,0.70212764,7.5796375,0.37213534,0.0,0.9893617,6.34754,0.15671517,0.0,0.98245615,2.0809097,0.2802124,7.6098347,6.35964,0.022331791,0.023881694,0.025862813,0.027715866,1576.5509,2810.5964,3946.6465,7140.016,25.395414,46.85647,40.445343,59.675198,5.2588177,0.35208794,7.604916,7.167146,0.3237271,0.15040612,0.86497134,0.854977,0.7060479,0.87725776,0.64530265,0.70069367,19.15231,18.08634,17.676556,17.389986
991,2528741014679202246,0.680851,0.7650814,3.921154,3.4485722,0.55765915,0.9649124,0.40184784,0.8712311,1.9290468,2.2340198,13.870242,3.9401731,0.27659574,0.44680852,0.04255319,0.0877193,0.0,0.0,0.0,0.0,0.30938566,0.19953522,0.15585122,0.19958422,0.7035067,0.47831237,1.7971369,1.8145301,3.128101e+07,6.712309e+06,1.5926948e+07,4.9739756e+07,0.00039342005,0.00074205425,0.002514526,0.002843529,0.11906791,-1.2282017,32.329983,24.137344,0.4213964,0.29704365,0.89873594,0.9194327,3014.8906,1485.2812,13761.254,13453.715,19.70599,18.74671,18.677422,18.227337,0.019839697,0.02724201,0.05059016,0.053325582,19.578657,18.632908,18.589836,18.04258,0.20334625,0.3468628,0.19927311,0.41376495,0.21276596,0.12765957,0.7553192,0.36842105,0.72605896,0.15993008,0.28157932,0.70212764,1.0130596,0.23173313,0.12112716,0.70212764,4.763117,0.33132336,1.9056827,0.9680851,6.0098877,0.56280136,0.0,0.98245615,1.0202541,1.0045662,6.8991585,6.0892105,0.06577463,0.07754839,0.07152323,0.098589376,3725.6516,12279.019,8608.935,16312.68,43.429024,91.56626,74.16227,112.53553,1.0187812,0.52294374,5.1641054,4.1408715,0.39096087,0.5106981,0.9448938,0.9719834,0.72704554,0.83767545,0.8187094,0.8632976,19.644827,18.740181,18.497591,17.990017
992,2528741014680773957,1.4494705,0.720067,2.1239243,3.2919931,0.538599,0.90164566,0.40358925,0.73085594,3.646654,2.6173413,4.1476474,4.599972,0.12765957,0.38297874,0.13978495,0.03508772,0.0,0.0,0.0,0.0,0.2760275,0.21190761,0.22306223,0.1880376,1.1503778,0.4372725,1.6137621,1.8579726,1.2919351e+08,4.2129975e+06,1.3371758e+07,5.1544892e+07,0.000703179,0.0006748663,0.00069181627,0.0025765146,8.726729,-1.0850706,28.328312,26.978298,0.6178385,0.2796067,0.806903,0.93717504,9015.039,1076.5625,7946.6523,12877.148,19.610327,18.599554,18.412746,18.054266,0.026521316,0.02597934,0.026304515,0.05076002,19.387665,18.435986,18.422764,17.869078,0.14690018,0.27194405,0.18314171,0.35862732,0.4893617,0.08510638,0.5483871,0.4385965,0.9776535,0.20900893,0.60970837,0.78723407,0.9654827,0.19548072,0.16516769,0.70212764,3.512619,0.32098538,0.0,0.9892473,5.8114376,0.5018409,0.0,0.98245615,2.6175156,1.0255413,3.4648304,5.8946724,0.06571701,0.07520004,0.06330805,0.08836967,4059.1536,13200.229,9368.542,17580.227,42.98194,95.99624,79.75926,112.922066,2.4743133,0.66224533,3.9885795,4.475378,0.52009165,0.48320413,0.48433837,0.9164349,0.76596946,0.8455549,0.8371792,0.84470224,19.491709,18.6027,18.349182,17.87162
993,2528741014686894607,1.2766123,1.3980017,1.7802238,3.3512373,1.1906013,1.668066,0.7415886,1.4918976,2.2223537,1.6955092,1.306189,0.9264383,0.29787233,0.5106383,0.23913044,0.31578946,0.0,0.0,0.0,0.0,0.33791444,0.20495877,0.3789214,0.28298685,0.5247934,0.48090446,0.5095255,1.2988391,2.574316e+07,4.8487595e+06,6.429814e+06,3.0371838e+07,0.0012998717,0.002009786,0.000886489,0.0032522182,-0.7896354,-1.2460382,1.1918898,4.556796,0.36242962,0.3058303,0.26073697,0.6647586,5146.578,1984.1406,3321.8828,11907.523,21.13162,20.358713,20.406296,19.832525,0.036095064,0.044841956,0.02978471,0.057038296,20.825308,20.197962,20.550945,19.736538,0.3768921,0.7534981,0.33144283,0.714695,0.27659574,0.10638298,0.2826087,0.12280702,1.451355,0.27650136,0.38634282,0.65957445,1.7395172,0.44266602,0.31170562,0.68085104,1.0302315,0.43401217,0.35315254,0.3043478,1.7608833,0.4502378,0.91396654,0.5263158,1.800703,1.7264519,1.8281422,4.9590054,0.11821714,0.1307525,0.09390155,0.14765236,843.52734,3186.617,2429.1702,3253.7815,22.966602,45.18682,37.516483,58.59609,0.68942577,0.41409555,-0.50167096,1.3980399,0.7627472,0.9129245,0.6077956,1.1312134,0.7587252,0.8037811,0.78033745,0.84920585,20.776508,19.96139,20.146635,19.102324
994,2528741014706905411,1.1764002,1.2754145,3.532012,3.4988604,1.0436859,1.672596,0.6855335,1.4769211,1.2178967,1.9789239,4.630161,1.1770988,0.29787233,0.4680851,0.12903225,0.24561404,0.0,0.0,0.0,0.0,0.34921992,0.20010182,0.2521845,0.27162522,0.5114196,0.44893873,1.3786348,1.4067189,4.573466e+06,4.731805e+06,1.136023e+07,3.4044616e+07,0.0010028862,0.0019077647,0.0017545169,0.0034435063,-0.27516532,-1.2805936,17.924946,7.053047,0.35761726,0.29238102,0.69277287,0.71600586,1334.4375,1759.0781,10273.746,12886.648,20.774456,19.970594,20.063538,19.448578,0.031689845,0.043684013,0.042137794,0.05868698,20.607374,19.78391,20.161884,19.39508,0.455019,0.6806984,0.3063736,0.75190926,0.23404256,0.12765957,0.5268817,0.1754386,1.2075844,0.29415852,0.41070873,0.68085104,1.7097111,0.4285542,0.1751357,0.70212764,4.2819767,0.55083513,1.6024691,0.97849464,1.734829,0.42772466,0.998158,0.54385966,1.6348133,1.583025,5.2246647,5.3852844,0.10745581,0.12610076,0.09696268,0.14643538,1658.0048,5116.364,3910.3977,5418.888,31.14629,58.01748,49.3039,77.89636,0.76086545,0.4309614,2.9488566,1.8305761,0.65833926,0.8723957,0.84543324,1.1413783,0.74737716,0.81131756,0.7831213,0.87123376,20.48629,19.626549,19.773355,18.788958
995,2528741014717819021,1.2281313,1.342022,1.5219889,1.6534624,0.95040894,1.6746311,0.66856384,1.3671265,1.1618016,1.5861064,1.899298,0.77058864,0.29787233,0.4893617,0.24175824,0.375,0.0,0.0,0.0,0.0,0.3416866,0.20265213,0.3805865,0.32378504,0.50355977,0.4933181,0.4819893,0.6045662,6.715742e+06,5.5626365e+06,5.0390705e+06,4.4072305e+06,0.000945727,0.0018547133,0.0007609798,0.0019886137,-0.118769884,-1.2529428,0.95034647,-1.0671158,0.3686984,0.31298783,0.24979874,0.3232086,1478.9844,1985.4297,2968.4922,2770.4492,21.18548,20.393814,20.391897,19.799227,0.030793544,0.043078624,0.027596595,0.044606723,21.014975,20.276255,20.528952,19.782236,0.44627,0.72937584,0.29896164,0.70239735,0.19148937,0.12765957,0.21978022,0.071428575,1.1625042,0.28615776,0.4365825,0.65957445,1.6648769,0.4451135,0.27441707,0.68085104,0.9643879,0.44018456,0.27758542,0.31868133,1.534071,0.40265352,0.4544276,0.5,1.6181927,1.5534267,1.8411999,1.7457066,0.1076659,0.12557875,0.09502259,0.13854136,655.9891,2951.2214,2162.9084,2756.4624,20.542492,42.68648,35.294865,51.880688,0.783517,0.33590138,-0.9004637,0.08245845,0.652376,0.8785375,0.56274694,0.88317865,0.7790342,0.80071425,0.7792974,0.842837,20.971626,20.020205,20.18245,19.206396
996,2528741014788331830,1.099616,1.0913572,2.029686,3.9473457,0.72094536,1.3515472,0.51129913,1.2511673,1.0031483,1.2334437,2.4724796,1.722549,0.34042552,0.44680852,0.18681319,0.12280702,0.0,0.0,0.0,0.0,0.33849198,0.19631962,0.32230484,0.24464001,0.68626285,0.5759967,0.88239175,1.5656685,2.5174332e+07,9.553186e+06,8.240823e+06,4.3074436e+07,0.0005136851,0.0009032135,0.0005589424,0.0026985633,-0.28427696,-1.2351724,6.9139085,14.500212,0.4450888,0.3456436,0.49556673,0.79152536,3359.6094,1473.293,5013.4062,14433.875,23.206621,22.396734,22.381966,21.903051,0.025424883,0.03058106,0.024137907,0.05271687,23.07745,22.361109,22.48997,21.797823,0.39198494,0.62228584,0.25341415,0.608263,0.21276596,0.14893617,0.45054945,0.28070176,1.1551323,0.32912168,0.31310385,0.7659575,1.2491436,0.36200166,0.28059405,0.65957445,0.79554176,0.3530835,0.39664966,0.36263737,6.370161,0.7953777,0.0,0.98245615,1.406353,1.228138,2.6277046,6.363632,0.087569624,0.09336845,0.07062975,0.12221183,19.158636,54.699696,34.783455,63.571114,3.260636,5.6754518,4.550871,7.3921633,0.662558,0.29651442,0.9254648,2.8323522,0.5900256,0.6849159,0.5402538,1.1546603,0.72130215,0.78737223,0.8044383,0.8323847,23.016941,22.257107,22.269495,21.34956
997,2528741015413080428,1.2839642,1.3648281,2.788785,1.7689152,1.098671,1.6925735,0.7375221,1.4582424,1.5125923,1.5375831,2.403411,0.68481237,0.29787233,0.4893617,0.1521739,0.375,0.0,0.0,0.0,0.0,0.3427587,0.20343955,0.33895826,0.32512572,0.47419783,0.47884366,0.7833868,0.5932477,1.3350115e+07,5.313214e+06,1.0855605e+07,4.7238805e+06,0.0010788256,0.0018897468,0.0011725987,0.0020881784,-0.66577077,-1.2828468,8.386574,-1.0167742,0.3463663,0.31387556,0.40177852,0.3284529,2582.75,1644.6016,7123.3438,3032.4805,21.594664,20.822145,20.900888,20.224155,0.032934792,0.043496825,0.03433097,0.04572278,21.34056,20.6938,21.031582,20.216507,0.38090324,0.7821083,0.35746384,0.72303486,0.21276596,0.10638298,0.4347826,0.071428575,1.3263988,0.3001862,0.36497614,0.65957445,1.7066307,0.47465745,0.26769853,0.68085104,1.0538807,0.4627512,0.53735256,0.3478261,1.5975571,0.43738225,0.47661647,0.5,1.7381535,1.5799255,3.6865807,1.9115486,0.11198309,0.12814946,0.094787374,0.14078636,360.3467,1637.1923,1145.8722,1494.598,14.963968,31.384638,25.349277,38.27544,0.6049339,0.29719415,1.0978848,0.05749903,0.7112158,0.9056972,0.71754783,0.9247046,0.774442,0.79142594,0.7682541,0.8314716,21.3265,20.391422,20.60298,19.538092
1000,2528741027504610088,0.8319731,0.8071594,1.2013893,3.3920355,0.6625042,1.0237198,0.45103836,0.7705097,2.4525201,3.163199,1.3356624,3.9670568,0.25531915,0.375,0.22727273,0.084745765,0.0,0.0,0.0,0.0,0.35884714,0.20690042,0.3551924,0.18986808,0.49026087,0.45865375,0.69755656,1.8681976,9.739376e+06,3.7423392e+06,1.0001111e+07,4.8420676e+07,0.00045857576,0.0007496815,0.00030497555,0.0023186007,0.022068739,-1.1236725,3.6920247,23.669455,0.36193058,0.2800679,0.39851552,0.9517609,1892.3828,1475.7812,3969.2422,13218.684,21.352278,20.378609,20.118113,19.803127,0.021494469,0.027398294,0.01747616,0.048164405,21.147987,20.15842,20.17642,19.628801,0.23253441,0.28493118,0.19599628,0.3842926,0.29787233,0.125,0.29545453,0.37288135,0.85489273,0.16285823,0.31660265,0.68085104,1.1366901,0.21557653,0.15326399,0.7083333,0.5512562,0.21790801,0.22930458,0.39772728,5.9215393,0.5665367,0.0,0.9830508,1.2967644,1.17589,1.5105152,5.9955006,0.068963304,0.07754424,0.051264882,0.096510544,337.8752,999.7365,794.23663,1103.9497,12.518545,26.443626,22.949148,28.55039,1.0236038,0.6857453,0.43801367,4.0828524,0.45895588,0.5583391,0.35158736,0.95380586,0.7415014,0.8353477,0.8292815,0.84419626,21.26653,20.346554,20.110441,19.572548
1001,2528741027508844730,0.26036835,0.27395916,1.2709627,3.3636208,0.18337822,0.3276596,0.13903236,0.27459335,1.1656253,2.0098577,11.03097,12.825526,0.29787233,0.45833334,0.06818182,0.033898305,0.0,0.0,0.0,0.0,0.29149082,0.1889036,0.19963825,0.1255965,0.8616691,0.5011649,0.8595844,2.1215143,5.3668108e+07,6.835857e+06,1.3973082e+07,6.600596e+07,4.2176507e-05,8.270023e-05,0.00018308076,0.002020984,-0.25009108,-1.1802316,59.03711,49.67071,0.54222,0.29817298,0.792739,1.0620807,1290.1172,525.375,4326.664,13394.895,20.822613,19.695751,19.325464,19.135284,0.006608242,0.009116965,0.013538011,0.0449606,20.772837,19.654251,19.33284,19.013973,0.081027985,0.112648964,0.06738567,0.15773201,0.21276596,0.125,0.78409094,0.9322034,0.24507904,0.061370507,0.09095769,0.65957445,0.35531616,0.08568296,0.040419318,0.7083333,2.2291641,0.1100947,0.0,0.9886364,6.3432426,0.24334444,0.0,0.9830508,0.34807205,0.34430313,2.196457,6.3570423,0.022960534,0.026454201,0.02048446,0.03171295,120.318794,390.48273,273.79276,673.93445,7.7755647,17.618214,13.237112,19.692911,0.7233879,0.4785513,6.9138646,6.8105345,0.13760087,0.17956549,0.26162836,0.86033386,0.75747216,0.88889104,0.8098894,0.75028145,20.858671,19.769188,19.32235,19.05749
1005,2528741062516080977,1.658946,1.4633417,1.4273405,1.9636822,0.7019577,1.3533154,0.79447365,1.3335094,0.35415265,0.29954547,0.44420964,1.1319095,0.21428572,0.27586207,0.36363637,0.3148148,0.9459082,1.0017236e-05,0.0,0.0,0.23581614,0.2735718,0.36997357,0.26787275,1.3911995,0.9228684,0.80073863,1.0046548,8.221614e+07,3.3081502e+07,1.0775858e+07,1.821158e+07,-0.0011592916,0.0004604081,0.0003360488,0.00094277086,1.2345772,-0.80176044,-0.3293023,0.013284206,0.7839602,0.50650734,0.40517172,0.5572346,3610.039,1787.0625,4264.039,3121.6484,25.0858,24.158188,23.666925,22.941664,0.02710776,0.033522613,0.026197439,0.03849523,25.06239,24.159414,23.649588,22.720486,0.36207962,0.664814,0.4092741,0.53280735,0.25,0.10344828,0.125,0.25925925,1.0071411,0.4915645,0.4162125,0.5714286,1.357338,0.42872885,0.44651097,0.55172414,1.0093861,0.32600492,0.39511362,0.53409094,1.6301289,0.4334105,0.545734,0.7037037,1.7456474,1.6135902,1.6980724,2.555767,0.09723446,0.11081491,0.081739984,0.1216671,0.6056192,2.568275,4.4952,5.56786,0.60266024,1.3889315,1.9124447,2.040383,-0.26550707,0.20627463,0.3138784,0.7510213,0.68001986,0.80984557,0.6200128,0.8831446,0.77398735,0.8620184,0.85127604,0.81125337,24.86721,24.003742,23.392866,22.44263
1007,2528741071817781480,1.0917912,1.2851076,0.83666134,2.5956755,0.4748478,0.5733547,0.3270645,0.73259735,0.7697367,0.81132096,1.6796988,2.2762465,0.25641027,0.22222222,0.23913044,0.15686275,0.0010700024,0.0,1.1447524e-06,6.228351e-14,0.17351848,0.23488948,0.2068888,0.1646585,1.5526597,1.0966209,1.4359924,1.846801,1.1789242e+08,7.97381e+07,1.854426e+07,6.70655e+07,-0.00072206685,-0.0001321008,5.0305236e-05,0.00023063482,1.5912073,1.8302398,1.5827303,17.035774,0.9329563,0.559281,0.75501865,0.9234396,4605.9062,3759.1875,2017.3398,6909.849,24.244448,23.861282,23.371786,23.400562,0.01913619,0.021801028,0.0127492035,0.033230368,24.2909,23.888725,23.410553,23.28616,0.23907089,0.32220554,0.13378811,0.4101944,0.2820513,0.25,0.33695653,0.39215687,0.82248116,0.40982676,0.27243567,0.23076923,0.9388981,0.44273108,0.31116056,0.22222222,0.5158806,0.23789014,0.16860145,0.27173913,4.318035,0.49392197,0.0,0.98039216,1.4118557,1.4650517,1.0086155,4.347769,0.06928484,0.078667834,0.04639758,0.07318145,1.8536803,20.45879,1.8626032,3.2644422,1.0009463,2.7083013,1.0264317,1.127287,-0.9527232,-0.86243284,-0.804471,3.2691321,0.46394637,0.5202005,0.29797167,0.7776093,0.72668433,0.82224584,0.7769189,0.6176958,24.293438,22.942598,23.345425,23.179098
1008,2528741071823918717,1.8357792,1.1992207,1.6273766,1.3158445,1.1445408,1.3251667,0.76599884,1.5758324,0.40101507,0.33870798,0.87464684,0.6471243,0.23076923,0.4,0.17948718,0.33333334,0.021109382,0.75941074,0.00010722405,0.0068625356,0.19909771,0.30109587,0.27829966,0.41236722,0.70825404,1.196355,1.4854136,0.7414619,8.53626e+07,2.313118e+08,2.034416e+07,3.78277e+07,-9.781871e-05,-0.0006124127,-0.0013824728,-0.0011775244,0.45817685,-1.0575836,3.074095,-1.514746,0.58860236,0.8490218,0.7727895,0.39683795,3481.5703,4049.75,1781.3711,2034.1289,24.855162,24.560873,24.638163,23.827444,0.033438943,0.031048866,0.025612347,0.03858833,24.951506,24.595285,24.702604,23.712193,0.47150707,0.6793022,0.37485123,0.8634186,0.26923078,0.15,0.2820513,0.0,1.4011383,0.47544608,0.5321457,0.30769232,1.2552223,0.3526701,0.47488248,0.45,0.9367809,0.57208735,0.32635212,0.3846154,1.6327076,0.46159592,0.29437503,0.5555556,2.0030518,1.2262192,2.1823597,1.3542671,0.12114579,0.09641991,0.089386925,0.10834621,1.6538128,0.75831395,2.0783432,2.0396838,1.0713012,0.76145804,0.8640478,2.046006,-0.12556218,0.11823123,-1.2063421,-0.044065442,0.8311303,0.76258725,0.63104117,0.91946125,0.8495686,0.8669747,0.68033546,0.8860555,24.509045,24.508352,24.094553,22.629305
1009,2528741072839918731,0.38639736,0.54395485,1.8237047,3.2871437,0.108745575,0.049434662,0.035001755,0.04660988,3.0286908,10.022952,30.218851,19.696466,0.14285715,0.022222223,0.021505376,0.017857144,0.0027810289,7.507981e-05,0.0,0.0,0.16024381,0.14058027,0.113475375,0.13079742,1.9425994,1.2243764,0.7790322,2.0373454,1.21140984e+08,1.2673249e+07,1.1819699e+07,6.357553e+07,6.8506625e-07,4.837037e-05,0.00032041795,0.0017930185,9.619664,38.535572,88.91839,55.19883,0.97130007,1.1053942,0.9086239,1.0186806,1298.0391,613.2344,6359.6055,13211.906,22.395607,21.210133,20.678942,20.536102,0.0056775613,0.007462457,0.018047562,0.042401362,22.368366,21.17847,20.634052,20.407242,0.049871445,0.025068283,0.01837349,0.022467613,0.42857143,0.8666667,0.97849464,0.96428573,0.36870003,0.06422758,0.17811267,0.9183673,1.0240402,0.04230388,0.0,0.9777778,3.5600376,0.055103347,0.0,0.9892473,6.493973,0.07246066,0.0,0.98214287,0.6183796,1.0329456,3.5666447,6.5068684,0.016352126,0.00745865,0.0048599644,0.008562265,1.6588535,2.0167108,3.3832629,22.877178,0.9954362,0.9815571,1.264254,1.634618,2.6035993,6.0183425,9.346642,7.406653,0.12715243,0.1582797,0.37320447,0.8707587,0.76353925,0.6634475,0.6823944,0.3368019,22.365313,21.17198,20.633066,20.403679
1010,2528741075137287085,1.4679441,1.5086336,1.7009506,1.890418,1.1779861,1.3875942,0.7899456,1.4737778,0.3893293,0.7022421,0.6731068,0.44956934,0.3,0.3,0.2875,0.33333334,0.38246873,1.2736867e-05,0.0,0.0,0.2342605,0.2102828,0.2809065,0.30041593,1.5514522,0.80535877,0.9119526,0.7320816,1.5536624e+07,5.036536e+07,2.0316126e+07,1.5227053e+07,-0.0007392113,-0.0003788685,5.6971592e-05,0.00047281448,-0.5202937,-0.96286154,0.3507247,-0.7230756,0.7928911,0.48557946,0.47011113,0.3802859,1027.1641,2756.7266,6485.539,2894.2031,25.016882,24.4282,24.144238,23.295767,0.034159128,0.035776213,0.028239138,0.039689757,25.162441,24.71621,24.248531,23.106796,0.5710783,0.5861702,0.35377312,0.69214725,0.2,0.13333334,0.2,0.16666667,1.5026684,0.33499652,0.54280066,0.3,1.5520782,0.4542806,0.3861712,0.4,1.1232777,0.4692302,0.402645,0.3375,1.5817719,0.47627425,0.5060379,0.5833333,1.5610638,1.9663105,1.9866619,2.0525093,0.11390049,0.11384419,0.1018493,0.122660846,1.0633054,2.5077457,3.0385892,4.7658176,0.8832946,1.3132231,1.3971275,1.8511744,-0.036256805,-0.39839998,-0.41708723,0.20950331,0.85455483,0.8739485,0.68181247,0.9246033,0.8549629,0.85989136,0.7944638,0.7845017,24.783611,24.157375,23.781902,22.573332
1011,2528741077607147082,1.4990587,2.177156,1.8280392,3.568067,0.51167107,1.8750095,1.4802914,1.9269085,5.913179,4.002421,1.1917274,3.343395,0.09803922,0.22222222,0.375,0.21052632,0.0,0.0,0.0,0.0,0.32056043,0.24127485,0.38001403,0.19327363,0.48372483,0.5388327,0.6133789,1.4642668,2.3408975e+06,9.554567e+06,9.269901e+06,4.748277e+07,0.0018532703,0.007259254,0.0033643823,0.008114388,4.5535493,-0.6325455,-0.9578147,1.7943251,0.28655094,0.3448433,0.31269893,0.7727768,1233.1367,3750.9688,7093.211,14388.254,17.143568,17.244698,17.599237,17.036598,0.04304972,0.08520145,0.058003467,0.09008035,16.882252,16.456528,17.731241,16.440704,0.21267319,0.4901762,0.71810627,0.66551876,0.4117647,0.2,0.11363637,0.28070176,2.1866684,0.3104073,0.57760566,0.9019608,3.110159,0.5894581,0.5590387,0.75555557,1.7324848,0.61221653,0.49459594,0.4318182,2.8536987,0.5072294,1.2426085,0.7017544,2.621481,3.7762318,2.0607605,6.122465,0.16586263,0.24850903,0.17832994,0.26090032,94317.75,241516.34,336897.75,182777.92,227.33739,432.25516,611.5415,434.38657,2.244559,0.9677782,-0.3156966,1.4043868,0.7380258,1.4692732,1.0208168,1.5346627,0.75843453,0.85969824,0.9417251,0.8873695,16.923727,16.427237,16.647375,16.094952
1012,2528741077656938480,1.576663,2.505525,4.6412363,3.2031264,0.022583008,1.8892517,2.2211895,2.3234797,16.982178,6.8905106,1.8412662,9.336176,0.078431375,0.22222222,0.3483146,0.15789473,0.0,0.0,0.0,0.0,0.2641785,0.25237152,0.35070637,0.16481733,0.62297785,0.8364385,0.88738775,1.4217535,1.7806961e+06,4.1533616e+07,1.0376887e+07,3.716517e+07,0.0021200876,0.01251265,0.008139163,0.012072732,9.366394,-0.37797117,3.3630006,0.5854285,0.31149444,0.48747453,0.44722348,0.77281564,1438.6016,13082.25,13832.285,13075.986,16.308184,16.6934,17.317492,16.211218,0.046044458,0.111860156,0.09025164,0.10987616,16.0827,15.447611,17.299002,15.115257,0.008560181,0.023248672,1.0765762,0.013671875,0.9019608,0.5777778,0.20224719,0.68421054,2.7444973,0.041011333,0.34121838,0.92156863,4.0803003,0.5279912,0.7651105,0.75555557,2.4890156,0.8326431,1.0413736,0.505618,3.5518017,0.2344098,1.2508448,0.7017544,3.1280441,4.9862347,7.1679707,6.3816166,0.16612743,0.31571224,0.22971228,0.3181123,130702.43,345184.88,820255.0,308972.9,122.59039,395.88437,1036.6587,309.83713,3.2860425,1.158411,0.8198863,1.3622882,0.75090146,1.8673263,1.562932,1.7812264,0.42652664,0.8172953,0.96667105,0.6703195,16.131887,15.6455345,15.8892565,15.211729
1013,2528741084141845594,1.9414864,1.9270086,2.0146837,2.1084728,0.7155132,1.7808399,1.1585732,1.4550953,1.5788957,0.7410986,0.44362178,0.1944047,0.26666668,0.35714287,0.2972973,0.40425533,0.0,0.0,0.0,0.0,0.26704624,0.2183827,0.3850929,0.33218348,0.7501799,0.75684536,0.6253962,0.5552785,3.684469e+07,1.317182e+07,8.49896e+06,1.7641386e+07,0.0010305553,0.0012163942,0.0009203902,0.0013599258,1.0001948,-0.72760916,-0.00797677,-0.5148039,0.4173312,0.4209935,0.37553403,0.32271108,5572.0,2181.4648,4229.1875,3811.8828,23.847683,23.561335,23.78482,22.94323,0.035138916,0.04418424,0.03720949,0.044357598,23.676895,23.323668,23.755478,22.980806,0.41035843,0.7512932,0.61205673,0.7962513,0.2888889,0.1904762,0.13513513,0.17021276,1.69133,0.45459405,0.6192829,0.8,1.8885841,0.5201027,0.5435581,0.6666667,1.422348,0.60114384,0.4278778,0.5135135,1.6440067,0.56909066,0.6176874,0.4893617,2.3591824,2.3899899,2.3076916,2.299549,0.12374959,0.14141405,0.1301163,0.14705582,6.3958526,12.843941,15.267989,14.471733,2.0833828,2.7005806,2.9619925,3.4319737,0.9392075,0.49146813,-0.42672074,0.028106788,0.83798176,1.0410397,0.885021,1.0177065,0.7984225,0.76793647,0.76120746,0.80532527,23.575377,22.943104,22.995659,21.8592
1015,2528741112430916332,0.7480364,0.8106966,0.7935009,3.7937803,0.62236786,1.0986443,0.42300034,0.9239178,2.2182326,2.172243,0.9833391,4.4502454,0.2857143,0.4680851,0.26086956,0.033898305,0.0,0.0,0.0,0.0,0.32848215,0.18904549,0.37833235,0.21481408,0.51552093,0.45746875,0.3308086,1.8093839,1.4667672e+07,5.2481625e+06,4.1623982e+06,4.708932e+07,0.0003963891,0.0007536276,0.00026681012,0.002881828,-0.094554186,-1.3690714,0.12952638,27.47291,0.33010685,0.28609818,0.20544402,0.9127736,2172.3672,1358.5625,1546.6562,14736.953,20.993946,20.001503,19.74418,19.372652,0.019948807,0.027461173,0.016340366,0.053689774,20.839058,19.85642,19.816128,19.147053,0.19999695,0.40851593,0.19083118,0.4190998,0.24489796,0.12765957,0.19565217,0.42372882,0.7855377,0.14638166,0.26884475,0.67346936,1.0677967,0.2554904,0.122410245,0.68085104,0.5465565,0.20299658,0.17769827,0.35869566,6.6833553,0.574858,0.0,0.9830508,1.1344299,1.0020523,0.87171555,6.795677,0.06773197,0.07596007,0.05815547,0.094432175,578.48956,2114.2922,1445.9779,2498.785,16.723192,37.93444,31.002396,43.61158,0.94685405,0.4088106,-0.38857052,4.483329,0.41880417,0.5492647,0.32262713,1.0401133,0.74755144,0.82887733,0.8371063,0.86341417,20.927204,19.97117,19.724821,19.136486
1016,2528741112440139996,0.43173218,0.32946873,2.519165,3.3722916,0.23402786,0.419899,0.1747036,0.3980217,1.7027072,1.6723555,18.189808,11.306964,0.26530612,0.4893617,0.021505376,0.016949153,0.0,0.0,0.0,0.0,0.25837728,0.18912382,0.14494316,0.13766438,0.77576363,0.48790836,1.8344547,2.050374,3.827201e+07,9.490571e+06,1.3935065e+07,5.6767092e+07,8.1553175e-05,0.0001274972,0.00072589604,0.0020996754,1.1818244,-1.3931277,74.87305,49.767117,0.43810743,0.29952982,0.9285417,1.0266536,1657.9062,851.8828,9559.266,13393.988,20.448074,19.304209,18.972696,18.673487,0.00906725,0.011300536,0.026981493,0.045824595,20.374954,19.267675,18.952038,18.534958,0.094244,0.18726158,0.08117676,0.18323898,0.2857143,0.10638298,0.8924731,0.8135593,0.32421303,0.069833905,0.14402275,0.6530612,0.40779686,0.11075336,0.066382945,0.65957445,4.6837006,0.16266176,0.0,0.9892473,6.313328,0.24013244,0.0,0.9830508,0.6821575,0.3817196,4.6539955,6.3448505,0.028233597,0.03219591,0.026763916,0.03874566,366.86545,1047.8004,723.80444,1903.0416,13.224957,28.733839,21.710926,35.92614,1.1398898,0.28291008,8.251231,6.7860126,0.1854078,0.2181479,0.5119117,0.85570496,0.74849087,0.88086915,0.82635653,0.82682866,20.47142,19.374443,18.927006,18.619438
1017,2528741112529334927,0.58891773,0.649107,2.17173,3.2317886,0.4805336,0.90909004,0.34568596,0.78220177,1.6652534,2.2947702,5.659282,4.537694,0.2244898,0.4680851,0.12903225,0.050847456,0.0,0.0,0.0,0.0,0.3181109,0.19048718,0.25666118,0.21271434,0.6003946,0.5186433,1.3533082,1.833454,1.7556692e+07,1.8131888e+07,1.0624951e+07,4.7069616e+07,0.0002354042,0.0005305826,0.00059204275,0.002174834,-0.07837963,-1.4545568,36.82476,27.090021,0.37790716,0.31572685,0.6811352,0.92451054,1905.0859,2760.789,7381.953,12640.6875,20.79758,19.766056,19.49431,19.121044,0.015380477,0.023042316,0.024349907,0.046638712,20.701088,19.640718,19.508888,18.911678,0.18682098,0.3433838,0.16565514,0.35758972,0.18367347,0.12765957,0.61290324,0.45762712,0.5945568,0.13603929,0.21068111,0.6938776,0.87802887,0.20144415,0.11224469,0.65957445,3.6639023,0.28612816,0.0,0.9892473,5.7119617,0.4965198,0.0,0.9830508,0.85349655,0.84384537,3.6099281,5.8245163,0.050998718,0.0638046,0.054678813,0.08177977,591.6812,2145.0125,1586.3716,3099.5928,16.888266,39.188805,32.39179,46.78911,0.90256023,0.38341781,4.842,4.4513755,0.3198767,0.4554557,0.47468466,0.89178085,0.7288904,0.85812736,0.83352625,0.8450223,20.777905,19.778528,19.436789,18.969019
1018,2528741115272480512,1.0673418,1.1581411,1.4627295,4.5474167,0.97712326,1.5310173,0.6446476,1.3580818,2.0799966,1.9523746,1.1580813,2.8229666,0.3265306,0.4893617,0.2580645,0.10169491,0.0,0.0,0.0,0.0,0.33007643,0.19155304,0.38082734,0.24809787,0.47502127,0.44650137,0.68553936,1.6806172,1.8304394e+07,4.2743985e+06,9.100792e+06,4.2513596e+07,0.0007621582,0.0013809986,0.0005646659,0.003977228,-0.54241204,-1.3946055,1.0006826,20.226393,0.31127536,0.2847225,0.36728883,0.84712034,3676.8047,1461.4453,5824.0625,17198.887,21.79301,20.930801,20.82787,20.304893,0.02773744,0.037193064,0.02380832,0.06336433,21.569033,20.768444,20.947939,20.130554,0.30146217,0.6454048,0.2718506,0.68671036,0.24489796,0.12765957,0.26881722,0.30508474,1.1528721,0.22814079,0.32163697,0.67346936,1.454216,0.34935525,0.29483053,0.63829786,0.8043003,0.3401756,0.2711477,0.39784947,7.7134686,0.8113391,0.0,0.9830508,1.5614815,1.3463535,1.5056782,7.7570724,0.09098992,0.10411221,0.07808552,0.12609673,232.84212,902.39154,611.23083,925.00146,11.305453,23.64706,19.978195,29.820162,0.76452905,0.34253693,-0.3306164,3.6061895,0.60448235,0.77848065,0.49587658,1.286606,0.7387074,0.79570234,0.82000995,0.8759548,21.580063,20.682022,20.701483,19.750298
1019,2528741115302885896,0.696352,0.7488642,0.75175095,3.3679934,0.52734756,0.98960686,0.41957092,0.8539047,2.528761,2.314821,0.71537656,4.4731774,0.2857143,0.44680852,0.2826087,0.033898305,0.0,0.0,0.0,0.0,0.33158168,0.19282092,0.38391447,0.21421126,0.49095958,0.44221154,0.2775417,1.8101407,1.4942693e+07,4.9833115e+06,3.4391858e+06,4.700591e+07,0.00033393243,0.0006439763,0.00024315041,0.0023517522,-0.07474518,-1.2870764,-0.066553116,27.007303,0.32015374,0.27759278,0.16607767,0.91324574,2100.9922,1216.0391,1249.1797,13145.449,20.810003,19.812372,19.52392,19.166798,0.018305551,0.025383947,0.015597899,0.048498947,20.639896,19.677841,19.586731,18.995108,0.1603508,0.35082245,0.17508984,0.40563965,0.2857143,0.14893617,0.20652173,0.40677965,0.69748497,0.12082169,0.26362228,0.6530612,0.98394775,0.21551216,0.14813419,0.68085104,0.510582,0.18299367,0.1681254,0.39130434,5.9495983,0.51843226,0.0,0.9830508,1.0644779,0.97899246,0.81225586,6.020447,0.06134772,0.07154719,0.051975403,0.08443035,692.07245,2318.3357,1799.5881,3043.851,17.725233,40.298065,34.939606,47.323067,0.98013383,0.50641835,-0.26966596,4.440309,0.3809386,0.5029162,0.30453214,0.9295695,0.757898,0.8404271,0.84388345,0.8505028,20.7612,19.807646,19.506739,18.995373
1023,2528741133490966317,1.6755705,1.1535273,1.1383448,3.0205307,0.8426056,1.337904,0.5984955,1.0776253,3.3495855,1.5882889,0.46314824,3.2621627,0.1875,0.39473686,0.2826087,0.13207547,0.0,0.0,0.0,0.0,0.28620163,0.2916978,0.36586905,0.24883099,1.0446175,0.59161645,0.43753296,1.623781,5.095783e+07,1.0398107e+07,5.743143e+06,4.7417324e+07,0.0007898155,0.0009766587,0.00036280396,0.0021353369,2.112986,-1.3028015,0.25239372,10.837945,0.6518535,0.37341636,0.22816737,0.83313906,5572.9688,1777.8828,2081.4688,12103.75,22.817505,22.456404,22.282703,22.029495,0.02930421,0.0316706,0.019428112,0.04663123,22.50153,22.175392,22.349398,21.695454,0.16357994,0.4479351,0.27823353,0.39522362,0.5,0.18421052,0.22826087,0.3207547,1.2771091,0.24652484,0.5390071,0.7291667,1.3396358,0.28441492,0.2754592,0.6315789,0.69847107,0.26623806,0.25569656,0.42391303,1.9368935,0.40506214,1.2427613,0.7924528,2.6722507,1.5532589,1.193407,5.450615,0.080003,0.09365781,0.059330724,0.11776293,30.836267,47.410286,34.11239,30.712389,3.7597747,5.7898765,4.783752,4.687633,1.4415848,0.4266243,-0.07826301,2.6908803,0.66864896,0.71120775,0.43291083,1.0272624,0.68143725,0.84125376,0.8257821,0.84021956,22.51752,22.209394,22.183868,21.705404
1024,2528741133633281686,2.3542423,2.3876572,3.8866558,2.6321993,1.7282925,2.6330452,1.2116661,2.233223,1.7575353,1.5089182,1.2861053,2.1606112,0.25581396,0.43243244,0.22093023,0.30769232,0.0,0.0,0.0,0.0,0.32851607,0.2741802,0.35889283,0.33555827,0.9192865,0.51058817,0.7722643,0.5886239,1.1038134e+08,9.418498e+06,1.2662342e+07,4.5519945e+06,0.002963886,0.0051860283,0.002599442,0.0056339935,0.05556774,-1.4224302,7.1873646,-0.87734604,0.5427493,0.35157198,0.40263993,0.33164668,17154.953,3037.1328,10569.535,4122.1797,21.050453,20.52709,20.279383,19.195265,0.054540373,0.072034694,0.051651303,0.07506811,20.531698,20.022543,20.43155,18.672777,0.64720535,1.1621857,0.5702963,0.88980484,0.18604651,0.10810811,0.3488372,0.09615385,2.0583496,0.33146048,0.7526908,0.60465115,2.77771,0.6216073,0.48548704,0.6216216,1.553381,0.61027664,0.77704096,0.43023255,2.6662502,0.53961706,0.77669984,0.63461536,3.7536983,3.229185,5.223112,3.8408241,0.16760324,0.20045003,0.14571029,0.21933126,1459.0433,8708.373,9831.79,9376.076,34.11158,81.42325,87.449005,110.96851,0.8918322,0.3265847,1.1287879,0.6482014,1.1480995,1.4786627,1.0474565,1.4409522,0.81936044,0.7893244,0.8142989,0.86513877,20.33018,19.347424,19.44604,18.107185
1025,2528741133645907527,1.6206532,1.8844538,1.6712589,3.3125734,1.6615639,2.4954796,1.1245403,2.0927372,2.5824618,1.8158813,0.49543706,2.5398738,0.26190478,0.43243244,0.29411766,0.24074075,0.0,0.0,0.0,0.0,0.360686,0.28687918,0.4024882,0.30936435,0.68929505,0.50258726,0.28992787,1.0447332,1.923917e+07,6.620351e+06,4.3895845e+06,2.347596e+07,0.0021994915,0.004434652,0.0016849063,0.006351107,-0.7756183,-1.4616969,-0.37359548,0.5372789,0.4387476,0.3323973,0.16423379,0.5455946,4828.8867,3089.4375,3124.0078,12487.156,20.405699,19.841011,19.477142,18.70724,0.046911877,0.066598,0.041049715,0.079696134,19.949284,19.349558,19.642313,18.196741,0.38546753,0.9382839,0.5119133,0.87621975,0.26190478,0.13513513,0.1764706,0.09259259,1.8039017,0.23478752,0.51394653,0.61904764,2.490158,0.51648355,0.48229116,0.6216216,1.3237057,0.51439315,0.40108708,0.43529412,2.7174015,0.57715064,1.0156611,0.6666667,2.5447865,2.585823,2.0508041,5.3695183,0.14991447,0.18558897,0.13969392,0.21149817,3115.3596,15569.547,22379.049,22903.236,45.990078,110.90873,132.73714,171.37073,0.74429613,0.3892792,-0.38337746,1.0176073,0.9572696,1.3213716,0.79953116,1.4908947,0.7815549,0.8517264,0.84128517,0.86594373,19.843801,18.970387,18.91206,17.698408
1026,2528741133721914545,2.7460728,0.017575264,0.7265234,3.0705338,0.015647888,0.009235382,0.011388779,0.010967255,15.250472,0.643572,29.600494,19.889606,0.046511628,0.27027026,0.011764706,0.018518519,0.0,0.0,0.0,0.0,0.20487216,0.28275034,0.11127603,0.13277654,1.0953856,1.5585451,0.9120619,2.0544984,2.314042e+08,2.0326358e+08,1.6493188e+07,6.864439e+07,0.0029319308,1.7678626e-07,8.81093e-05,0.0026000098,21.147589,0.42800617,84.08865,52.667847,0.54771537,0.7878264,0.968147,1.0272496,22471.852,70.85156,2777.207,12549.746,18.71332,17.215511,16.573565,16.399622,0.054200277,0.00043312972,0.009386974,0.050990395,18.479008,17.214518,16.556015,16.269112,0.0086250305,0.004383087,0.0057411194,0.0055799484,0.9302326,0.2972973,0.9764706,0.9444444,4.685528,0.0630553,1.0871432,0.95348835,0.01360321,0.0041362876,0.0047944123,0.7297297,1.4306107,0.011272951,0.0,0.9882353,6.1087894,0.091463566,0.0,0.9814815,5.4706326,0.020555496,1.4313297,6.126175,0.08703509,0.0013549591,0.0016109224,0.016905284,337.25928,18.61548,3181.4397,18679.877,9.009918,3.3523455,11.604554,31.912632,4.6353593,0.62206334,9.14745,7.22162,1.0142671,0.00745655,0.15557562,0.8362232,0.5749444,0.7683498,0.21460746,0.2791169,18.490812,17.214743,16.559408,16.284405
1027,2528741133743115909,2.0882435,1.3653746,1.3274746,3.439106,0.7123375,1.5784073,0.78988266,1.504303,3.109886,1.601446,0.55297863,2.677691,0.14285715,0.4054054,0.34117648,0.18518518,0.0,0.0,0.0,0.0,0.2976413,0.26344973,0.38322818,0.2753544,1.472916,0.63211036,0.38459387,1.3605144,6.6678684e+07,1.549952e+07,4.6400005e+06,3.863257e+07,0.0016090907,0.002133486,0.0010925867,0.004469308,6.720761,-1.4072665,-0.38658714,7.1399975,0.80266607,0.379849,0.19964467,0.70435804,7814.379,3362.0156,3110.418,13308.227,19.78479,19.013323,18.558144,18.01545,0.040127076,0.0461906,0.03305483,0.06685337,19.50667,18.781313,18.628626,17.552065,0.25030136,0.71741295,0.40894318,0.5715475,0.45238096,0.16216215,0.1882353,0.2962963,1.9924793,0.37806523,0.89572936,0.88095236,1.6598015,0.35335073,0.28345764,0.6216216,1.0634613,0.3515395,0.3641949,0.31764707,2.0477905,0.42641532,1.158879,0.6851852,3.6052399,1.7603474,1.4354591,6.0225945,0.11372623,0.13641739,0.11001473,0.15659858,4822.9507,29005.57,40550.926,44836.582,50.16233,146.00998,167.65358,194.78737,2.283627,0.33827266,-0.3191552,2.0896251,0.7939058,0.8782368,0.6134363,1.2043935,0.73299223,0.8342261,0.8493981,0.88196397,19.549112,18.6167,18.310633,17.468689
1028,2528741133753539414,0.95968246,1.0776253,3.68295,3.4326487,0.76971436,1.3847656,0.5901756,1.2501354,1.6345518,1.589008,12.957593,3.4174922,0.2195122,0.45945945,0.056179777,0.16666667,0.0,0.0,0.0,0.0,0.32111505,0.25867292,0.19761711,0.25488883,0.71060944,0.6243318,0.52850693,1.4914887,1.1362263e+07,1.6951386e+07,703938.8,4.2197108e+07,0.0006569902,0.0015116535,0.0052621383,0.004250192,0.88791656,-1.4789869,13.625783,10.336751,0.45146066,0.3769893,0.26461712,0.7719793,1270.2188,2592.9922,3152.8008,13454.75,19.4837,18.688763,18.441793,17.73084,0.025634998,0.03888061,0.07280844,0.06519382,19.340702,18.479387,18.264156,17.317776,0.2714157,0.60432625,0.28713417,0.45701218,0.19512194,0.16216215,0.60674155,0.33333334,0.89676094,0.18951093,0.39469275,0.68292683,1.3706055,0.30788845,0.2100745,0.6216216,6.042923,0.47701207,0.113144234,0.9550562,2.1326637,0.4672148,1.3286474,0.7777778,1.4763622,1.3772278,6.113903,6.1566772,0.09044637,0.114083566,0.12305228,0.14920676,6999.542,34057.223,35448.94,54757.957,60.945976,157.3521,150.1327,208.50412,1.1804024,0.28301552,3.5989563,2.586309,0.4994646,0.72663045,1.3427181,1.1559412,0.7323242,0.8372155,0.8133858,0.87582,19.378683,18.451853,18.053911,17.291727
1029,2528741133926886309,2.0463142,2.7536268,2.326438,3.3826685,1.9467144,2.6206741,1.3851776,2.700613,1.2363898,1.1005,1.0328678,1.4759693,0.33333334,0.3783784,0.32941177,0.33962265,0.0,0.0,0.0,0.0,0.37241814,0.2627146,0.40526292,0.34555078,0.7459704,0.6170593,0.34444162,0.5886556,2.5864614e+07,1.9427014e+07,5.737479e+06,6.2686755e+06,0.0028345136,0.004881086,0.002381886,0.0058772857,-1.0327358,-1.19012,-0.038561106,-0.57858825,0.47662348,0.40861255,0.1926922,0.32446235,5826.8906,5322.617,5147.9062,4725.4414,22.009892,21.59853,21.388494,20.313412,0.053616114,0.07004503,0.048871964,0.076803245,21.633648,21.296642,21.620676,19.706444,0.8794069,1.51334,0.74193573,1.067379,0.23809524,0.16216215,0.1882353,0.1509434,2.1785946,0.48318362,0.5322415,0.61904764,2.7762184,0.73505455,0.51397324,0.6216216,1.7507725,0.71657103,0.4609489,0.42352942,2.8167782,0.63848054,0.81644684,0.6037736,2.6394386,3.4898663,2.861126,4.910574,0.17322885,0.19877338,0.15088385,0.21256945,365.6228,2541.8333,2406.852,2268.3271,17.626293,42.515804,44.90033,51.681007,0.41291067,0.2346033,-0.6145504,0.5368548,1.1800848,1.5128697,1.0452977,1.560136,0.82398295,0.7659692,0.8122514,0.8594088,21.255274,20.064812,20.171844,18.888084
1032,2528741154967488680,1.9150352,0.45840073,1.568655,3.546342,0.3492508,0.5450077,0.2281723,0.48920822,7.814182,1.6641576,8.181069,9.499258,0.041666668,0.41463414,0.095744684,0.018867925,0.0,0.0,0.0,0.0,0.18064402,0.27949074,0.23560001,0.14676535,2.0096183,0.5576075,1.5030466,2.030541,7.335686e+07,4.796999e+06,4.672069e+07,6.9832744e+07,0.0011113926,0.0002119724,0.00035501557,0.0024995913,16.065933,-1.3860166,31.137955,42.956978,1.0197101,0.35484046,0.8211737,1.0183194,7528.3984,475.125,10855.203,14129.547,21.0418,19.927137,19.511219,19.159977,0.033472415,0.0145740425,0.01884739,0.050001048,20.80873,19.863338,19.512445,18.96468,0.1259594,0.21853065,0.114382744,0.22132683,0.625,0.12195122,0.61702126,0.7735849,3.262188,0.2512039,0.28028533,0.9583333,0.55155754,0.1408071,0.06416069,0.6585366,2.1362782,0.18278687,0.7763611,0.9787234,6.6386185,0.29657745,0.0,0.9811321,3.5575256,0.52233887,2.6385727,6.70866,0.05314165,0.04243368,0.035557866,0.047317125,245.96468,836.8923,694.66736,1270.328,10.155779,24.750858,21.131224,30.783583,3.8908179,0.26988107,4.725004,6.2571526,0.70431983,0.29041895,0.36773553,0.9580189,0.737393,0.8619457,0.8161846,0.86439687,20.89821,19.975697,19.481667,19.10072
1035,2528741162343432784,1.1632977,1.5653639,1.1215801,1.0353861,0.79018974,1.183178,0.4668026,1.0231133,0.2508073,0.36714783,1.7194909,1.2511653,0.28125,0.33333334,0.2826087,0.37254903,0.66125834,8.13995e-06,0.0,0.0,0.214638,0.24697198,0.34239212,0.32752064,1.8429829,0.6753499,0.72622716,0.6388618,3.3486778e+07,4.569577e+07,6.268748e+06,1.780443e+07,-0.0004444655,-4.967484e-05,0.00023419323,0.00050785556,-0.19732141,-0.78252935,2.6024404,-1.1775534,0.92791706,0.36669978,0.41672993,0.34699255,1318.4961,4144.086,2290.746,3406.7344,25.009407,24.215029,22.952875,22.348001,0.022840535,0.035504032,0.016730925,0.024372721,24.97174,23.992659,23.02096,22.308208,0.4138832,0.5968933,0.23207188,0.49045753,0.15625,0.15151516,0.32608697,0.09803922,0.91752243,0.3920622,0.26014674,0.53125,1.4561558,0.43075427,0.497759,0.57575756,0.6515732,0.32247016,0.17279309,0.32608697,0.96110344,0.23195066,0.27936366,0.54901963,1.2323799,1.8954029,1.6836529,1.0961838,0.079502635,0.1133904,0.052739553,0.07182672,0.8779499,2.4608111,8.859975,10.934348,0.76338327,1.3722602,2.1209986,2.8920908,-0.3935168,0.29951224,-1.2607166,0.25537887,0.57122827,0.8597312,0.38402283,0.5446816,0.78948927,0.8335295,0.7474458,0.8604377,24.886877,23.903421,22.90942,22.248333
1038,2528741201441583410,1.2877312,1.2190542,1.3905954,1.5016088,0.59630585,1.2339878,0.8916435,1.4816341,1.2620535,0.5458774,0.2835692,0.26278144,0.1724138,0.4,0.3529412,0.35,0.44786888,0.47839683,0.15921149,0.005106694,0.26504576,0.2580814,0.26090315,0.35526207,0.84100723,1.035421,1.1619304,0.91019064,5.8790224e+07,3.736726e+07,3.5136852e+07,3.2782354e+07,4.9516508e-05,-0.0013043171,-0.0006426592,-0.00089348794,1.5821126,-1.2128999,-0.06634641,-0.9114044,0.69526887,0.5323404,0.60903925,0.51909524,1624.5547,2026.1914,2343.6484,1940.0312,24.797222,24.507776,24.342253,23.749132,0.023255566,0.030419337,0.026958723,0.03511564,24.76491,24.609173,24.312569,23.747326,0.3171978,0.5955086,0.45047474,0.75584126,0.27586207,0.12,0.32352942,0.2,1.294693,0.3546087,0.41370136,0.86206895,1.304802,0.2569352,0.4105612,0.44,1.0876465,0.4514618,0.3040697,0.6764706,1.4418926,0.3416419,0.50451624,0.35,1.4480324,1.2294044,1.4694576,1.575613,0.095508106,0.092588186,0.096807994,0.109612934,1.0112387,0.98783016,1.2430663,2.0268853,0.85755354,0.8607424,0.8877948,1.1802126,0.87468934,0.122997046,-0.13699098,-0.12027262,0.57667345,0.7455103,0.65623605,0.83396596,0.80170536,0.8806033,0.8228947,0.8229799,24.592836,24.45871,23.93984,23.215141
1039,2528741202343162523,1.9227686,2.5577378,2.555274,3.2579932,0.6715145,3.6404657,2.5329475,2.51013,8.51332,6.7778416,3.1153998,8.02291,0.15384616,0.27659574,0.39361703,0.21153846,0.0,0.0,0.0,0.0,0.3519202,0.24299394,0.40488493,0.23182818,0.47948185,0.483039,0.44504252,1.1193752,5.615091e+06,4.2440945e+06,4.821852e+06,2.1389908e+07,0.0037792397,0.014116003,0.0075589144,0.013246512,3.2981677,-1.0492194,-1.1888266,0.0059900284,0.30748194,0.3024475,0.22413225,0.6170885,2762.586,3641.9688,9863.732,13297.801,16.279062,16.7606,17.431744,16.392122,0.06147556,0.11881099,0.08694217,0.115093686,15.739552,15.319725,17.750599,15.161243,0.025196075,0.018986702,1.0588675,0.012924671,0.63461536,0.5744681,0.08510638,0.65384614,2.4558964,0.3412219,0.8654653,0.84615386,4.0547085,0.3922064,0.83398604,0.68085104,2.7559338,0.70201635,0.7423951,0.3617021,3.7569914,0.33354583,1.1911778,0.6923077,3.8149948,5.066805,2.6053066,6.488859,0.20984292,0.32084402,0.24057473,0.3091144,311641.72,361792.7,844573.5,314145.5,358.75024,393.87622,1210.3851,323.162,2.032478,0.8770884,-0.3227475,1.1878139,1.0007645,1.9913434,1.5155537,1.8866298,0.7848388,0.7921541,0.9756297,0.69935185,15.907561,15.464053,15.830026,15.272251
1041,2528742606413882930,1.960043,2.2735348,2.164487,2.4199944,1.5982418,2.5970116,1.395628,2.0237122,2.286735,2.1027792,1.4261591,1.109093,0.2826087,0.41666666,0.29761904,0.3559322,0.0,0.0,0.0,0.0,0.36474204,0.21523997,0.40823615,0.32998794,0.3995808,0.48027727,0.23808706,0.5349656,7.7811245e+06,5.5710835e+06,3.2553195e+06,4.592107e+06,0.0026687619,0.004821902,0.0023415606,0.0038053782,0.020783424,-1.0815563,-0.22744918,-1.0778322,0.29814354,0.30380562,0.19617279,0.30467796,2450.336,4055.8516,4127.6562,4320.1094,20.633207,20.92145,21.525211,20.876595,0.051680647,0.06949472,0.048467685,0.061801657,20.251228,20.561218,21.786898,20.802227,0.47177982,0.9416666,0.68951225,0.9932575,0.26086956,0.125,0.1904762,0.06779661,2.0863934,0.41179463,0.6548052,0.7173913,2.8909664,0.65307665,0.42955774,0.7083333,1.8546028,0.657925,0.48891866,0.3452381,2.2524776,0.5650326,0.6892889,0.5423729,2.854517,3.0943317,2.8498306,2.6799831,0.17647575,0.20938608,0.16426982,0.18257919,1915.8347,2886.2573,1618.1117,630.2873,39.39598,44.270245,38.599106,33.245426,0.99019766,0.57748145,-0.6582049,0.28007367,1.0663375,1.4539303,1.0432771,1.2902081,0.8487309,0.76288605,0.8317813,0.8753063,20.116283,19.85733,20.448322,19.677086
1042,2528742606600777903,3.29037,1.2343025,1.230773,3.649723,0.8941345,1.494812,0.72433853,1.2616158,6.340717,3.305723,0.81185085,3.1194184,0.041666668,0.35416666,0.27380952,0.18333334,0.0,0.0,0.0,0.0,0.236163,0.20913658,0.39565417,0.23742218,1.0442103,0.43526253,0.24748577,1.5075383,1.4258409e+06,5.5648265e+06,4.1527312e+06,3.327535e+07,0.0042418293,0.001931057,0.0007901534,0.0039426438,12.9503145,-1.0325162,-0.17463422,10.5540905,0.53880376,0.27855757,0.21403013,0.77633953,1555.2852,2328.3672,2012.6406,14373.93,19.15967,18.953972,19.168976,18.981394,0.06603149,0.04394497,0.028111108,0.062793896,18.73472,18.613564,19.284014,18.635265,0.30678177,0.40172577,0.3431034,0.56038475,0.5625,0.14583333,0.20238096,0.18333334,5.5919437,0.5774499,0.5369886,0.9583333,1.6932659,0.30921268,0.28006795,0.7083333,0.91513634,0.31503204,0.3020107,0.3690476,2.2745895,0.5132655,1.4067771,0.8,6.1636047,1.8818626,1.3617477,6.452692,0.12980671,0.12680855,0.10062978,0.1507393,17068.805,18020.988,11403.065,7371.5684,91.27545,109.56534,89.36935,81.78958,3.4152324,0.74821794,-0.2505526,2.5716588,1.2651416,0.8329317,0.53886116,1.1919156,0.69801235,0.8264738,0.86243474,0.9032341,18.7494,18.713028,19.030622,18.449718
1045,2528742609889701413,1.087801,1.2311049,1.173193,0.9766607,0.68886566,1.1276646,0.5037422,1.073494,0.3833797,0.39385176,0.50963414,0.47009763,0.4,0.41666666,0.24,0.42857143,0.6500056,0.045345016,0.99998045,0.65437424,0.31715357,0.27387536,0.22201943,0.24221821,1.119056,1.7526128,1.4076804,1.9363205,8.966051e+07,6.844486e+08,3.4424056e+07,6.2560476e+07,-0.00063118804,-0.0005450693,-0.0013332401,-0.00080729433,-0.12658143,-0.7427993,1.3959503,-1.3507466,0.61657465,1.2199467,0.8893581,1.1806192,1706.1758,3508.336,3103.5156,1484.8398,25.072262,24.809692,24.755287,23.951057,0.024128325,0.031749874,0.01808215,0.026088959,25.111504,24.814404,24.84734,23.985704,0.3320179,0.61048985,0.26906013,0.53939056,0.1,0.33333334,0.28,0.14285715,1.1934948,0.2894535,0.37805024,0.2,1.5054989,0.20117399,0.4534074,0.25,0.7053871,0.3417507,0.22534855,0.42,1.0755863,0.26436067,0.33467716,0.47619048,1.3198833,1.32131,1.5657063,1.0108013,0.082214564,0.09737612,0.058289517,0.07474027,0.8478325,1.818153,0.37406695,0.8489212,0.7243217,1.1696532,0.49826688,0.87412417,-0.5688064,-0.43852755,-0.7562129,0.05950111,0.6049517,0.7877046,0.4476288,0.62485814,0.7523543,0.9478468,0.8057044,0.8482619,25.035677,24.280428,24.620285,23.61695
1047,2528742612179043526,1.5924463,1.8792686,1.8428841,3.1749926,1.4790173,2.300047,1.2101059,1.9200535,4.108784,3.193616,1.3267676,1.9384853,0.23913044,0.35416666,0.2857143,0.26666668,0.0,0.0,0.0,0.0,0.37524897,0.22108796,0.4135591,0.2875516,0.38969207,0.41268367,0.22913983,1.061893,3.9437192e+06,4.086977e+06,3.918353e+06,1.8191246e+07,0.0023405065,0.0040915757,0.0017638167,0.0050147134,-0.0857594,-1.021127,-0.47038126,0.54850507,0.28365958,0.27482757,0.19021316,0.5636776,2056.1328,2816.6797,3239.9453,12021.891,19.663063,19.88996,20.355888,19.907404,0.048382603,0.06397279,0.042006876,0.07083551,19.217798,19.376282,20.63194,19.62119,0.2531948,0.650753,0.5154705,0.9683609,0.32608697,0.125,0.21428572,0.15,1.8997936,0.21081379,0.5683781,0.6956522,2.581808,0.47732243,0.43630433,0.7083333,1.4929943,0.5060486,0.39579114,0.39285713,2.3321915,0.47046253,1.0933006,0.56666666,2.606907,2.8383636,2.1858845,4.8328285,0.15794636,0.18665688,0.13885097,0.20773053,7311.467,7607.0547,5805.4253,3072.3606,66.424,72.51621,73.39665,66.220215,1.1163542,0.74555993,-0.43700138,0.9863465,0.95135015,1.2724162,0.8550873,1.4101511,0.7501447,0.8089789,0.8550814,0.85959625,19.181652,19.226301,19.739456,18.887602
1048,2528742612254721503,1.0166998,1.2426729,1.3604183,1.0215855,0.81892776,1.5156994,0.57569695,1.3640003,0.31882098,0.49776304,0.6660573,0.8486581,0.375,0.36842105,0.24444444,0.5,0.49926084,0.5934662,0.99254674,0.698153,0.20868462,0.3292061,0.26584616,0.2997051,1.8924797,1.040371,1.0090859,0.70580214,2.1164482e+08,1.3839525e+08,3.369538e+07,3.86757e+07,-0.00051335455,-0.0011391912,-0.0010640606,-0.0008549296,-0.5810077,-1.2167244,3.519323,-1.5219598,1.0219802,0.53334385,0.7696487,0.3902558,3038.3438,3686.0078,2561.3828,2158.961,24.974436,24.56292,24.753141,23.850084,0.022739572,0.032530658,0.019623522,0.028617395,25.0759,24.718834,24.696978,23.701685,0.4404831,0.59053993,0.27048874,0.62924004,0.20833333,0.10526316,0.31111112,0.115384616,0.97927856,0.32533577,0.3227445,0.33333334,1.3969898,0.34571958,0.40212536,0.42105263,0.74980545,0.36584216,0.23623526,0.64444447,1.2185497,0.28465298,0.30124965,0.53846157,1.2271729,1.3199615,1.7842808,1.2089729,0.07493402,0.097965874,0.05813113,0.079105325,0.9717058,0.8881575,0.5559167,0.83601385,0.80572885,0.7757437,0.49742365,0.81655777,-0.38100353,-0.082756445,-0.90090126,0.13355866,0.567908,0.79904795,0.48574382,0.6825273,0.7958233,0.8463889,0.6547977,0.8490594,24.803925,24.589622,24.578236,23.524565
1049,2528742612325288873,0.6981802,0.8169708,0.8663683,3.2715712,0.43525696,0.83979416,0.5433922,0.78544426,4.1420135,3.2889693,0.58313066,4.721904,0.19565217,0.33333334,0.35714287,0.06666667,0.0,0.0,0.0,0.0,0.36985525,0.20700145,0.4056455,0.19891173,0.38568667,0.45015383,0.21742488,1.7625104,4.5504205e+06,5.9424355e+06,2.9847838e+06,4.396131e+07,0.00044360076,0.00080371276,0.00043957552,0.0025813694,1.0718784,-0.8120012,-0.54245806,24.066536,0.29204077,0.2800852,0.17889519,0.8934466,907.28906,1767.4375,1288.125,13080.84,18.468246,18.348402,18.46522,18.402733,0.021062696,0.028350571,0.020966811,0.050808214,18.301147,18.121098,18.528149,18.184526,0.10306549,0.23386574,0.2716446,0.3691187,0.41304347,0.125,0.22619048,0.45,0.796051,0.13076961,0.30396473,0.76086956,1.0502548,0.18381876,0.22607794,0.7083333,0.66594505,0.18834051,0.2238738,0.3809524,5.8521194,0.55559653,0.0,0.98333335,1.1737804,1.3071041,0.90554047,5.97279,0.070612706,0.08308768,0.06904726,0.0947303,15241.023,20575.76,13079.375,11304.272,77.49043,119.35793,97.36844,89.14588,1.450072,0.8367854,-0.06864379,4.1581383,0.38899106,0.5201877,0.38715678,0.93501,0.7222255,0.8473261,0.8718035,0.83603895,18.409397,18.342825,18.42021,18.205578
1050,2528742612329748123,0.24337578,0.036229134,0.026053429,3.156084,0.024997711,0.023557663,0.013547897,0.021419525,9.133439,1.4753326,0.19502743,23.003633,0.02173913,0.3125,0.35714287,0.016666668,0.0,0.0,0.0,0.0,0.1611971,0.20064522,0.26671863,0.12692045,1.9452947,0.60103244,1.0781082,2.047042,3.2014755e+08,2.1108776e+07,2.0299352e+07,5.5679156e+07,1.5381327e-05,9.756953e-07,3.47059e-07,0.0021429497,37.98098,-0.2623973,-0.13705897,59.945667,0.97301954,0.33543998,0.5925069,1.0235407,1963.2031,60.804688,83.57031,12913.988,17.888992,17.553946,17.444605,17.528868,0.003924522,0.0009986131,0.0006002432,0.04629247,17.873632,17.5498,17.44533,17.421837,0.013020515,0.00859642,0.0069561005,0.010146141,0.82608694,0.16666667,0.21428572,0.98333335,0.45536995,0.020748915,0.0,0.9782609,0.033920288,0.008445674,0.009626229,0.7291667,0.016805649,0.006217115,0.0063644536,0.44047618,6.284149,0.01696905,0.0,0.98333335,0.4608326,0.04680252,0.026716232,6.286442,0.004650765,0.0031464545,0.0018490382,0.0033063062,752.197,73.42083,27.36804,2739.6482,11.218368,6.968823,4.2370067,11.625881,5.9225464,0.743387,-0.038598116,7.7408004,0.07020575,0.0175296,0.010471006,0.8114546,0.4409911,0.84092396,0.8045594,0.23371167,17.888933,17.560043,17.44553,17.431858
1051,2528742612339315573,0.6505842,0.67304707,0.773406,3.1197796,0.46463013,0.81305695,0.43577003,0.68564224,3.173576,2.582386,0.68868774,4.8664703,0.19565217,0.39583334,0.25,0.06666667,0.0,0.0,0.0,0.0,0.33441752,0.20538801,0.3849603,0.19809605,0.64785445,0.48902377,0.27719656,1.7661427,2.7587116e+07,9.332768e+06,4.124473e+06,4.32823e+07,0.00035134537,0.0005885279,0.00030645533,0.0023765117,1.1486464,-1.0819242,-0.011810303,24.031961,0.40652734,0.29265845,0.22149326,0.8986508,2545.6328,1638.7656,1233.3906,12454.699,18.464733,18.304832,18.383242,18.34102,0.018745128,0.024260428,0.017506681,0.04875049,18.33145,18.123312,18.420881,18.075226,0.12173653,0.24345684,0.1977768,0.34067154,0.2826087,0.083333336,0.21428572,0.43333334,0.6836529,0.11470944,0.27158487,0.73913044,0.89152527,0.18647416,0.13570033,0.7083333,0.53676224,0.19060767,0.18970287,0.3690476,5.594452,0.53163356,0.0,0.98333335,1.0494556,1.0017014,0.7778454,5.767002,0.06522076,0.07192011,0.059922878,0.095501415,13546.329,16936.854,9781.887,11229.823,76.47691,112.738846,81.19288,87.9543,1.3929253,0.6513578,-0.15523165,4.1588964,0.34612378,0.44408306,0.32182956,0.89413375,0.729912,0.86597264,0.8341796,0.84459066,18.43502,18.340162,18.369915,18.160442
1052,2528742618431216639,1.5218916,1.2102003,1.3394117,1.1022329,0.7456684,1.2988148,0.8795757,0.74873924,0.34570917,0.42194194,0.21587037,0.54123247,0.32258064,0.3809524,0.28,0.26666668,0.288589,0.04879643,0.5669463,0.9297105,0.22591142,0.25107735,0.3234296,0.3128564,1.2471756,1.146119,1.1504551,1.2018509,9.3104824e+07,8.709682e+07,6.486206e+07,9.789051e+07,-0.00039206524,-0.00011662866,-0.0012129177,-0.0017541834,0.35874653,-1.2352004,0.46804333,-0.28859258,0.64709574,0.6551462,0.69527125,0.7710739,4275.125,2197.5938,2542.4023,1560.918,25.005787,24.22022,24.490185,23.805311,0.027956516,0.032261573,0.02504205,0.025930647,24.900496,24.175436,24.59079,23.700636,0.3180256,0.67915344,0.44392395,0.33883286,0.29032257,0.04761905,0.28,0.2,1.2174892,0.46030462,0.41434252,0.7419355,1.3463001,0.36006975,0.39728498,0.52380955,0.9833069,0.40560234,0.35303742,0.4,1.0963154,0.29553315,0.368167,0.6666667,1.7594929,1.4006195,1.6354694,1.27388,0.1074238,0.09616264,0.08745018,0.08626771,1.1269208,1.5755472,0.9252685,0.5090618,0.8703307,1.1380961,0.69190663,0.5826864,0.24969347,0.15391721,-0.40940073,0.5491038,0.6990747,0.7813824,0.6132844,0.6172871,0.8232785,0.8839438,0.7412186,0.7281001,24.648977,24.211794,24.181627,23.486553
1053,2528742620935182290,2.160962,1.3023319,1.330719,3.361023,0.8971462,1.6724224,0.7525997,1.4964199,2.415185,2.195791,0.690513,2.0705452,0.14583333,0.4390244,0.29787233,0.18867925,0.0,0.0,0.0,0.0,0.24252827,0.29591486,0.39525706,0.27808833,1.4835255,0.5201017,0.4109533,1.4005569,1.5198485e+08,4.236798e+06,5.7240475e+06,3.9008164e+07,0.0012142777,0.0016789536,0.000716671,0.0033687553,7.4284916,-1.3668234,-0.17386937,6.452899,0.8097229,0.32729053,0.20639905,0.7203989,16430.328,1715.918,3924.7969,12772.609,21.960714,21.24148,21.004396,20.441925,0.0352097,0.041021843,0.02680256,0.058068935,21.699965,20.935553,21.112976,20.130901,0.3967018,0.518589,0.31566238,0.65460587,0.375,0.12195122,0.18085106,0.18867925,1.3048363,0.27916685,0.8154616,0.7083333,1.6929646,0.34341252,0.2602392,0.6585366,0.92183495,0.36734363,0.2973287,0.42553192,1.9855232,0.44950467,1.1367989,0.6792453,3.7196064,1.740902,1.4580765,5.6491737,0.09515778,0.11724204,0.09327653,0.14311495,158.5577,619.9215,673.935,731.9062,9.630193,19.713755,21.85714,26.617735,2.2216835,0.47431704,-0.33846954,1.9701732,0.7732302,0.87136465,0.5629716,1.1870408,0.72994876,0.79306465,0.84307116,0.8904527,21.644308,20.855722,20.755423,19.876013
1054,2528742620999178878,2.28152,0.8216839,1.7197685,3.4744892,0.5622215,1.042963,0.4830742,0.94145775,4.3301687,1.7334396,1.7751743,3.9999776,0.104166664,0.4390244,0.20212767,0.03773585,0.0,0.0,0.0,0.0,0.25144753,0.2872332,0.3323343,0.2214864,1.358319,0.5468631,1.0263774,1.7841119,9.735237e+07,4.953212e+06,2.872758e+07,5.790317e+07,0.0011500079,0.0006714884,0.0005108713,0.0026248826,16.387558,-1.37829,9.530606,23.42514,0.7171326,0.34916452,0.5291326,0.9024468,12231.531,850.8672,10259.172,13535.043,21.465431,20.572191,20.26259,19.795132,0.03402652,0.02593405,0.02261569,0.05124361,21.197186,20.459461,20.30029,19.51683,0.18173122,0.38033485,0.20761871,0.41208267,0.5208333,0.12195122,0.40425533,0.3962264,3.9466572,0.462078,0.0,0.9791667,1.0187683,0.24609484,0.1365161,0.6585366,0.6392727,0.24373727,0.38416868,0.42553192,6.114233,0.5744082,0.0,0.9811321,4.132679,0.9537258,2.5017853,6.27717,0.070706524,0.07617998,0.06298981,0.0870074,263.03464,930.13965,853.07996,1269.7899,10.893846,24.463985,23.77846,31.407246,3.4882638,0.32967204,1.7277094,4.125859,0.7303939,0.5335202,0.45825246,1.014374,0.71988624,0.79214776,0.8366979,0.8864594,21.270927,20.499084,20.179306,19.60036
1055,2528742621879113062,1.8258858,1.5406656,1.3745699,4.3722878,1.1288166,1.9951382,0.7545948,1.6131,2.980919,2.4207914,0.5082005,3.1317585,0.18367347,0.3902439,0.2795699,0.16981132,0.0,0.0,0.0,0.0,0.27825066,0.29823935,0.38496932,0.25223663,1.0501513,0.49369028,0.46510705,1.5400765,9.536881e+07,5.105902e+06,6.0866845e+06,4.389212e+07,0.0013781638,0.002360548,0.0009091701,0.005785768,1.4340713,-1.3695766,-0.17618942,10.089958,0.5791569,0.31946418,0.23348527,0.7913739,13600.211,2226.0195,4603.246,17054.18,22.21438,21.46398,20.39867,19.546234,0.037436586,0.048658807,0.030163312,0.0760952,21.874784,21.063093,20.434362,19.094889,0.38749695,0.6006088,0.3650303,0.66589165,0.3265306,0.14634146,0.13978495,0.24528302,1.6042519,0.3148484,0.6549164,0.7346939,2.0367737,0.39061734,0.33027095,0.6585366,1.0158825,0.37199798,0.35894996,0.38709676,2.8075695,0.62187684,1.74561,0.7924528,3.067833,2.138239,1.4292831,7.759348,0.11311539,0.13835973,0.10271498,0.17455064,118.09186,517.0407,2300.137,3622.7314,8.57558,18.664352,40.22388,61.570683,1.3749431,0.5160972,-0.214474,2.5647027,0.8316305,1.0444117,0.6152915,1.4873747,0.7454155,0.7972671,0.8401991,0.902378,21.808691,20.912722,20.096493,18.815454
1056,2528742621910738826,1.7324677,0.034341812,1.138195,3.2799788,0.04317665,0.019248962,0.012937546,0.011428833,14.517555,0.94831514,31.339186,20.601858,0.040816326,0.19512194,0.010752688,0.018867925,0.0,7.2434787e-09,0.0,0.0,0.14482908,0.22494748,0.10705438,0.13470922,1.7597345,1.7204388,0.9015591,2.039406,2.4499653e+08,2.0483093e+08,1.3509021e+07,7.137811e+07,0.0005946085,3.036344e-07,0.0001655325,0.0025716242,39.21388,1.6284461,90.9771,52.90068,0.8808543,0.86686397,0.9550574,1.019703,13551.133,202.85156,4329.91,13389.949,20.819986,19.494448,18.212961,17.729431,0.024447963,0.0007728401,0.012867412,0.050711747,20.710672,19.490227,18.184246,17.601269,0.019386292,0.01002121,0.0062026978,0.005624771,0.8979592,0.2195122,0.9677419,0.9811321,3.3778572,0.16367595,0.0,0.97959185,0.023578644,0.0063173743,0.011956059,0.5365854,2.248024,0.024249164,0.0,0.9892473,6.5425816,0.027005633,0.0,0.9811321,3.4182358,0.047683716,2.252571,6.5472984,0.02337232,0.0028914246,0.0034711303,0.0029735155,43.60399,2.8213735,273.2338,2366.926,3.058017,1.4567788,5.388976,9.536838,6.0853267,1.0031949,9.491835,7.2702274,0.50900626,0.015066091,0.23435366,0.8990904,0.4930161,0.85040027,0.34642008,0.20528974,20.72452,19.49355,18.188803,17.606798
1057,2528742621913014799,1.3286352,0.7363701,1.128809,3.1007233,0.43652725,0.9301739,0.41759872,0.71901894,3.4553764,2.666562,0.77433693,5.35191,0.14285715,0.34146342,0.23655914,0.0754717,0.0,0.0,0.0,0.0,0.22133277,0.29517734,0.3355115,0.19959553,1.4507445,0.4807129,0.59811443,1.8303659,1.7313331e+08,5.5048635e+06,8.403498e+06,5.8375612e+07,0.00045478737,0.00055617315,0.00031482242,0.0025347741,11.035366,-1.153471,4.8298283,24.15473,0.7653212,0.3004743,0.35431913,0.92633647,10178.141,1051.1445,4228.543,12383.8125,21.370687,20.285242,19.09464,18.441977,0.021423003,0.023598263,0.017745653,0.050347514,21.192255,20.067791,19.092402,18.194384,0.16913223,0.1991024,0.20855904,0.30478668,0.4489796,0.14634146,0.29032257,0.5283019,1.008524,0.20514046,0.6100352,0.85714287,0.9314842,0.15330634,0.20671484,0.6585366,0.50351334,0.17537904,0.27580783,0.53763443,5.633173,0.51822984,0.0,0.9811321,2.4188843,1.10713,1.6306744,5.774479,0.0523088,0.067878954,0.054144904,0.090873905,259.9789,1071.9624,3130.0354,9732.721,10.537413,26.961279,47.054337,80.228195,2.7589955,0.66584104,1.2428778,4.2843328,0.4578243,0.47869647,0.33884686,0.9285077,0.7222799,0.84806204,0.8401432,0.8308901,21.27952,20.229856,19.057543,18.283361
1058,2528742621916739766,1.6898613,0.9108267,1.1594839,3.4352903,0.60224724,1.1824455,0.5064316,1.0056229,3.148758,2.5797384,0.73971444,4.223631,0.12244898,0.41463414,0.24731183,0.13207547,0.0,0.0,0.0,0.0,0.20958301,0.28268152,0.35105255,0.22413431,1.456696,0.5123697,0.5995483,1.6939981,1.6280349e+08,4.6737375e+06,8.1723365e+06,5.1064628e+07,0.0007295904,0.0009004265,0.0004502566,0.00338004,9.289099,-1.429417,1.2044365,16.471228,0.7589426,0.31190282,0.31800705,0.8670695,12666.039,1323.7617,4592.1562,13606.586,21.631535,20.647837,19.472616,18.781494,0.02714469,0.03002764,0.021222586,0.05813966,21.421839,20.379105,19.50008,18.428709,0.1900425,0.34329987,0.21038818,0.38538933,0.42857143,0.14634146,0.22580644,0.41509435,1.119051,0.23304449,0.70857227,0.79591835,1.2188969,0.22921465,0.15511046,0.6585366,0.63973427,0.2292904,0.29089737,0.40860215,6.0784645,0.7105892,0.0,0.9811321,2.9708538,1.3000927,1.4305801,6.3165627,0.07516828,0.08336509,0.0729462,0.12037062,247.0067,937.556,3266.8406,8095.847,10.471705,24.920855,47.02675,77.12997,2.5427969,0.48422894,0.42038134,3.3972595,0.58718127,0.6200058,0.41325927,1.0919497,0.6796968,0.8287422,0.83532846,0.8605251,21.469076,20.499247,19.396074,18.472178
1059,2528742621957147950,1.009862,1.1189804,1.2084322,3.2490025,0.6453171,1.5076294,0.75575256,1.1862717,3.3252635,2.5125256,0.29324007,3.3613706,0.20833333,0.36585367,0.33333334,0.1509434,0.0,0.0,0.0,0.0,0.35295594,0.29629067,0.39071268,0.24469164,0.5159878,0.4808479,0.41508394,1.5640664,1.0933332e+07,3.6151588e+06,5.3458925e+06,4.6092532e+07,0.0006073903,0.0013436616,0.0006944747,0.0033197275,0.5118339,-1.2204893,-0.31735516,11.326867,0.31784034,0.30709535,0.21406363,0.80129826,1726.625,1179.7422,4492.2617,12804.465,21.658373,20.821224,19.722845,18.937479,0.024787592,0.03667963,0.026356889,0.05761901,21.409061,20.563267,19.765162,18.593674,0.19118786,0.42079926,0.33309746,0.4500885,0.3125,0.12195122,0.19354838,0.3207547,1.0416718,0.20031291,0.39752647,0.7291667,1.4790535,0.26580665,0.3192388,0.6585366,0.8461418,0.28891623,0.31458774,0.4516129,2.1243134,0.4566282,1.3557547,0.8113208,1.5575466,1.601881,1.2966118,5.8360443,0.08278559,0.10507033,0.08244533,0.13025448,233.19044,809.0191,4110.573,7522.7197,10.152625,24.057297,55.043037,76.90606,1.2198267,0.6201342,0.07407678,2.7413185,0.5368589,0.7637148,0.51983285,1.0911587,0.6925525,0.83655465,0.8639827,0.8737851,21.455784,20.581419,19.547852,18.573935
1060,2528742622326088470,1.7432032,2.0947237,1.8938255,2.525588,1.01931,2.2148533,1.1412354,2.2469063,1.5350516,1.4280225,1.3484497,1.5116343,0.31914893,0.3902439,0.26881722,0.34615386,0.0,0.0,0.0,0.0,0.2932892,0.2772817,0.39230317,0.3309077,0.75345117,0.63051456,0.47642082,0.60009694,1.4581262e+07,1.2489774e+07,5.604263e+06,5.245954e+06,0.0013083395,0.0031465737,0.0015384918,0.0044198916,0.21561646,-1.2182143,-0.03984475,-0.83004713,0.4537158,0.4064022,0.23978871,0.32807344,2678.2734,2707.0312,5509.035,3768.2305,23.184462,22.743391,21.77813,20.59545,0.03838106,0.057160456,0.03933668,0.06657044,23.013405,22.34896,21.99469,20.178375,0.5073147,0.9810333,0.54784775,0.9801121,0.23404256,0.19512194,0.19354838,0.15384616,1.8467808,0.4513524,0.49894863,0.78723407,2.4391537,0.5480129,0.5001375,0.63414633,1.4424381,0.5994878,0.38671893,0.39784947,2.4805603,0.535684,0.7691903,0.61538464,2.4791145,2.6664925,2.512207,3.494423,0.12717323,0.18008162,0.12969364,0.2085539,28.487293,151.6398,603.80304,875.5736,4.6910677,9.079039,22.961655,32.754173,0.9626515,0.37237152,-0.6811299,0.5856315,0.8898442,1.3000226,0.8566793,1.3710481,0.8153943,0.7490196,0.8442787,0.8825372,22.721191,21.678001,20.971783,19.526834
1061,2528742629279960819,2.275465,2.644165,2.785565,3.161919,1.6863308,4.020235,2.2863522,2.7121668,6.7473526,1.9818854,2.9184346,7.158314,0.16,0.4893617,0.31034482,0.2,0.0,0.0,0.0,0.0,0.33361253,0.2218207,0.40499234,0.22857143,0.6087864,0.7148142,0.49545214,0.95600754,1.0738598e+07,1.837786e+07,6.606591e+06,1.6388288e+07,0.0060290736,0.012284625,0.0069693215,0.013700668,1.4574647,-1.3776006,-0.8164396,-0.33615947,0.36578038,0.4337052,0.28026107,0.53210884,5585.699,6376.127,11575.742,12929.779,16.273645,17.261255,17.709288,16.290958,0.07764716,0.110836394,0.08348274,0.11705006,15.487751,16.811838,18.38537,14.917471,0.04385376,1.757103,0.8901596,0.021697998,0.64,0.12765957,0.22988506,0.5833333,2.4097662,0.27961498,1.0214223,0.7,3.5584793,0.8785377,0.7324317,0.63829786,2.6593323,0.85876435,0.5414929,0.40229884,3.7237778,0.50190216,1.1647662,0.68333334,4.5021324,3.503149,3.472354,6.296116,0.26901758,0.305273,0.25073287,0.33247736,531321.0,751047.75,871091.2,471873.97,484.39944,1067.5986,1271.8894,445.8618,1.5115993,0.34790966,-0.5546037,1.0435301,1.2636023,1.9131753,1.4784199,1.9068576,0.7925363,0.91662705,0.9274229,0.783387,15.652594,15.616683,15.880248,15.083352
1062,2528742629294789653,2.2471633,2.6350193,3.4358964,3.3095832,1.7114496,3.76622,1.9452324,2.4388695,5.838043,2.2648847,2.0229912,4.5590305,0.16,0.5,0.29885057,0.18333334,0.0,0.0,0.0,0.0,0.3388727,0.24161159,0.39347833,0.2509344,0.6686685,0.5522492,0.6652431,1.0413185,1.7673872e+07,1.4463526e+07,5.906422e+06,1.8276508e+07,0.0054939636,0.010799651,0.0055746404,0.009988626,1.2425833,-1.1595569,0.08686519,0.3251245,0.38808003,0.3517273,0.3602481,0.5640361,8962.227,5144.414,9072.0625,13184.408,16.7229,17.383198,17.8044,16.648756,0.07412137,0.10392165,0.07466687,0.09994332,16.043903,16.873455,18.289259,15.872188,0.16576433,1.3309412,0.86385345,0.6148362,0.6,0.18181819,0.26436782,0.2,2.3294172,0.21796447,0.98927486,0.68,3.511217,0.746165,0.7069996,0.6818182,2.3156738,0.7087772,0.667595,0.40229884,3.2687368,0.5872549,1.080868,0.71666664,4.1974583,3.7512379,3.854803,5.8711805,0.23407543,0.30008507,0.21598016,0.28343728,299929.66,460039.53,519632.47,319472.5,410.70236,805.4864,898.1588,571.5153,1.4565278,0.585501,-0.12643436,1.1488094,1.2395244,1.8064907,1.3293989,1.663932,0.7679317,0.9265251,0.9198407,0.8315721,16.073673,15.949009,16.291027,15.569072
1063,2528742629335167576,1.8451786,2.121521,1.97155,2.5260239,1.083313,1.3759861,0.537632,1.8752613,0.33453977,0.2553474,2.7111454,0.419851,0.30612245,0.3255814,0.1882353,0.3888889,0.0,0.0,0.0,0.0,0.176852,0.23953699,0.27499563,0.35977846,1.7162685,0.8217564,0.79819804,0.6615524,8.304465e+07,1.0142909e+07,1.295339e+07,1.2206609e+07,0.0011214686,0.00216756,0.00070339453,0.0025014805,0.3586445,-0.436378,4.668786,-0.8746228,0.95118475,0.4550428,0.42093942,0.34011114,7557.8516,2215.418,5049.414,3927.125,22.569765,22.894558,22.995867,22.498947,0.03395753,0.047967684,0.027678667,0.053780966,22.649576,22.831533,23.042562,22.545664,0.48628044,0.71063995,0.28159142,0.9418297,0.24489796,0.18604651,0.3529412,0.2037037,1.2880726,0.50753504,0.42704535,0.3469388,1.7918072,0.602919,0.7000167,0.5813953,1.3235874,0.68653727,0.35767624,0.15294118,2.0616913,0.56833506,0.6920906,0.42592594,2.3159657,2.4080524,2.544199,2.6190472,0.111998074,0.16434777,0.082592584,0.16653408,854.3537,115.503265,88.62989,52.62731,16.76354,7.70143,4.307674,7.7939157,-0.54496956,0.3317826,-1.5600827,-0.03822695,0.7664135,1.0981989,0.63649493,1.210015,0.8289347,0.77059454,0.6460377,0.82837653,20.890549,21.861513,22.36352,21.066433
1066,2528742633226968172,1.1308355,1.7154255,1.3701372,1.3350353,0.89686584,1.2281418,0.7589855,1.224472,0.31042695,0.21695909,0.26846716,0.5976448,0.32142857,0.33333334,0.22222222,0.45945945,0.04888051,1.8207658e-14,8.3331827e-07,0.0041930536,0.22027694,0.21252237,0.32653576,0.31393278,2.0796607,1.0546622,1.1134553,0.9255487,1.15241784e+08,5.660836e+07,2.8248646e+07,5.372808e+07,-0.00045124756,0.000108001645,-0.0001843247,-0.00016475849,-0.59023476,-0.7482259,0.13681579,-0.98433065,1.0669017,0.5792238,0.55673134,0.5415705,2622.3906,3313.4844,5573.8984,5050.3516,24.873032,24.13768,24.19833,23.54112,0.02339781,0.036451567,0.023829788,0.033065252,24.799644,24.232193,24.245132,23.53778,0.43692112,0.71139145,0.41916466,0.72023964,0.25,0.102564104,0.19444445,0.1891892,1.025877,0.3462731,0.2643682,0.6785714,1.4731102,0.4585561,0.49041185,0.46153846,0.91755486,0.31622863,0.37555042,0.45833334,1.2906761,0.36447993,0.48647404,0.5135135,1.1749535,1.8840885,1.4472713,1.3974991,0.076625064,0.11965188,0.08299616,0.105057254,1.4895525,3.8244922,2.0185251,1.7308599,0.95174825,1.5159705,1.1198287,1.2410843,0.18380941,-0.032433446,0.18624277,0.27208364,0.5819745,0.8798562,0.5766411,0.7783931,0.75642973,0.80268514,0.7598223,0.83030665,24.459576,23.842293,23.897415,22.99899
1067,2528742633259154389,0.61903,0.83098125,1.0246315,3.113924,0.38002396,0.561924,0.2864151,0.53341293,1.6266668,0.86965436,1.4418634,5.9618716,0.3409091,0.36956522,0.21428572,0.016666668,0.0,0.0,0.0,0.0,0.3116458,0.20127268,0.3147785,0.15913065,0.93434334,1.0869367,1.1118826,1.9664356,4.898187e+07,5.7123636e+07,2.1464474e+07,5.4147044e+07,-4.735977e-05,0.00023904945,0.000113233924,0.0012404948,-0.36804676,0.35238647,9.054983,36.435265,0.531962,0.5797827,0.6739264,0.98573464,1839.0312,2360.0547,4143.6016,12326.445,23.763214,22.893894,22.607803,22.31613,0.0151228225,0.018595748,0.012166022,0.03624336,23.652584,22.913008,22.6255,22.207035,0.199996,0.29216003,0.14246178,0.26623917,0.22727273,0.32608697,0.42857143,0.5833333,0.7662449,0.1912736,0.11508671,0.79545456,0.7563095,0.30131784,0.2512928,0.26086956,0.3852005,0.15231442,0.2264215,0.41666666,5.5704727,0.37332156,0.0,0.98333335,0.8496342,1.0831623,1.457386,5.586725,0.04961137,0.06850861,0.03558271,0.05785784,4.585597,8.324072,5.1970916,8.058138,1.4386867,2.1226962,1.7561883,2.2325075,0.78725326,-0.6984257,1.5867895,5.3912015,0.35936686,0.4257291,0.27504703,0.80881155,0.7000615,0.72388625,0.78852427,0.7828973,23.714308,22.943184,22.58315,22.248436
1068,2528742638852995706,1.5592699,2.247549,2.1344814,2.2176552,0.88453674,2.5598354,1.2639065,2.0397682,0.87243724,1.5359194,1.1074785,1.1661354,0.25,0.46938777,0.2826087,0.35714287,0.0,0.0,0.0,0.0,0.1784763,0.18229403,0.39389122,0.3067998,1.0716652,0.4973204,0.36250424,0.7340408,3.4103964e+07,6.737693e+06,3.4137158e+06,8.140473e+06,0.0008027378,0.0030087214,0.001678743,0.0037922605,0.98188925,-1.1275148,0.24584651,-1.0063047,0.64793205,0.3441772,0.2587201,0.39580488,3286.1953,3216.457,3770.5547,5905.1133,23.407354,23.01655,22.175436,21.027008,0.03150312,0.05838566,0.041207183,0.06180233,23.316578,22.588203,22.302467,20.73828,0.45581913,0.8515434,0.57947254,1.0024595,0.175,0.1632653,0.16304348,0.08928572,1.347683,0.39005995,0.59374106,0.75,2.5933971,0.6642141,0.3892861,0.6938776,1.5141582,0.65855205,0.43832105,0.39130434,2.2547016,0.48063928,0.7679117,0.51785713,2.0839176,2.9535885,2.7428417,2.9203033,0.11483155,0.18067439,0.13947752,0.19113863,10.112278,62.67886,378.57242,420.93097,2.8977165,6.2724743,16.005384,25.157438,1.0009655,0.42133886,-0.70038736,0.38703045,0.73740464,1.3438364,0.91378725,1.2995181,0.83609384,0.77310354,0.80340725,0.89342475,23.112856,22.018955,21.329006,19.886942
1069,2528742638885201324,1.5362167,1.4889231,1.636857,3.7896214,0.8040829,1.5465794,0.8855324,1.288538,3.2444115,2.4288754,0.33305487,2.5298293,0.19565217,0.36734694,0.32608697,0.14285715,0.0,0.0,0.0,0.0,0.30979428,0.19154894,0.3895514,0.2334173,0.6191453,0.4441074,0.3120283,1.5736094,1.3254556e+07,9.703867e+06,3.4320065e+06,4.1322052e+07,0.0011295784,0.0018269512,0.0010792303,0.0041391263,1.0976644,-0.8628025,-0.19132257,10.812582,0.38197485,0.2748382,0.23157077,0.80815446,3528.5234,3306.5469,2674.8438,15236.457,22.382126,21.464407,20.436522,19.579922,0.03405458,0.042830702,0.032862324,0.06434858,22.111172,21.179964,20.499102,19.305332,0.29566574,0.50532913,0.4536333,0.62323666,0.2826087,0.12244898,0.22826087,0.21428572,1.598896,0.30421624,0.56739086,0.7826087,1.85046,0.37457833,0.3459631,0.71428573,1.1351032,0.3668145,0.41135204,0.3478261,2.3621712,0.5789534,1.5244552,0.8035714,2.4993935,2.1835117,1.7171803,6.654125,0.10752761,0.1279128,0.11088499,0.14872874,68.30335,317.019,2254.9856,3118.846,6.0749397,14.517685,41.149082,57.408905,1.3904636,0.72839606,-0.13680194,2.573889,0.7622139,0.9193356,0.6715916,1.2599401,0.71777123,0.8088077,0.8662308,0.8950106,22.06957,21.1443,20.128288,18.94959
1070,2528742638891281060,0.19324112,0.08349323,1.4946527,3.1965208,0.062000275,0.04497528,0.03501129,0.036994934,1.0271561,0.40796998,30.928226,20.318817,0.17391305,0.26530612,0.010869565,0.017857144,0.0,0.0,0.0,0.0,0.27698418,0.27613968,0.10287414,0.1307074,0.876492,0.6107294,1.9913971,2.0586524,4.077621e+07,3.0400092e+07,3.0811254e+07,6.464782e+07,5.738511e-06,2.6906323e-06,0.00027697382,0.002278137,4.805359,0.12724781,91.08213,55.039017,0.58057946,0.35324726,0.99600977,1.0293585,383.14844,162.96875,5973.4727,13076.836,21.007364,19.807491,18.417957,17.839115,0.0028119257,0.0018127962,0.016644003,0.0477305,21.008085,19.80255,18.390627,17.711319,0.030260086,0.023050308,0.015780449,0.016875267,0.3478261,0.10204082,0.98913044,0.96428573,0.08132553,0.03958418,0.045733497,0.45652175,0.05830574,0.019769434,0.022374477,0.5510204,2.9331837,0.02144839,0.0,0.98913044,6.345749,0.07765111,0.0,0.98214287,0.22681618,0.09212494,2.9286346,6.3602276,0.00809485,0.0058310158,0.0036923932,0.0057906494,8.197221,14.236285,308.61212,2271.5728,2.0746984,3.0976565,6.708689,13.978402,0.63571024,0.19970217,9.520534,7.3930955,0.05907115,0.035906944,0.30654854,0.85146993,0.72397333,0.7793974,0.37881956,0.3046225,21.020731,19.823647,18.391407,17.730299
1071,2528742639582413754,1.424614,1.5805521,1.5219717,3.9708185,1.1093712,1.9263,0.9179821,1.4477806,2.970646,3.2893386,0.5531558,2.7719991,0.23913044,0.36734694,0.29347825,0.1754386,0.0,0.0,0.0,0.0,0.35562158,0.2106531,0.39917466,0.22680283,0.5303792,0.39605594,0.29838136,1.6748847,1.8479986e+07,4.0806028e+06,3.375698e+06,4.0915516e+07,0.001156124,0.0023674904,0.0010304535,0.004954841,0.3779595,-1.0547888,-0.2570982,7.959114,0.33302608,0.26873198,0.23087591,0.8614943,4686.7656,2129.6562,2396.793,15742.012,22.347277,21.58772,20.543,19.660229,0.034401163,0.048768118,0.03211347,0.070434615,22.037964,21.176947,20.670351,19.302593,0.28160954,0.5292473,0.40651703,0.72914886,0.32608697,0.12244898,0.17391305,0.19298245,1.4750309,0.23271747,0.53543997,0.6956522,2.1158943,0.36900577,0.38831884,0.6938776,1.0893917,0.4122188,0.34714323,0.4347826,2.650877,0.59708637,1.5112908,0.7894737,2.2132854,2.367262,1.6939106,6.9337273,0.11692824,0.14306745,0.11232395,0.17037915,74.958694,270.20624,2030.9532,3008.2866,6.5334005,13.513591,39.57603,57.686005,1.1593416,0.7298898,-0.27515635,2.256347,0.7687723,1.0527925,0.659707,1.3847606,0.73035437,0.8167273,0.85175556,0.909163,21.986416,21.145533,20.233353,18.902996
1072,2528742639620938655,2.1255856,2.1005144,2.081334,4.1512966,0.73010254,2.4267673,1.418314,1.9672146,2.0792394,2.140121,0.9042601,1.358063,0.21428572,0.42553192,0.2967033,0.30357143,0.0,0.0,0.0,0.0,0.30024484,0.2360822,0.4102421,0.27753678,0.5147934,0.5228878,0.25165027,1.3270293,1.5818919e+07,6.161913e+06,2.9618895e+06,3.280996e+07,0.001723533,0.0031616276,0.0019523897,0.005205883,1.2265935,-1.1359584,-0.28221774,4.6875,0.31014457,0.33619756,0.22676958,0.6878776,2991.9844,2942.0625,4077.9453,16081.961,23.27264,22.768425,22.007696,20.894802,0.042857207,0.057699665,0.044373095,0.072283946,23.044777,22.400198,22.154104,20.6516,0.36505127,0.7903786,0.7111969,0.9789562,0.30952382,0.14893617,0.14285715,0.125,2.0442123,0.45386416,0.76200294,0.78571427,2.6146183,0.5771612,0.3433505,0.70212764,1.63801,0.6458947,0.44680193,0.42857143,2.3839817,0.53258204,1.2632929,0.5535714,2.8603458,2.6836815,2.5107613,6.748865,0.15752344,0.17123343,0.14661764,0.18468465,16.538382,80.106834,497.01987,563.8621,3.5010726,7.040906,20.807808,31.602278,1.2088012,0.54058117,-0.53307724,1.5475,0.99740034,1.3137305,0.9765496,1.5103587,0.8275006,0.75689185,0.8265968,0.90169346,22.903286,21.920322,21.089773,19.727531
1073,2528742640329188547,1.1361647,1.3684978,2.8349829,3.2350416,0.952795,1.6910858,0.7287388,1.2699776,2.5842402,3.1895726,1.8519738,2.6537511,0.23913044,0.36734694,0.20652173,0.17857143,0.0,0.0,0.0,0.0,0.32937214,0.20748253,0.32380322,0.23673801,0.54054826,0.43387914,0.9265831,1.4805505,6.1036435e+06,6.0289865e+06,1.3498755e+07,3.5837556e+07,0.00083148014,0.0018522099,0.001246467,0.0035190596,0.12004495,-1.1199574,13.542028,7.0611773,0.3374964,0.272475,0.5180557,0.76971567,1317.4219,2929.0469,8664.566,12807.508,22.210468,21.361824,20.26635,19.345951,0.029125787,0.043108467,0.03536289,0.059326384,21.99359,20.960327,20.329386,19.03859,0.3091011,0.4608078,0.3534088,0.5755205,0.26086956,0.1632653,0.4021739,0.19642857,1.2707462,0.2263231,0.42156914,0.7173913,1.8473511,0.33848372,0.31664205,0.6938776,0.9802017,0.35573852,0.6275094,0.4347826,2.2751217,0.5242993,1.2083539,0.8035714,1.7842159,2.0528564,4.2571487,5.617094,0.092893876,0.12434008,0.10423098,0.14774671,110.076706,360.60184,2203.083,4453.5024,7.6261725,15.475345,39.49558,63.216064,1.0918818,0.6899376,2.2303882,2.11966,0.6468974,0.9208755,0.7166768,1.1477253,0.7029808,0.803457,0.8378741,0.8775402,21.92458,21.018793,20.043924,18.792912
1074,2528742643119765510,1.9608517,1.5249119,1.1834421,2.8171911,0.9083271,1.4408646,0.556757,0.93587685,0.65753925,0.5064888,0.2544336,1.2979825,0.25,0.4117647,0.33333334,0.1875,0.0,0.0758569,0.9437461,1.1799535e-05,0.32882544,0.35759285,0.31386235,0.22044854,0.9283257,0.8297463,1.3986685,1.8351151,4.8204748e+07,4.5144148e+07,3.2135334e+07,1.6308202e+07,0.00017045204,-8.5740096e-05,-0.0010848799,0.0012953572,3.1328769,-1.0449007,0.43241167,7.3611197,0.76154137,0.63278085,0.6994013,0.9351178,1352.1602,1885.4375,2834.3984,1155.3359,25.109365,24.477905,24.82454,24.273954,0.041167464,0.035604596,0.02013515,0.051237185,25.27948,24.821838,24.871038,24.171427,0.321764,0.58192253,0.2764387,0.4655838,0.25,0.1764706,0.1904762,0.375,1.8275242,1.0743886,0.49121815,0.25,1.5426674,0.38436922,0.40375766,0.4117647,0.7731285,0.35547635,0.27436548,0.47619048,4.260046,0.6648945,0.0,0.9375,2.7810001,1.9818134,1.4630222,4.096321,0.14720748,0.10851434,0.064424895,0.1893992,12.461076,1.5418792,0.6762393,3.3369255,2.9562757,1.0926194,0.60441047,1.1223047,-1.4373658,-0.26359597,-0.44077855,2.2443752,1.0336889,0.87152594,0.4998458,1.2437291,0.9022019,0.849802,0.76303095,0.5957009,23.005491,24.352924,24.543858,23.961138
1075,2528742652025027353,0.7048445,0.48167706,2.158043,3.2085323,0.22694397,0.44734573,0.16928864,0.32399368,1.1454308,1.9722656,14.999267,11.97062,0.27083334,0.34042552,0.011111111,0.033333335,0.0,0.0,0.0,0.0,0.17007528,0.2583823,0.15795171,0.12554213,1.9776536,0.5230395,1.9219894,2.1037056,9.290452e+07,1.0266945e+07,3.0858542e+07,5.352039e+07,5.7610046e-05,0.00012577858,0.0004355389,0.0020821146,1.0488777,-0.9621906,71.54916,34.32683,1.0526322,0.30497473,0.96481323,1.0540838,2465.0547,851.41406,8280.258,13063.473,23.2959,22.04739,20.569145,19.859741,0.012387369,0.012143603,0.02147671,0.045701392,23.26435,21.953556,20.530008,19.662289,0.11962128,0.13176346,0.08609772,0.16049576,0.35416666,0.12765957,0.8666667,0.81666666,0.5171261,0.19894135,0.14888594,0.7708333,0.52318764,0.123931065,0.09415016,0.70212764,3.9652042,0.1438193,0.0,0.98888886,4.5565777,0.24417688,2.2501926,0.96666664,0.81238747,0.6073265,3.9602814,6.193268,0.040985323,0.036947742,0.024702802,0.043275088,4.619918,14.476714,70.932884,345.8665,1.4559172,3.4703624,7.070266,14.048438,-0.11415532,0.5308111,8.009437,5.5550494,0.2885749,0.26773474,0.4417576,0.9076178,0.7381386,0.87225395,0.819912,0.7687496,23.367466,22.124868,20.550602,19.77522
1079,2528742672868928026,1.3311634,1.7044287,1.1616383,0.7169285,0.8594341,1.1723366,0.5366497,0.8712101,0.2516112,0.32020256,0.4799456,0.61851287,0.3,0.2777778,0.28125,0.36363637,1.0259466e-06,1.5152657e-11,0.993427,0.79921,0.35335237,0.31177336,0.2948746,0.32516015,1.5358161,1.21644,0.95867693,1.3051639,1.7998594e+08,2.0450442e+08,8.0404275e+06,9.012286e+07,-0.0007293223,1.2097065e-05,-0.0014060427,-0.000801183,0.2203188,0.65853906,0.54328203,-1.3348079,0.7681221,0.74691576,0.4801416,0.9881325,2862.668,3409.5742,809.09375,1121.7148,25.114965,24.357523,24.678082,23.772106,0.025942987,0.035362292,0.021083215,0.022621289,25.017097,24.412983,24.651384,23.820074,0.4084854,0.6443577,0.20561314,0.5289631,0.15,0.22222222,0.25,0.09090909,1.0431194,0.430098,0.3221201,0.55,1.3925076,0.63649637,0.43435895,0.3888889,0.77625656,0.3773413,0.3132896,0.59375,0.9213505,0.06550539,0.33451328,0.45454547,1.4316082,2.1793537,1.2536049,0.8037338,0.08788286,0.11915371,0.07634212,0.059972636,3.3477957,5.166113,0.48099515,0.6188215,1.1619767,1.3633657,0.50026953,0.7225688,-0.3570813,-0.7697381,-0.25375184,0.42529437,0.6515572,0.86133784,0.5202933,0.53775567,0.75045127,0.69559926,0.737565,0.8821482,24.41426,23.833786,24.492044,23.757162
1083,2528742748972055327,1.7007208,2.0898733,1.8245268,2.221016,0.93746376,2.4982662,1.1647129,1.8675823,2.283567,2.355831,1.0114535,1.3409365,0.16666667,0.42553192,0.3043478,0.3448276,0.0,0.0,0.0,0.0,0.31478012,0.19695917,0.40638372,0.32983142,0.6256074,0.4796215,0.3014381,0.5882395,8.912473e+06,5.426338e+06,2.8665218e+06,4.6584765e+06,0.001405979,0.0037110692,0.001586741,0.0034307058,1.4333243,-0.9971757,-0.30025244,-0.88705087,0.4363109,0.29317945,0.23407383,0.3265781,2038.125,2522.8672,3780.7695,4180.3945,21.794565,21.334974,21.417524,20.786125,0.03764745,0.06101756,0.039892342,0.058681328,21.5682,20.989328,21.544321,20.574802,0.42324924,0.776659,0.5718651,0.9006109,0.25,0.17021276,0.1521739,0.0862069,1.6229649,0.35794094,0.685237,0.7708333,2.6514263,0.5639043,0.33545431,0.7234042,1.4419136,0.5666622,0.3927419,0.41304347,2.1344967,0.48165986,0.7238494,0.5689655,2.470005,2.8815575,2.335783,2.747326,0.1336406,0.18009427,0.13545842,0.17940319,204.77953,898.87244,933.1077,506.26944,12.026045,24.023825,28.02871,26.853981,1.3576713,0.6491918,-0.5747382,0.49367607,0.8205098,1.3018081,0.8543952,1.2197574,0.81345934,0.77659494,0.8399833,0.87073886,21.438461,20.549824,20.725323,19.816319
1084,2528742749012599109,0.39639187,0.022670746,2.0649242,3.2280207,0.021158218,0.01627922,0.011722565,0.021461487,13.446489,0.22462018,35.10698,22.417084,0.041666668,0.34042552,0.010752688,0.016949153,0.0,0.0,0.0,0.0,0.12643015,0.21985058,0.10254894,0.12783752,2.0507803,1.5292908,2.0207176,2.0404994,1.2054652e+08,9.751828e+07,3.0591094e+07,5.7522824e+07,3.58581e-05,2.074436e-07,0.00054401206,0.0021290209,31.031929,-0.34135938,92.883064,58.719296,1.0253967,0.81006896,1.0103984,1.0202591,1539.625,60.88672,8423.539,13189.289,19.684885,18.649597,18.269651,18.149734,0.0060103526,0.00055562827,0.023332717,0.04614247,19.666283,18.649567,18.225088,18.034376,0.011651993,0.008230209,0.005847931,0.00932312,0.9375,0.21276596,0.9892473,0.9830508,0.54595375,0.01543631,0.27547854,0.9583333,0.017368317,0.006640446,0.005373635,0.65957445,4.1096478,0.010575345,0.0,0.9892473,6.425478,0.04018461,0.0,0.9830508,0.7366028,0.02457428,4.1100235,6.4319305,0.0042024883,0.0018403018,0.0015023241,0.0026082983,300.59982,6.1652513,24.307829,1073.9568,4.524945,1.8985838,2.7104588,7.279064,5.4178886,0.050245717,9.634681,7.65489,0.1183131,0.010362243,0.42628062,0.8374736,0.3052498,0.7687962,0.54690987,0.2284671,19.68113,18.651705,18.225245,18.043262
1085,2528742749014422892,0.47186947,0.5330105,1.2464857,3.2597647,0.31012917,0.65123177,0.29293823,0.4379425,3.9901495,4.166577,2.6937013,8.598383,0.20833333,0.27659574,0.1827957,0.033898305,0.0,0.0,0.0,0.0,0.30859768,0.22398293,0.28811488,0.17125548,0.88943017,0.39726424,1.222171,1.9589281,2.2759448e+07,3.5236928e+06,1.7622926e+07,5.3246224e+07,0.00015988716,0.000338313,0.00026224932,0.0021814306,0.97393847,-0.8133652,20.201195,40.017715,0.52799153,0.2569496,0.6492054,0.9846645,1452.6953,831.6328,4418.832,13161.211,20.055666,19.172031,18.892712,18.669512,0.012661186,0.018397693,0.016196778,0.046707552,19.937798,18.996084,18.876242,18.469627,0.06597519,0.123428345,0.14425659,0.20903397,0.39583334,0.19148937,0.39784947,0.7966102,0.49861336,0.07780075,0.19750124,0.7291667,0.7341347,0.114841744,0.13516521,0.7234042,2.0514202,0.22117308,0.0,0.9892473,6.11195,0.35982987,0.0,0.9830508,0.7945385,0.8771248,2.0458317,6.2082405,0.04263242,0.052384682,0.04294612,0.06350298,1072.5962,3146.0288,2253.011,3903.1545,19.376598,46.955807,39.613,47.290356,1.3891515,0.9081161,3.1969154,5.8535814,0.2539285,0.35272115,0.30600107,0.8720072,0.7056784,0.85893375,0.8299816,0.7735279,20.036991,19.225426,18.876875,18.579435
1086,2528742749038624608,1.7350378,2.1914911,2.0270119,3.352479,1.6351776,2.5574188,1.1948948,2.0565681,3.3310473,3.0265853,0.68384856,1.6285836,0.3125,0.34042552,0.31182796,0.2881356,0.0,0.0,0.0,0.0,0.3499939,0.21742128,0.4086602,0.30791867,0.4553801,0.3872474,0.27264583,1.0567956,4.0984022e+06,3.462751e+06,3.2584575e+06,1.8735442e+07,0.0020160328,0.0043283356,0.0017026974,0.0049406467,-0.111448765,-0.8811662,-0.26447248,0.49378157,0.33398986,0.2649979,0.21196382,0.54866004,1779.7734,2311.4531,3893.9453,12446.641,21.799479,21.42505,21.574337,20.84759,0.04512712,0.065948576,0.041355137,0.0704239,21.410896,20.882223,21.768284,20.668962,0.36937904,0.71216774,0.5874386,1.0260944,0.27083334,0.14893617,0.15053764,0.118644066,1.9742832,0.29113343,0.557095,0.7083333,2.8996525,0.5485272,0.48613483,0.7234042,1.4759579,0.57227266,0.43138131,0.4623656,2.4697876,0.5705387,1.0856259,0.59322035,2.7487583,3.3149605,2.2399044,4.91868,0.15015203,0.19656633,0.13959467,0.20378777,248.40675,755.1591,775.0361,651.99963,13.430884,21.57248,26.807737,33.72159,1.0500991,0.79855704,-0.33974373,0.9230861,0.98374766,1.4129516,0.89220965,1.4681686,0.79653627,0.7495097,0.83962286,0.8374361,21.244925,20.608572,20.792332,19.709806
1087,2528742749098079830,1.0920992,1.3302536,2.7325335,3.251628,0.7294178,1.6192627,0.77755356,1.18816,3.5618563,3.7908242,1.5271251,3.1527317,0.22916667,0.31914893,0.19354838,0.16949153,0.0,0.0,0.0,0.0,0.3375839,0.22122481,0.3351781,0.25361618,0.60619235,0.40543714,1.0198444,1.4289043,6.4834095e+06,3.131646e+06,1.4776895e+07,3.166975e+07,0.0007589538,0.0019229975,0.0012422206,0.0032812273,0.8025241,-0.8609383,13.239693,7.823948,0.39319396,0.26710102,0.5591762,0.7394929,1288.0742,1838.3516,9202.398,12736.969,20.73567,20.075089,20.000698,19.546593,0.027574848,0.043860015,0.03549647,0.057288818,20.499933,19.72457,20.015196,19.281464,0.21066284,0.4007759,0.37639618,0.5665493,0.39583334,0.17021276,0.3655914,0.18644068,1.1097488,0.16199034,0.41945344,0.7083333,1.8283234,0.30427578,0.31237635,0.7234042,0.9802666,0.33012483,0.6321201,0.4623656,2.1953468,0.4809223,1.2067426,0.7966102,1.8026104,2.0700626,4.2642593,5.6209736,0.0920268,0.1250311,0.10106123,0.14176954,995.93475,2549.5288,3247.4385,2784.562,21.118822,41.62592,48.57642,49.59213,1.2997328,0.86508113,2.2821674,2.2478254,0.57178295,0.88049364,0.7099542,1.1198012,0.67426443,0.81086457,0.84619075,0.8671317,20.519587,19.78881,19.761797,19.05139
1088,2528742749123550810,1.8804569,2.3289986,2.462761,2.6322575,1.4021072,2.4832191,1.3048935,2.0022774,1.4430838,1.744944,1.0945379,0.92500335,0.29166666,0.42553192,0.2795699,0.3448276,0.0,0.0,0.0,0.0,0.31984165,0.19463417,0.3992964,0.33580774,0.6008392,0.5238527,0.41515929,0.5940907,8.506181e+06,5.890397e+06,4.7256375e+06,6.200182e+06,0.0017036757,0.0039501814,0.0017408271,0.0037370385,0.50385904,-0.93505955,0.24027896,-0.7285819,0.37450987,0.34928587,0.275024,0.3214523,2446.875,2381.6523,4257.2734,4029.9297,22.451813,22.007711,22.186665,21.390852,0.041831568,0.06330727,0.04222191,0.06157836,22.242819,21.61556,22.420525,21.1433,0.596406,0.89424133,0.56077576,1.0324287,0.22916667,0.17021276,0.23655914,0.12068965,1.7749271,0.43507698,0.6556969,0.7291667,2.7758923,0.66267663,0.44117433,0.7234042,1.5448017,0.6384195,0.45977232,0.41935483,2.265688,0.5451789,0.8011789,0.55172414,2.6528244,3.2216053,2.850937,3.3798409,0.14516188,0.19172658,0.13496006,0.1929407,111.91248,392.47656,351.05673,224.38939,9.454392,15.754163,17.000355,17.741568,1.0154623,0.5989829,-0.4953594,0.46338677,0.93919456,1.3932481,0.9367634,1.3172135,0.8401489,0.7592532,0.80501276,0.8733332,21.901785,21.006586,21.30515,20.224785
