,amplitude_g,amplitude_r,amplitude_i,amplitude_z,inter_percentile_range_25_g,inter_percentile_range_25_r,inter_percentile_range_25_i,inter_percentile_range_25_z,anderson_darling_normal_g,anderson_darling_normal_r,anderson_darling_normal_i,anderson_darling_normal_z,beyond_1_std_g,beyond_1_std_r,beyond_1_std_i,beyond_1_std_z,chi2_pvar_g,chi2_pvar_r,chi2_pvar_i,chi2_pvar_z,cusum_g,cusum_r,cusum_i,cusum_z,eta_g,eta_r,eta_i,eta_z,eta_e_g,eta_e_r,eta_e_i,eta_e_z,excess_variance_g,excess_variance_r,excess_variance_i,excess_variance_z,kurtosis_g,kurtosis_r,kurtosis_i,kurtosis_z,lafler_kinman_string_length_g,lafler_kinman_string_length_r,lafler_kinman_string_length_i,lafler_kinman_string_length_z,maximum_slope_g,maximum_slope_r,maximum_slope_i,maximum_slope_z,mean_g,mean_r,mean_i,mean_z,mean_variance_g,mean_variance_r,mean_variance_i,mean_variance_z,median_g,median_r,median_i,median_z,median_absolute_deviation_g,median_absolute_deviation_r,median_absolute_deviation_i,median_absolute_deviation_z,median_buffer_range_percentage_10_g,median_buffer_range_percentage_10_r,median_buffer_range_percentage_10_i,median_buffer_range_percentage_10_z,otsu_mean_diff_g,otsu_std_lower_g,otsu_std_upper_g,otsu_lower_to_all_ratio_g,otsu_mean_diff_r,otsu_std_lower_r,otsu_std_upper_r,otsu_lower_to_all_ratio_r,otsu_mean_diff_i,otsu_std_lower_i,otsu_std_upper_i,otsu_lower_to_all_ratio_i,otsu_mean_diff_z,otsu_std_lower_z,otsu_std_upper_z,otsu_lower_to_all_ratio_z,percent_amplitude_g,percent_amplitude_r,percent_amplitude_i,percent_amplitude_z,percent_difference_magnitude_percentile_5_g,percent_difference_magnitude_percentile_5_r,percent_difference_magnitude_percentile_5_i,percent_difference_magnitude_percentile_5_z,chi2_g,chi2_r,chi2_i,chi2_z,roms_g,roms_r,roms_i,roms_z,skew_g,skew_r,skew_i,skew_z,standard_deviation_g,standard_deviation_r,standard_deviation_i,standard_deviation_z,stetson_K_g,stetson_K_r,stetson_K_i,stetson_K_z,weighted_mean_g,weighted_mean_r,weighted_mean_i,weighted_mean_z,villar_fit_amplitude_g,villar_fit_baseline_g,villar_fit_reference_time_g,villar_fit_rise_time_g,villar_fit_fall_time_g,villar_fit_plateau_rel_amplitude_g,villar_fit_plateau_duration_g,villar_fit_reduced_chi2_g,villar_fit_amplitude_r,villar_fit_baseline_r,villar_fit_reference_time_r,villar_fit_rise_time_r,villar_fit_fall_time_r,villar_fit_plateau_rel_amplitude_r,villar_fit_plateau_duration_r,villar_fit_reduced_chi2_r,villar_fit_amplitude_i,villar_fit_baseline_i,villar_fit_reference_time_i,villar_fit_rise_time_i,villar_fit_fall_time_i,villar_fit_plateau_rel_amplitude_i,villar_fit_plateau_duration_i,villar_fit_reduced_chi2_i,villar_fit_amplitude_z,villar_fit_baseline_z,villar_fit_reference_time_z,villar_fit_rise_time_z,villar_fit_fall_time_z,villar_fit_plateau_rel_amplitude_z,villar_fit_plateau_duration_z,villar_fit_reduced_chi2_z
0,2.1769485,0.07813263,3.0107079,0.03297043,0.05193138,0.023736954,0.016368866,0.01493454,26.402351,1.0744852,52.91432,0.33004847,0.03846154,0.22699386,0.0067114094,0.32,0.0,0.0,0.0,0.01441067,0.1212286,0.09823276,0.08124918,0.091029555,2.065254,1.6981473,2.0108624,2.0965679,6.8959336e+07,1.0359182e+07,2.0568616e+07,125083.37,0.0010371549,2.9744157e-07,0.00056310603,8.582739e-08,26.20895,2.666121,148.07411,0.7152078,1.0326298,0.85624135,1.0054318,1.0686635,8844.617,174.09766,11960.953,103.8125,21.809057,20.053595,19.4025,19.055681,0.03383826,0.00096883654,0.024702517,0.0006260406,21.666973,20.052101,19.363913,19.054749,0.026280403,0.011842728,0.008277893,0.007463455,0.94871795,0.33742332,0.9932886,0.23,3.7210732,0.04681744,0.9569902,0.96153843,0.029214859,0.012400427,0.013248086,0.5214724,5.8415604,0.026555073,0.0,0.9932886,0.01875496,0.0069310544,0.008039225,0.56,4.295868,0.08378601,5.8409405,0.03762245,0.012255393,0.002959172,0.004000486,0.0019154818,6.6900873,2.9490004,4.226802,1.3357085,1.6910515,1.3770274,1.4094601,0.93897986,5.166872,0.13638052,12.149707,0.32390854,0.7379806,0.019428656,0.4792906,0.01192963,0.64425194,0.8003263,0.6855231,0.8085192,21.6601,20.053368,19.362778,19.054802,0.056640394,21.655436,2671.6797,276.4573,220.69543,0.8838596,35.20257,3.6366942,0.12297965,20.003065,2941.8818,127.238266,78.85744,0.99410087,265.41647,1.5137494,0.05030884,19.35366,3312.2795,241.96791,752.41473,0.07963188,378.15213,2.1217322,0.025520377,19.05393,2794.8123,17.984272,2.7097979,0.5325722,13.635175,0.7013981
1,0.18767452,1.1810055,1.934206,0.25265503,0.038715363,0.062877655,0.10431862,0.091350555,12.046857,25.299244,25.633566,0.25843304,0.07692308,0.08695652,0.046979867,0.29,0.0,0.0,0.0,0.6518906,0.23551552,0.081476025,0.11128376,0.16005014,0.45224693,1.8560623,1.7501086,2.017465,4.815348e+06,1.3324657e+07,1.0047813e+07,127331.055,1.3145463e-05,7.365968e-05,8.509459e-05,-2.9785383e-06,8.129392,84.70083,86.33985,1.2475934,0.31664076,0.9378551,0.8765683,1.1386669,318.57422,4301.664,6778.3984,883.6133,21.580719,21.64921,21.467556,21.414474,0.0037298107,0.009046869,0.0144945495,0.0035196515,21.561893,21.622671,21.426819,21.420692,0.020188332,0.032901764,0.04670143,0.044542313,0.4871795,0.88819873,0.9395973,0.28,0.2807846,0.024326403,0.06357889,0.9230769,2.11726,0.10287352,0.0,0.99378884,3.315693,0.15229887,0.0,0.9932886,0.11806297,0.047440905,0.04682114,0.45,0.31624413,2.1306477,3.3341713,0.25307655,0.015899751,0.015292541,0.014855049,0.010634505,12.633462,9.638488,3.1070838,0.9390203,1.9793836,1.6054871,1.3216609,0.79866415,2.924507,8.2121315,8.34828,-0.060758635,0.080492,0.19585757,0.31116256,0.07537149,0.5695731,0.56553894,0.74888194,0.82105696,21.572598,21.647007,21.427994,21.414377,0.8376743,21.512392,3017.3643,46.339844,218.74428,0.6922488,42.52694,1.3199927,0.77663994,21.676386,3037.862,6.4515486,284.94308,0.03177165,256.24182,3.6326947,1.0174136,20.943117,2881.126,241.91487,216.5924,0.116850585,192.09282,0.7136917,0.34296554,21.174513,2807.0024,4.6551714,9.7513275,0.22876734,15.281721,0.46130762
2,0.22605228,0.29469967,0.74093056,0.30437565,0.053337097,0.06014061,0.10284042,0.080560684,10.406733,7.9454026,8.29187,1.1072259,0.088607594,0.13333334,0.24832214,0.2647059,0.0,0.0,0.0,0.5000114,0.23456493,0.16878724,0.18218884,0.12702596,0.45836598,0.84537905,1.4562699,1.7657585,6.7955625e+06,4.2717485e+06,1.1673459e+07,108764.016,1.5566797e-05,4.16642e-06,1.2144678e-05,5.0201675e-07,8.5071,5.6312885,8.638066,7.536422,0.29307175,0.47533628,0.74423915,0.8920626,305.3828,489.625,1867.7969,893.52344,22.008032,21.552717,21.293823,21.362709,0.00412549,0.0035811868,0.0083084395,0.0038906622,22.028683,21.564064,21.31579,21.369516,0.026706696,0.02729702,0.043031693,0.04428768,0.43037975,0.53333336,0.66442955,0.37254903,0.34492683,0.029813573,0.033559963,0.06329114,0.25530624,0.0423241,0.05201545,0.053333335,0.3038826,0.0933685,0.13409452,0.2080537,0.119665146,0.043021906,0.06799566,0.46078432,0.37433434,0.29555893,0.9000759,0.44195366,0.016700992,0.011102021,0.021465668,0.010955855,18.299809,14.50376,13.470519,0.99340314,2.0237617,1.7290987,2.303481,0.80577344,-2.9270086,-1.0665119,1.2462226,1.477559,0.090793915,0.077184305,0.17691845,0.083115086,0.55608356,0.6045623,0.73726344,0.81004834,21.997677,21.508314,21.262669,21.362608,0.2559592,21.674547,2978.4998,183.27141,19.335627,0.90262586,38.447147,0.81719136,0.3698388,21.276978,2871.7332,131.1336,72.240616,0.5855304,32.994495,0.6444342,0.9317347,20.90528,2447.6018,45.26606,219.63632,0.10931912,225.08148,1.1305907,0.3354114,21.20942,2814.4802,3.8369896,12.517359,0.22222942,2.894141,0.4753535
3,0.431983,0.53057384,0.95262814,0.99682045,0.1015892,0.14643288,0.2327652,0.21743011,7.640248,3.6224356,4.242921,2.7964888,0.11392405,0.2,0.1985294,0.16831683,0.0,0.0,0.0,0.0002919578,0.2266139,0.17941393,0.16211697,0.12507723,0.5760005,1.2381471,1.5595063,2.2673955,8.608443e+06,8.421273e+06,9.926176e+06,144517.45,4.3673193e-05,-2.358718e-06,2.2019844e-05,2.8872978e-06,7.024042,2.7042031,6.2507,9.407044,0.34198782,0.6386078,0.7845889,1.2511723,421.30078,1313.6562,2226.7383,3919.9062,22.947388,22.848568,22.288204,22.179703,0.0070942836,0.0070950794,0.010005424,0.010364818,22.970678,22.859924,22.328156,22.176077,0.050512314,0.0745821,0.10587311,0.10853958,0.443038,0.35333332,0.4779412,0.45544556,0.59436417,0.053222343,0.074143015,0.06329114,0.37400246,0.1228304,0.112730004,0.10666667,0.3607502,0.20417106,0.12197384,0.29411766,0.30118752,0.15020685,0.19609414,0.5148515,0.6288662,0.5494156,1.102396,1.2510548,0.029283373,0.026389582,0.023808975,0.02493977,15.703489,7.2129593,4.115687,1.5596042,1.925469,1.4077656,1.5004853,0.93712187,-2.4747458,-0.52584153,-1.1404144,1.207283,0.16279528,0.1621124,0.22300293,0.22988859,0.5829481,0.6901675,0.7873381,0.74922675,22.898943,22.719015,22.269587,22.140848,0.6624637,22.35381,2968.0999,137.68965,50.27166,0.90456116,49.35774,0.85142624,0.811741,22.344261,2885.6665,125.97683,142.71573,0.854928,79.65249,0.4951219,1.2415724,21.679632,2866.7124,532.48553,84.49421,0.99904644,340.68454,0.5854042,1.2183363,21.447945,2812.2817,4.951718,12.193121,0.7768629,24.006273,0.6904984
4,0.45319557,0.8043318,0.8651533,0.62140465,0.08193207,0.21170616,0.34448433,0.28072357,8.737856,2.7553542,3.4661565,0.59525955,0.101265825,0.17880794,0.2937063,0.3263158,0.0,0.0,0.0,0.0016340704,0.21847244,0.25673082,0.3234984,0.20017067,0.48762745,1.521934,0.8556386,1.8786397,7.5846655e+06,1.0930256e+07,6.4932515e+06,132832.1,4.5583107e-05,1.6255486e-05,5.3632586e-05,5.3780313e-06,7.515444,5.0575843,3.6687753,0.89902854,0.35709608,0.7784102,0.4329768,0.93953156,597.70703,2571.668,1831.9219,1998.7188,22.83903,22.666113,22.347017,22.37887,0.0071443063,0.0093455985,0.012152127,0.010265143,22.874556,22.64745,22.411852,22.374336,0.038072586,0.10521698,0.14681435,0.13603401,0.51898736,0.35099337,0.26573426,0.25263157,0.6012974,0.06339256,0.070926994,0.06329114,0.3236618,0.11655109,0.198499,0.6754967,0.48995018,0.22154881,0.121400066,0.28671327,0.37512589,0.13422439,0.171927,0.67368424,0.67370987,1.1065807,1.3852844,0.78439903,0.028936395,0.033114206,0.03405489,0.032135535,18.733473,6.5062027,8.994835,1.483581,2.060661,1.7058526,2.2072275,0.98124754,-2.6326318,1.3617096,-1.4419228,0.6788218,0.16316903,0.2118284,0.2715638,0.22972229,0.60368115,0.68862283,0.77610224,0.8022905,22.793425,22.564299,22.32354,22.326584,0.62377775,22.266941,2935.4224,180.71068,27.28046,0.7987113,51.082508,0.9740016,0.68579185,22.343422,2821.115,118.473785,39.069828,0.27351508,3.4219646,0.8557521,0.96012616,21.993532,2585.6208,157.54369,18.063625,0.22980282,231.48595,1.0244017,0.558732,22.08156,2811.8896,6.6440854,3.9533265,0.17565608,7.8108582,0.6007985
5,0.2947502,0.5837822,0.5526943,0.44636726,0.079416275,0.1463871,0.13210869,0.17475128,4.75488,1.80375,4.4520583,0.85305303,0.16666667,0.20886075,0.2027972,0.26,0.0,0.0,0.0,9.887567e-07,0.20803605,0.20803274,0.20580882,0.18849374,0.7047023,1.4240144,1.5351769,1.6988559,1.4960341e+07,9.61861e+06,1.401655e+07,113888.37,1.415464e-05,1.6449096e-06,-7.759356e-06,1.5713827e-05,5.3057184,7.4800644,5.342664,2.0349631,0.4182108,0.72391516,0.77300054,0.8522039,396.76172,1818.1719,1635.8125,1476.5352,22.95898,22.435022,21.758879,21.767542,0.0045544887,0.0060471706,0.0074303444,0.0068333135,22.981451,22.434689,21.794073,21.753782,0.040664673,0.07271099,0.065382004,0.08951378,0.3452381,0.43670887,0.42657343,0.31,0.33075905,0.08996189,0.057834074,0.071428575,0.19062614,0.08056938,0.11059466,0.5063291,0.29773712,0.15992947,0.08072984,0.22377622,0.22890854,0.08566135,0.11511288,0.61,0.44374657,0.78097343,0.8079395,0.5207424,0.017353037,0.017582282,0.022274088,0.019249385,4.2949805,3.655228,4.761239,1.8266627,1.2431219,1.3191031,1.608492,1.0548414,-2.06465,1.2739804,-1.6540308,0.72877157,0.10456642,0.13566841,0.16167596,0.14874443,0.62918186,0.71395594,0.7636497,0.776663,22.94822,22.397532,21.765228,21.75016,0.35480672,22.513021,3011.5647,207.64326,22.477737,0.86934376,45.978893,0.5555073,0.5491932,22.223745,2797.4575,111.98475,15.590713,0.11831641,21.602419,0.6675212,0.8346995,21.526789,2239.83,82.51791,163.1317,0.14876579,432.63953,0.8278617,0.44899392,21.52819,2810.2566,8.690443,5.9858084,0.16204844,9.539937,0.7786118
6,0.24312782,1.2038822,1.8653717,0.635169,0.04162407,0.045597076,0.09452057,0.08886719,14.622141,31.56667,25.227123,6.9264746,0.075,0.06962025,0.027210884,0.08080808,0.0,0.0,0.0,0.0,0.24201399,0.114426054,0.09806919,0.10447094,0.21802059,1.9092075,1.9059163,1.9148468,2.6110658e+06,9.552769e+06,1.987015e+07,136550.42,1.955198e-05,8.960658e-05,0.00016188818,3.1728643e-05,10.161358,84.25056,112.842255,21.263584,0.18742752,0.961042,0.9550305,0.9637189,188.60156,4563.449,6886.7383,1761.957,21.705776,21.293333,21.117031,20.712713,0.0045271376,0.009743925,0.0139566185,0.0060416083,21.684483,21.260876,21.082306,20.711576,0.020438194,0.022413254,0.04465866,0.04584503,0.6,0.9050633,0.9047619,0.68686867,0.3887272,0.02645147,0.026112247,0.9375,1.5764904,0.08050873,0.9198964,0.98734176,3.3492012,0.10308672,0.0,0.99319726,0.6607342,0.080387495,0.24241923,0.97979796,0.40787315,2.2394543,3.361145,0.81993866,0.018397447,0.015804594,0.015860112,0.011406477,12.760349,16.61273,6.171533,10.540286,1.8215799,1.9331098,1.8907928,1.7654591,3.2845674,8.392478,9.96765,2.9993782,0.09826504,0.20748064,0.29472235,0.1251381,0.52788085,0.57099444,0.7618813,0.5495536,21.694769,21.290632,21.107193,20.700212,0.5640817,21.669918,2887.9536,18.223484,114.00832,0.9864364,470.5561,0.799692,1.4474978,21.04689,2870.832,24.748549,131.40323,0.16008164,47.442554,2.2818096,1.5367731,20.564562,2920.5283,156.29846,198.71924,0.0043169474,40.045403,1.6162585,0.67736715,20.301678,2825.775,11.189568,1.9578903,0.25018248,2.212325,5.460995
7,0.26772308,2.3295422,0.8981056,1.2325525,0.035417557,0.055015564,0.08542442,0.09335327,12.659416,44.03482,9.757628,20.632519,0.075,0.012578616,0.2,0.021052632,0.0,0.0,0.0,6.4706505e-08,0.23015459,0.09756841,0.21566683,0.12045522,0.41937646,1.7110252,1.3480949,1.981063,5.074794e+06,8.919086e+06,1.3415003e+07,130279.82,1.3883555e-05,0.00035530605,4.5681354e-05,0.00018188384,8.74264,88.93613,19.885136,44.431442,0.28885058,1.0052788,0.6841105,0.9905562,297.25522,9082.609,2496.625,4687.1797,21.033552,20.796492,20.967796,21.148088,0.0037717957,0.01996379,0.008210953,0.01404873,21.049065,20.757025,20.998262,21.105888,0.017985344,0.02733612,0.041553497,0.044887543,0.7125,0.9685535,0.71034485,0.9157895,0.29860878,0.024580337,0.032223172,0.0625,3.5509186,0.07212971,1.2338021,0.9874214,0.3090763,0.07743225,0.12959167,0.19310345,1.9782581,0.06879502,0.4470115,0.97894734,0.32826233,4.418148,1.2342339,2.2948933,0.0146538,0.013613952,0.0200488,0.01142897,59.06661,39.395466,32.1632,1.9689429,3.4545376,3.1178746,3.3135026,1.0563672,-2.5695677,9.141917,2.1870728,6.477355,0.07933426,0.41517678,0.1721656,0.2971038,0.51919407,0.60600376,0.71163815,0.7447054,21.026201,20.71811,20.935986,21.100412,0.303364,20.742657,2846.4297,128.18979,70.45089,0.3359716,7.292802,3.5021696,1.6378653,20.444593,2734.2588,193.7845,141.37898,0.71543694,91.59145,2.1824374,0.75321746,20.693605,2759.6545,91.840866,67.77902,0.26105118,49.09972,2.2880921,0.56994337,20.83654,2816.506,15.616615,8.000899,0.26722687,6.9956107,0.987216
8,1.7097311,0.87653446,1.1458712,0.26514816,0.06857681,0.10075188,0.177454,0.116025925,18.418493,11.134878,8.175335,0.6665798,0.06329114,0.115384616,0.17931035,0.31,0.0,0.0,0.0,0.0011215863,0.109958135,0.116668954,0.14111885,0.26070836,1.7333175,1.6066484,1.836173,1.4774016,2.7862884e+07,1.132994e+07,1.23699e+07,82977.1,0.0002289765,3.39141e-05,3.9378418e-05,4.9927194e-06,56.405796,33.279755,8.749796,0.15763378,0.88768727,0.8232623,0.9217868,0.750324,5732.2305,2735.2734,2519.4023,814.72266,22.588911,22.11347,21.86028,21.46935,0.015422554,0.007234302,0.010863765,0.004678151,22.577076,22.126858,21.892305,21.468266,0.03400612,0.047261238,0.06803894,0.056505203,0.9240506,0.7692308,0.66206896,0.25,2.8519745,0.13655701,0.0,0.98734176,1.3627396,0.117374755,0.0,0.99358976,0.37022018,0.19230016,0.17408718,0.23448277,0.17498398,0.06425422,0.061365966,0.73,2.8277073,1.3406181,1.2033119,0.28614235,0.01920986,0.020499539,0.02200155,0.015537752,20.634653,12.46086,7.5386624,1.4909405,1.9317575,1.8203186,1.856017,0.960627,6.706591,3.458708,0.32814768,0.30804536,0.3483787,0.15997551,0.23748493,0.10043687,0.53055984,0.67567205,0.72686857,0.78379774,22.523134,22.035784,21.846416,21.464865,1.9672141,21.791512,2800.5334,93.36786,117.59561,0.26882294,17.238287,0.95892113,0.84264255,21.704117,2820.6936,112.5652,95.74709,0.12739931,8.778429,1.0344404,1.1941981,20.81317,3081.8264,258.611,30.957775,0.916347,97.10184,0.97882116,0.62796396,21.121536,2810.337,2.686349,5.703821,0.61425227,15.889276,0.58663064
9,1.2694511,0.5029106,1.5841208,0.18583107,0.06584358,0.1132946,0.14786148,0.08315468,16.80519,7.4400907,15.818088,0.417477,0.0875,0.14285715,0.06081081,0.2857143,0.0,0.0,0.0,2.330313e-05,0.12906317,0.27301028,0.094530895,0.28220937,1.647421,0.6480024,1.9541262,1.2148076,2.4698536e+07,3.4366608e+06,1.931395e+07,76480.586,0.00020149723,1.919831e-05,0.00017178606,2.9326388e-06,20.311827,6.345357,37.942924,0.40100932,0.844789,0.3757528,0.97836494,0.68316823,2529.4492,1141.6328,5314.043,591.8906,22.016462,21.667076,21.348198,21.003334,0.014262141,0.005694271,0.014510003,0.0032643173,21.996353,21.671324,21.354794,21.00716,0.033708572,0.054397583,0.07102203,0.04235077,0.9125,0.4347826,0.7567568,0.20408164,1.4374161,0.13656959,0.45035872,0.9625,0.40181923,0.0689402,0.08241515,0.055900622,2.293274,0.16034995,0.027061649,0.9864865,0.10813904,0.03779287,0.04565851,0.47959185,1.9048252,0.57572556,2.2748222,0.21307945,0.018220713,0.019217279,0.021000242,0.011541337,72.4842,36.366516,18.84521,1.6945591,3.7401726,2.8434753,2.9149034,1.0623722,3.6908503,-0.9377585,5.1136155,0.28213876,0.3140019,0.1233782,0.30976242,0.06856155,0.5420499,0.63226,0.7194692,0.816262,21.9321,21.576677,21.310356,21.001848,1.393226,21.315628,2817.6182,55.181465,82.13962,0.17458732,5.8877463,7.961044,0.5675655,21.280636,2828.699,159.57942,54.47179,0.31543136,5.215323,0.8603538,2.1583896,21.131521,2673.0833,18.493143,28.563297,0.17489809,90.98669,2.302097,0.25812083,20.869638,2793.1826,15.815987,3.7432036,0.2648989,28.20205,0.5164331
10,0.7088671,3.3588219,2.8969698,0.1505661,0.027500153,0.69109154,0.04809189,0.2034111,26.393717,16.018967,38.953583,6.185212,0.035714287,0.19135803,0.01369863,0.50476193,0.0,0.0,0.0,0.0,0.18022858,0.3108031,0.09226289,0.43134415,0.54172546,1.0824074,2.0085545,0.059749335,52735.535,5.6801585e+06,2.70162e+07,2161.939,0.00013708546,0.0011085032,0.0009094418,2.604697e-05,27.8521,50.649166,70.448784,-1.3378932,0.34876478,0.5412206,1.0045141,0.05085378,71.84375,11671.574,17480.117,109.88281,19.15128,18.723047,18.925154,18.865305,0.0117099285,0.0333965,0.030266376,0.0051238146,19.19265,18.964441,18.896206,18.890684,0.01256752,0.030294418,0.015618324,0.072546005,0.95238096,0.6419753,0.93835616,0.2857143,1.173624,0.28299677,0.019209845,0.035714287,5.9967003,0.41238168,0.0,0.99382716,4.7720985,0.11089287,0.9451872,0.98630136,0.1934681,0.014855098,0.040713344,0.31428573,1.3395138,5.7182903,5.404022,0.20076752,0.003319362,0.05405856,0.016434351,0.014009872,13837.306,17436.857,550.9005,117.819565,26.631218,122.93573,13.046158,8.800343,-5.3138566,5.1979833,8.207864,-0.45248953,0.2242601,0.62528425,0.5727958,0.09666233,0.5087911,0.90821993,0.717385,0.8390791,19.040615,18.431826,18.839678,18.875343,0.69461894,17.861029,3027.561,94.518555,85.82998,0.43862092,4.986209,834.2357,4.912894,17.779745,2809.2542,152.22444,187.18602,0.8398194,15.917288,4308.4224,2.6072145,17.74477,2854.0837,77.71017,156.85754,0.23419024,81.49396,142.32553,0.27925128,18.5557,2839.9263,8.8996315,18.315304,0.8081297,1.4214885,1.7716635
11,0.33618164,0.4838457,2.2233515,0.49969864,0.087862015,0.118125916,0.21579361,0.2356968,5.2610216,11.737641,13.089875,0.7292088,0.116883114,0.12820514,0.09090909,0.27722773,0.0,0.0,0.0,6.661338e-16,0.20896222,0.23804995,0.1818905,0.24549854,0.740391,0.7652396,1.586865,1.3449851,9.614641e+06,4.5182515e+06,1.5636823e+07,80549.23,2.15871e-05,1.0459276e-05,0.00021407755,3.21007e-05,7.1188526,4.542164,43.282177,1.3571196,0.468586,0.42181852,0.7961388,0.7443198,307.8828,1187.9844,7494.953,1639.5781,22.664188,22.336094,22.166658,21.798838,0.0050802985,0.007580967,0.018525673,0.008089513,22.645468,22.297714,22.204298,21.773998,0.044109344,0.060739517,0.11483574,0.124500275,0.36363637,0.41025642,0.7762238,0.1980198,0.3962555,0.058268216,0.089997135,0.9350649,0.53142166,0.08252508,0.096486874,0.9166667,1.8562317,1.2191519,0.21007924,0.027972028,0.2842369,0.09104531,0.12041483,0.55445546,0.5220566,0.7028084,3.6517544,0.6768646,0.018181892,0.028929831,0.034912154,0.022723414,4.0207987,8.709128,1802.2023,2.5804284,1.4001368,1.6208365,8.9243355,1.3344644,2.3749273,2.032561,-5.2993803,0.6494529,0.11514085,0.1693292,0.41065228,0.17634197,0.7021396,0.5905748,0.84012794,0.8290426,22.653006,22.3438,19.401289,21.780083,0.827811,22.47937,2918.8645,63.042675,236.29153,0.4726929,291.15283,0.9089981,0.9696125,22.2946,2950.5999,19.418118,101.80403,0.97296464,186.51424,0.9509082,2.4737773,18.127481,2823.2441,109.67342,93.00553,0.1893081,0.60026014,610.1858,0.6041028,21.408854,2823.5413,6.728293,9.370084,0.22292723,0.7476081,0.88508195
12,1.7181702,0.7849045,1.9701872,0.5699148,0.093997955,0.18805695,0.27557755,0.22502708,17.256954,2.4886825,6.7255697,0.71131897,0.051282052,0.17610063,0.11805555,0.22222222,0.0,0.0,0.0,0.06474412,0.10902993,0.1282869,0.12144335,0.15672746,1.8450409,1.8297559,1.3123085,2.0013535,4.4186264e+07,1.0929299e+07,7.5085565e+06,116950.414,0.00022237885,-2.106979e-06,8.106944e-06,-5.8170167e-06,64.098946,4.7465363,16.072992,1.1150553,0.93154883,0.92504853,0.65894157,1.0089718,6005.883,1766.7383,4923.043,1794.4062,22.74323,22.62773,22.527914,22.34054,0.015602535,0.008224499,0.015545499,0.008537431,22.72302,22.621838,22.561302,22.350346,0.04690647,0.09523392,0.1319027,0.116098404,0.9358974,0.41509435,0.6666667,0.24242425,2.9886131,0.1075169,0.0,0.98717946,0.2625122,0.13350856,0.13499767,0.591195,0.4483738,0.2868895,0.27461255,0.3402778,0.29805565,0.10733216,0.12986937,0.42424244,2.9705067,0.81765366,2.2521248,0.6459694,0.012645082,0.022223275,0.033355877,0.027619688,8.108058,5.82667,3.7861178,1.2248381,1.5589043,1.506645,1.483444,0.8818909,7.559509,-0.029481733,0.9842039,0.30792224,0.35485205,0.18610175,0.35020766,0.19073083,0.58796996,0.66317415,0.79143673,0.8055355,22.694117,22.557932,22.489239,22.307379,1.1302174,22.176014,2762.1816,231.90688,103.85685,0.13536452,57.761944,0.96779287,0.78824806,22.399931,2657.402,129.32219,9.948263,0.53374535,160.36993,1.9897947,3.2792244,22.030151,2384.6125,191.77087,225.38933,0.31699258,138.92532,0.8600806,0.39206523,22.009457,2824.4697,6.9452696,10.777359,0.58657825,1.580189,0.5606055
13,0.29312134,1.3316469,0.6378603,0.72812366,0.05089569,0.16465187,0.16070366,0.27365112,7.5037737,15.0057955,2.572715,1.9340774,0.06666667,0.08805031,0.28368795,0.21276596,2.220446e-16,0.0,0.0,0.32426798,0.15159723,0.17190321,0.20222954,0.085309416,0.95417935,1.6029181,1.3806571,2.0278027,1.3948173e+07,1.1162296e+07,1.1220219e+07,183788.61,1.1189818e-05,8.2618e-05,-0.00013675481,1.9208874e-06,21.876368,41.62114,1.7729473,4.7483463,0.64748037,0.8198688,0.706682,1.0141222,405.10938,4982.2188,1856.3242,4055.5938,22.413563,22.551659,22.313154,22.316832,0.0037309516,0.011856378,0.008292809,0.010213725,22.400517,22.50633,22.300364,22.264198,0.026960373,0.08226013,0.069229126,0.12706661,0.5466667,0.7421384,0.47517732,0.31914893,0.45374107,0.03924463,0.076202855,0.97333336,0.74365234,0.10762583,0.5615977,0.9245283,0.30558395,0.12945513,0.110776626,0.7234042,0.37418175,0.10806961,0.21354063,0.69148934,0.5085716,2.4440289,0.6635933,1.1028996,0.006657089,0.029914577,0.026797727,0.029121675,2.9649,5.667018,2.4786623,1.0608989,1.0604253,1.4223244,1.127288,0.8293019,4.2193923,5.284602,-0.13867584,1.5740137,0.083623916,0.26738098,0.18503873,0.22793798,0.61357635,0.616743,0.7145366,0.7969399,22.402102,22.526808,22.303444,22.25331,0.6710394,22.35562,2908.8435,30.500591,130.80266,0.43175453,226.41768,0.6093831,1.3748894,22.074638,2876.2815,63.06498,176.0291,0.11608168,119.135635,0.90161306,0.683045,22.277481,3036.2412,19.428436,126.975685,0.57360137,129.56554,0.70472705,0.79286,21.840801,2822.356,11.142911,8.663383,0.25655842,2.6411152,0.5327971
14,0.24416351,1.4183102,1.8433151,0.1286335,0.03712845,0.052553177,0.07683182,0.06696701,13.211141,31.14253,19.027092,0.89175165,0.0625,0.06410257,0.047945205,0.27184466,0.0,0.0,0.0,0.47328365,0.21551469,0.086594634,0.14402092,0.120308824,0.40669203,1.807307,1.7422211,2.2268994,4.767027e+06,1.3964693e+07,1.1732686e+07,129507.484,1.730359e-05,9.5845055e-05,0.00016798807,-1.23795e-06,12.635073,110.944046,90.3318,0.31575418,0.3370438,0.90888417,0.87481254,1.1386653,203.16797,5115.7227,6876.258,342.83984,21.85206,21.303938,21.012623,20.95129,0.004292414,0.010118974,0.014999873,0.0024060237,21.868801,21.301579,21.010315,20.948364,0.019770622,0.025977135,0.03802395,0.03174591,0.625,0.9230769,0.739726,0.18446602,0.4063015,0.006589125,0.030023955,0.05,2.475771,0.085014455,0.0,0.99358976,3.3866367,0.14467254,0.0,0.9931507,0.08702469,0.029243385,0.032264557,0.6893204,0.41080666,2.4622612,3.3657475,0.14758873,0.0133044645,0.017014796,0.02451183,0.008326614,25.690271,32.62278,24.783009,1.0028497,2.1027622,2.4024806,3.1106107,0.8021492,-3.5486932,9.516667,8.450804,0.4692646,0.09379809,0.215574,0.31518668,0.0504093,0.5068742,0.6315841,0.77017015,0.7956832,21.840492,21.239153,20.93694,20.945076,0.35133556,21.382038,3012.6138,178.6476,99.37154,0.9073843,38.814285,0.8611295,1.3963106,20.550495,2799.9382,71.9006,171.2552,0.22618291,83.94801,0.8176344,1.361645,20.333466,2823.5986,209.32367,152.61688,0.116632946,86.03884,1.0964333,0.08246319,20.937847,2826.759,1.891947,8.987497,0.15493627,14.388347,0.5139405
15,0.1880188,0.810709,0.52403927,0.37496853,0.041841507,0.056512833,0.06699753,0.124687195,9.495062,18.563038,8.40884,1.7936214,0.08,0.09815951,0.21768707,0.20879121,0.0,0.0,0.0,0.57958776,0.2347315,0.13648315,0.17017624,0.18676785,0.38625246,1.5585272,1.5429813,1.5341761,6.640944e+06,8.857861e+06,1.4079073e+07,117607.22,9.65435e-06,3.0890184e-05,-5.6513738e-05,3.477973e-06,7.9971175,38.616234,9.649493,6.338841,0.29355678,0.7923917,0.7769644,0.80497915,194.88281,2401.3477,1948.7266,999.52734,21.907717,21.610424,21.439556,21.545523,0.0032998694,0.0062210215,0.0058903024,0.005338284,21.920624,21.61499,21.455587,21.532848,0.021060944,0.027931213,0.034374237,0.06198883,0.45333335,0.82822084,0.63265306,0.26373628,0.2679062,0.024720166,0.026743298,0.06666667,0.94558907,0.0814925,0.3147365,0.9877301,0.21458626,0.059741605,0.09573946,0.2244898,0.1721096,0.054052588,0.1119442,0.63736266,0.30233383,1.1519737,0.7238083,0.57554245,0.0135660665,0.01446859,0.015213123,0.015761403,12.345735,14.484544,4.9482393,0.96309054,1.7367746,1.7731434,1.4209453,0.8475518,-2.8131962,4.3306518,1.4900649,1.7970426,0.0722926,0.13443892,0.12628546,0.115016125,0.5531879,0.60007805,0.7219985,0.8530853,21.899378,21.567959,21.427126,21.518873,0.20272453,21.627571,2901.8865,170.89766,115.824524,0.44655052,13.137952,0.6653816,0.9979517,21.087826,2793.2588,54.19389,212.4057,0.36589816,68.65829,1.8142948,0.5571981,21.283184,2737.9412,178.67548,36.226875,0.575172,101.43368,0.45572183,0.36256674,21.266794,2808.9038,1.521714,13.026159,0.56578046,22.896305,0.48116374
16,0.33239746,0.22881222,0.59601307,1.8763304,0.029209137,0.03961563,0.11898804,0.069301605,14.468583,12.011858,7.1174593,28.55469,0.075,0.11377245,0.1849315,0.01904762,0.0,0.0,0.0,0.0,0.21517359,0.22857702,0.24877994,0.09339145,0.7207292,0.59814173,1.608051,2.0522065,1.4571643e+07,2.5140865e+06,6.8541585e+06,133655.1,1.4943544e-05,5.4545276e-06,-3.2061846e-05,0.00029688666,11.192547,7.6869335,20.243412,91.31398,0.43926162,0.35019034,0.80780554,1.0261873,766.8789,352.75,1677.0625,7537.324,20.768454,20.642544,20.591812,20.406782,0.0038959645,0.002699588,0.0067027947,0.01789541,20.780157,20.64605,20.59726,20.362076,0.014613152,0.019657135,0.05750656,0.03517151,0.875,0.5988024,0.51369864,0.9809524,0.27475548,0.018903583,0.04677692,0.0625,0.20759964,0.011450808,0.034339484,0.047904193,0.6985283,0.09032078,0.29165676,0.9794521,3.6154976,0.094628744,0.0,0.9904762,0.37477684,0.24188042,0.96868515,3.6257744,0.01340733,0.008318094,0.013704086,0.008690104,70.33083,31.116917,32.16825,4.9647427,3.6478174,2.4594378,3.9515183,1.698412,-0.68569356,-1.5027165,3.137284,9.328853,0.080913156,0.05572636,0.13802269,0.36518773,0.5248554,0.55656934,0.7139682,0.7602211,20.760221,20.618803,20.579823,20.371384,0.3546971,20.504992,2848.5078,119.28671,69.10395,0.37106675,14.20658,5.5020323,0.2781216,20.404377,2848.5168,58.753716,133.19145,0.53481644,11.241139,0.9156927,0.5595547,20.32881,2788.0737,156.72427,124.79108,0.009587309,30.450588,2.6678329,1.104334,19.856562,2818.7397,16.119318,8.064547,0.10423792,3.5290956,1.415753
17,0.1301117,1.7475138,1.8159037,0.17275333,0.07007027,0.046684265,0.1231823,0.07001686,1.5581448,45.35839,29.172083,1.0221757,0.2236842,0.0062111802,0.028169014,0.34285715,0.0,0.0,0.0,2.0360269e-11,0.36271164,0.08195344,0.1087342,0.24471383,0.2443784,2.0604925,2.0413213,1.4075427,3.8948702e+06,8.2755195e+06,1.1937769e+07,109094.695,6.552788e-06,0.00016964096,0.00024190219,3.4309796e-06,1.3873003,154.57079,61.042175,0.6704533,0.19463646,1.0302758,1.020667,0.7059674,94.89453,7093.414,6738.086,1041.9141,20.958166,20.664465,20.787008,20.861828,0.0026157969,0.013142911,0.017265823,0.003083227,20.958395,20.638453,20.728668,20.853127,0.035068512,0.023563385,0.05464554,0.03527069,0.18421052,0.99378884,0.92253524,0.33333334,0.08377075,0.043984726,0.023532858,0.5,3.411829,0.038331028,0.0,0.99378884,2.8795414,0.10497539,0.52999294,0.9859155,0.11382294,0.03788298,0.04255302,0.72380954,0.16728783,3.416647,3.2720814,0.23031998,0.009927436,0.005701219,0.0139135895,0.009438909,25.918253,7.005418,11.372456,2.203799,3.8912723,1.9672973,2.6378498,1.1208253,-0.99670035,12.311635,7.49586,0.59181607,0.054822303,0.27159122,0.3589048,0.06432175,0.75925756,0.7480357,0.79835117,0.76603293,20.95983,20.649294,20.757137,20.865818,0.19317217,20.712067,3035.1033,156.68933,119.51607,0.74151427,28.322453,6.4962716,1.6802388,20.649519,2128.5874,991.46643,463.8576,0.9999772,102.45436,3.639348,1.5866287,20.66429,2700.8464,246.3438,74.02213,0.64437866,35.730442,3.8653297,0.16683789,20.771564,2809.5437,7.759719,4.125169,0.05042919,10.578586,0.7532918
18,0.92939854,0.69365215,2.094736,0.8428793,0.3698311,0.38640213,0.8630562,0.6351795,0.66306114,3.2506354,2.9177713,0.82866484,0.24691358,0.30864197,0.24827586,0.3265306,0.0,0.0,0.0,0.0,0.25331557,0.3481972,0.3589445,0.37356833,0.96459323,0.4622834,0.6715439,0.44309676,2.1990258e+07,2.1537815e+06,5.9864805e+06,22359.656,0.00017185765,0.00014055605,0.0006680336,0.0003194751,0.85895014,-0.23191738,3.2538934,-0.71531963,0.49944472,0.24021827,0.33588704,0.22674298,2281.957,1281.9609,6669.789,1859.6133,24.008184,22.298199,21.77457,21.419724,0.014673717,0.01376431,0.027029067,0.01833762,24.005148,22.245335,21.573658,21.39856,0.1768055,0.18440342,0.3312111,0.31758976,0.25925925,0.17283951,0.29655173,0.18367347,0.5334759,0.25472096,0.21733652,0.41975307,0.542902,0.14812118,0.20966747,0.6728395,0.9987221,0.26461902,0.44657475,0.6413793,0.663435,0.20985912,0.22844414,0.59183675,0.93216515,0.8847027,3.1343899,0.98102,0.05398228,0.045508508,0.07723222,0.05809685,9.144228,22.648493,67.90683,31.378141,2.0408716,3.8246562,6.6385736,4.9678044,-0.37054974,0.71505255,1.153756,0.31485388,0.35228932,0.3069193,0.58854634,0.39278677,0.7366872,0.7808776,0.8080965,0.84173703,23.811598,22.202242,21.59197,21.245218,0.64151794,23.14264,3003.6704,83.86513,43.521145,0.89105064,13.42162,1.4977288,0.83104765,22.053198,2761.958,111.15385,2.3358037,0.10148751,57.352974,6.7041163,1.1085187,21.039371,2830.5347,24.383593,186.05943,0.2619939,3.6439612,25.11799,0.85082346,21.001854,2820.986,3.2755024,0.88628995,0.39001423,0.4085539,4.947541
19,0.6445341,0.62444305,0.9604988,0.416852,0.07483864,0.094968796,0.1340065,0.18397713,16.51589,15.41308,12.937404,1.001053,0.06410257,0.124223605,0.21582733,0.26,0.0,0.0,0.0,0.25944257,0.23448572,0.19123289,0.27279407,0.11872413,0.4253673,0.8128321,1.085514,1.9303712,2.3910898e+06,4.7848625e+06,9.378298e+06,137558.67,0.0001011758,3.6861296e-05,-4.9879913e-05,7.0928504e-06,12.612797,5.9325943,2.4286938,1.9674177,0.28668696,0.44352517,0.5646468,0.96523434,395.42188,1650.1016,3285.0352,1519.5156,22.558012,22.21539,22.129976,22.019386,0.010253625,0.008345257,0.01327022,0.0071293106,22.510471,22.188301,22.050655,22.017355,0.036520958,0.047548294,0.058591843,0.0940609,0.75641024,0.61490685,0.63309354,0.27,0.9040489,0.047330473,0.18281025,0.9358974,0.54706,0.09400908,0.17175104,0.9130435,0.6626854,0.15981214,0.108340584,0.82733816,0.23200226,0.08374218,0.12745257,0.54,1.1760731,0.72252846,1.0981846,0.54068375,0.038318772,0.027734233,0.03864978,0.022260444,7.657654,13.176115,6.0585184,1.087421,1.5859143,1.712458,1.5435792,0.8471366,3.5984607,1.8178998,0.42579645,0.9147802,0.2313014,0.18539312,0.29366964,0.15698305,0.56915194,0.47753647,0.6608189,0.8129431,22.509747,22.201794,22.078512,21.99307,1.1092713,22.40189,2882.1863,27.251516,251.08466,0.02318281,132.68877,0.8563764,1.0394815,22.146421,2978.8813,34.326797,98.25935,0.5744765,173.43243,2.0659318,1.0335163,22.01761,2943.993,29.046616,65.69851,0.4529655,109.94042,0.50944173,0.5954982,21.706566,2819.1372,10.846923,1.3251376,0.67553383,14.048373,0.5737407
20,0.30270863,0.21163559,2.0065022,0.5475712,0.031133652,0.047784805,0.057022095,0.08610153,14.644826,9.260653,28.81475,4.670794,0.07692308,0.20253165,0.021428572,0.10869565,0.0,0.0,0.0,0.0037853294,0.16857497,0.205154,0.08708521,0.15920249,0.881253,1.0271223,1.9853944,1.7768508,1.6566538e+07,6.513405e+06,2.2589984e+07,113598.125,1.5235922e-05,4.827761e-06,0.0001402687,1.4356287e-05,9.854511,3.3849266,111.072556,18.050537,0.51113474,0.5595401,0.99315023,0.89276403,720.4453,681.46484,7320.3203,1169.8633,21.423597,21.328793,21.02958,21.170788,0.003978763,0.0032797605,0.01503852,0.0049933945,21.407238,21.314472,20.990583,21.162504,0.015699387,0.02355957,0.028510094,0.04226017,0.84615386,0.47468355,0.95714283,0.6086956,0.32142448,0.030610824,0.046199527,0.9358974,0.1722107,0.03580341,0.06266406,0.87341774,3.5353622,0.10400583,0.0,0.99285716,0.65805435,0.08087303,0.0,0.98913044,0.3996811,0.24356842,3.5491066,0.6591835,0.015285438,0.012943267,0.013642661,0.012443706,18.75931,10.341562,5.809269,1.4407768,2.0343626,1.6260478,1.5715566,0.93203753,2.8303776,1.5600455,9.984091,1.9228681,0.08523941,0.06995333,0.31625375,0.10571409,0.49085438,0.58215714,0.69742155,0.768639,21.415144,21.336727,21.005144,21.157206,0.18680373,21.352324,2925.7236,144.32762,57.1726,0.02890449,114.12916,8.203308,1.0726249,20.9826,3120.0857,286.87024,167.63019,1.0,1332.7756,1.596876,1.9161111,20.212238,2867.3787,84.14192,263.3816,0.12889782,53.50121,0.9646909,0.18177314,21.101282,2798.8914,10.621405,4.1630335,0.80772614,26.552122,0.73543507
21,0.58690834,1.7606039,1.2563639,0.6164217,0.35518646,0.30425262,0.68245506,0.4764576,1.0233661,6.681968,3.806744,0.7141268,0.28169015,0.18589744,0.38410595,0.371134,0.0,0.0,0.0,0.0,0.37401167,0.27502105,0.40769362,0.39123476,0.24313895,1.217133,0.23650561,0.26643884,3.8202968e+06,6.8594725e+06,1.3713214e+06,13604.658,0.00012360755,0.0002572626,0.00043295432,0.00021146915,1.55827,42.7156,0.30120564,-0.83034754,0.18473363,0.6092327,0.11825449,0.1406015,446.79166,6480.2773,2330.6406,771.48047,21.765972,20.926254,20.743494,20.480589,0.011158022,0.01620122,0.020994613,0.014652628,21.774014,20.866676,20.607796,20.477934,0.16249847,0.1467514,0.25747108,0.2358284,0.15492958,0.5897436,0.29801324,0.13402061,0.38334084,0.18030682,0.112080485,0.47887325,3.0920162,0.23238887,0.0,0.99358976,0.8020363,0.19175707,0.25790247,0.66887414,0.50421906,0.14793643,0.17813076,0.53608245,0.8118229,3.131773,1.8367996,0.65563583,0.03413744,0.036652155,0.06227979,0.04698726,199.63583,165.95026,365.13617,106.3432,10.175303,9.841619,14.264531,8.845798,-0.8921529,4.984487,0.7572565,0.25496265,0.2428652,0.33903086,0.43550164,0.30009446,0.71970403,0.763966,0.74515164,0.8271748,21.71003,20.871824,20.619284,20.396255,1.1352293,20.743471,2939.9622,211.70657,307.88458,0.28750315,22.758718,48.956448,2.956635,20.847237,2737.1003,629.05975,878.2424,0.9999451,87.16357,70.391624,1.4295143,20.276958,2771.8516,144.90758,3.707176,0.111191206,48.124798,49.705963,0.6213187,19.95935,2823.4746,4.851358,3.1435156,0.2656026,0.31143478,14.353127
22,0.29874134,0.5986624,0.5134716,0.5834532,0.063690186,0.08982468,0.12022591,0.13403893,8.417711,6.9122653,3.9971666,2.1616635,0.07317073,0.1509434,0.25531915,0.23809524,0.0,0.0,0.0,0.1210199,0.19231401,0.16864645,0.24032992,0.12812935,0.6189582,1.5035641,1.5239358,1.8876747,1.0188331e+07,8.39402e+06,1.1753358e+07,143506.69,1.5859494e-05,8.434225e-06,-4.146952e-05,7.841823e-06,15.684345,9.186237,2.1673236,8.997519,0.5085039,0.7761678,0.825697,0.9470799,324.10938,1432.7734,1638.1133,2658.211,22.440063,21.98536,21.8068,21.718485,0.0043404917,0.0055607534,0.0068320804,0.0065314705,22.46201,21.986982,21.82072,21.706486,0.03032875,0.044540405,0.056030273,0.0666275,0.4878049,0.6163522,0.4609929,0.43809524,0.46212196,0.061548512,0.042911697,0.036585364,0.26058197,0.104148574,0.09275496,0.10062893,0.28959084,0.073110364,0.10444182,0.17730497,0.19325447,0.08024725,0.13077378,0.5714286,0.5076828,0.7088108,0.5421562,0.8018017,0.00665313,0.018943552,0.021937806,0.018298047,11.31961,10.447036,5.5298486,1.164112,1.5477861,1.70594,1.5888888,0.872246,-3.664995,0.61398864,0.1199634,1.61907,0.09740091,0.12225516,0.14898582,0.14185365,0.5151095,0.65979487,0.7242409,0.8024729,22.422878,21.918615,21.772593,21.701103,0.3103776,21.988272,2860.0955,136.13167,59.743965,0.39829165,6.486391,0.67578715,0.6967355,21.651785,2817.7332,217.76083,111.13368,0.11357142,5.123569,1.6486434,0.45805964,21.585573,2727.768,168.28067,20.523699,0.07626172,90.92578,0.53163993,0.4518464,21.499296,2818.998,7.5282373,6.8743763,0.530881,6.7697372,0.5874476
23,1.7974987,2.9020557,2.9065685,2.8218193,0.032964706,0.025619507,0.020923615,0.0137348175,27.120234,50.6312,52.628033,34.918205,0.012658228,0.019354839,0.0068965517,0.010638298,0.038920626,0.0,0.0,0.0,0.11108338,0.076428905,0.0824166,0.10159856,2.0007417,2.001658,2.019027,2.021582,6.5067828e+07,1.1614433e+07,2.7270332e+06,119465.28,0.00030077717,0.00041193963,0.00065132516,0.00089000893,78.32147,130.45657,144.59712,92.32312,1.0006561,1.0008339,1.0095134,1.0107914,7236.426,10260.738,5890.4883,10601.871,21.915724,20.472452,18.698887,17.892397,0.01812757,0.020599922,0.025603926,0.029940609,21.866753,20.436092,18.657438,17.842587,0.015996933,0.012479782,0.010829926,0.0072288513,0.98734176,0.9806452,0.99310344,0.9787234,3.5237732,0.025732208,0.0,0.98734176,5.028473,0.12174071,0.0,0.9935484,5.7611675,0.01772556,0.0,0.99310344,5.171177,0.050320785,0.0,0.9893617,3.5281372,5.032387,5.762884,5.1659756,0.003866291,0.004225156,0.002819195,0.0017201063,1.2995826,102.19052,11.616222,463.4978,0.88416123,2.1871371,2.542951,4.3485,8.831626,11.042901,12.01671,9.558426,0.39727882,0.4217309,0.47876492,0.53570926,0.7779548,0.2589288,0.75164807,0.26670963,21.8705,20.421795,18.659523,17.830692,0.91358906,21.404654,2806.9897,233.24605,171.34354,0.15354055,196.72067,0.69691956,2.394653,20.423605,2577.2144,252.64249,28.220163,0.83689135,0.6309041,53.17944,2.9349062,18.64236,2526.9653,315.24695,84.4684,0.8007291,39.065887,4.62705,2.8738136,17.826958,2832.4683,1.4428291,11.3039875,0.09679887,6.9531393,246.9281
24,0.39088535,1.5690365,0.8791466,0.51833344,0.09116745,0.12702751,0.21032143,0.15231705,5.6177297,19.594362,3.877555,1.3805923,0.1125,0.0875,0.24475524,0.2371134,0.0,0.0,0.0,0.02220664,0.2506336,0.107205056,0.21405038,0.14632736,0.7988807,1.9301125,1.2689806,1.9474444,1.3342781e+07,5.3787535e+06,1.1958327e+07,106486.07,2.3653283e-05,0.00011570846,-1.65271e-05,6.371667e-06,6.251967,50.35483,6.4199896,4.4179277,0.4371336,0.96873194,0.63924754,1.0655739,634.3125,3768.2148,2479.6992,1305.6172,22.72978,22.405273,22.121305,21.797342,0.0053219334,0.012757043,0.0093208505,0.0065523568,22.752113,22.398157,22.152748,21.794897,0.044960976,0.061012268,0.09554863,0.07542801,0.425,0.81875,0.46853146,0.31958762,0.40374374,0.10140455,0.068847805,0.0625,2.2089367,0.1392495,0.5554577,0.9875,0.38899612,0.19512753,0.11415603,0.2027972,0.20289421,0.08018118,0.119368106,0.52577317,0.476799,2.5812092,1.1431789,0.62594223,0.018124584,0.022455938,0.023903044,0.017911484,9.9705515,6.794049,5.363884,1.310732,1.6788545,1.4898564,1.6226727,0.91603583,-1.9706212,6.1416698,-1.4594088,1.0519019,0.120966375,0.28582504,0.20618938,0.14282396,0.58032435,0.6782175,0.7345024,0.79956204,22.710634,22.311968,22.107409,21.784977,0.52444416,22.227245,3006.1384,52.505413,112.94217,0.8824857,4.7092395,1.0026593,1.3861047,21.935186,2762.8184,135.77013,131.90306,0.23137411,12.226216,0.8737264,1.2857181,21.405025,2191.1538,32.096012,433.53497,0.08536831,454.37454,0.7971921,0.52345634,21.551731,2816.7705,12.15304,3.9510572,0.079464056,5.0806756,0.56573397
25,0.8283453,1.3932343,1.4069271,0.8220873,0.81738853,0.8364086,1.482338,0.65506935,0.77153385,1.4090908,1.1218983,0.28551066,0.4107143,0.32142857,0.41666666,0.33333334,0.997508,0.0,0.0,0.99831206,0.22450598,0.2237135,0.39297715,0.19631031,2.1469676,0.961088,0.34523007,1.4025567,8.58893e+07,1.0021697e+07,8.066129e+06,526775.8,-0.00065182976,-0.0006910321,9.6090334e-05,-0.0015290384,-1.0834391,-0.00029706955,-1.1615291,-0.7432039,1.074255,0.569404,0.18014227,0.7088819,2434.5586,2588.8633,1778.3086,2194.1055,25.37155,24.607235,23.97982,23.814774,0.017517108,0.027004953,0.034937058,0.02054778,25.33528,24.699024,24.153824,23.847397,0.35284233,0.42205238,0.6692467,0.33062553,0.10714286,0.1904762,0.16666667,0.14814815,0.75953865,0.22252004,0.24104643,0.5535714,1.1549187,0.48161483,0.3634817,0.29761904,1.4830418,0.32584035,0.4678628,0.38333333,0.7852783,0.2871117,0.28821716,0.4814815,0.83530235,1.7909889,1.5420418,0.846468,0.05446879,0.09169358,0.106957205,0.067513034,0.5470902,4.7444925,3.61265,0.37664604,0.71088403,2.8273754,3.4522765,0.56213945,0.17497517,-0.6982078,-0.045192752,-0.040996917,0.4444362,0.6645172,0.83778435,0.48934072,0.8495695,0.8954243,0.9234998,0.81921804,25.039074,23.315998,23.005846,23.545023,0.5600219,24.634302,2973.5205,115.336296,45.856766,0.17378935,8.536831,0.23980065,1.4901419,23.04622,2835.1902,102.26816,94.56367,0.21046355,2.981553,0.73033184,1.4794024,22.896658,2875.5583,177.3774,32.80682,0.32087445,15.235728,0.56965256,0.79961646,22.94979,2824.546,5.1452365,5.9246616,0.19052985,0.36319715,0.20818147
26,0.739913,1.2307816,2.035698,0.61585426,0.27501106,0.20255661,0.35864067,0.2700348,2.006213,18.128002,7.6470904,0.28791526,0.19512194,0.09202454,0.20422535,0.31730768,0.0,0.0,0.0,0.017013336,0.31516188,0.1903019,0.27561635,0.22681753,0.47852126,0.37127316,0.7228423,1.677632,6.4811475e+06,1.8075376e+06,5.324798e+06,130112.45,9.353257e-05,0.0001975275,0.00032519866,-1.3690877e-05,5.3783236,11.726435,3.7631369,0.1249764,0.28096017,0.24846667,0.40929163,0.8389164,566.53125,2274.3438,4110.8633,3660.3125,23.425535,22.81961,22.786657,22.52496,0.010477188,0.015891919,0.023749178,0.010031463,23.38552,22.776175,22.707113,22.527922,0.14124012,0.10040474,0.17837143,0.12984943,0.30487806,0.5766871,0.5633803,0.24038461,0.8220215,0.16600615,0.24916455,0.9512195,1.50593,0.15300271,0.25293118,0.9509202,1.2019463,0.29143354,0.4539509,0.8450704,0.35621452,0.14786997,0.13153717,0.46153846,1.1026134,1.8371239,2.1652985,0.6301613,0.028048452,0.03868272,0.075011924,0.032762434,4.732551,5.497147,4.0862904,1.3175591,1.7584858,1.4419172,1.6270056,0.8907669,1.7281255,3.1737132,1.094896,-0.22189422,0.24543373,0.36264738,0.5411644,0.22595829,0.8015978,0.613615,0.80090475,0.772907,23.376392,22.784748,22.697363,22.495115,1.8954216,23.206911,2839.0234,9.813604,166.01584,0.05529159,92.22606,1.635495,1.6596,21.433794,3090.9146,87.6779,167.97525,0.6646673,10.376965,1.0866555,2.674888,20.388977,3155.4988,154.84467,113.22527,0.52679217,24.330627,1.1442759,0.39107728,22.323679,2814.901,0.8828966,3.6050305,0.12420839,4.958617,0.46912202
27,0.2307663,0.13190556,1.9157267,1.3512506,0.083286285,0.08836365,0.21322823,0.13788795,4.486452,2.8634226,16.70045,14.7654085,0.16455697,0.31410256,0.026490066,0.010638298,0.0,0.0,0.0,0.0,0.2842407,0.35203832,0.20017458,0.18739885,0.17090356,0.40848505,1.7372413,1.6175059,2.452789e+06,1.7152378e+06,8.730946e+06,131234.89,1.5244264e-05,8.796622e-06,0.00024044643,0.00019712666,7.30449,-0.52026415,96.901054,73.82997,0.22752552,0.20447701,0.8686215,0.8091601,132.10547,257.5,7137.961,4869.328,20.413797,20.00198,19.89902,19.46378,0.003923364,0.003109339,0.015616764,0.014065916,20.416655,19.991543,19.844185,19.42355,0.03535843,0.040340424,0.08154106,0.06304836,0.4050633,0.20512821,0.74834436,0.85106385,0.2661476,0.08368307,0.04388018,0.06329114,0.11671257,0.03286762,0.033871345,0.71794873,3.4263687,0.1376546,0.0,0.9933775,2.5039864,0.09133132,0.0,0.9893617,0.35946083,0.15341377,3.4585094,2.5175781,0.013452187,0.009966487,0.021387018,0.016016345,128.76273,58.479057,144.37027,74.48475,6.8102317,5.769398,9.798139,6.7960258,-2.2659633,0.5757262,8.847862,8.114786,0.080090754,0.062192935,0.3107583,0.27377588,0.6019479,0.79326546,0.8323939,0.7910949,20.411003,20.012583,19.918911,19.446714,0.2994576,20.054863,3020.9736,188.7984,11.623571,0.98575735,50.687584,20.375916,0.14363514,19.973991,3036.1328,112.83712,49.26676,0.99783736,191.96935,27.69827,2.3875327,18.749819,2802.2383,256.23074,688.62286,0.503327,306.7845,59.749886,1.3391676,18.907316,2816.254,5.871681,13.743228,0.6701515,8.987652,14.483696
28,1.5897398,1.3215952,1.9960585,1.2934008,0.43011665,0.5056038,1.0578117,0.681921,5.272682,3.3315032,1.0098199,0.8323881,0.14117648,0.24840765,0.38405797,0.24509804,0.0,0.0,0.0,0.0,0.24881609,0.27678475,0.37717086,0.34659326,0.3672444,0.51794887,0.31366375,0.9722089,5.1799735e+06,1.9220052e+06,1.7980346e+06,52024.383,0.00049959996,0.00045802575,0.0013105116,8.498026e-06,5.126567,1.2686245,-0.48900318,1.102669,0.24413197,0.30394694,0.16063884,0.48626196,1701.3203,2459.1602,2674.9414,3601.8906,23.999905,22.99162,23.00531,22.857452,0.023409458,0.022839194,0.039926514,0.021594964,24.085888,22.955095,23.006126,22.820698,0.23002434,0.24828911,0.54888153,0.3419447,0.4,0.3057325,0.23188406,0.15686275,1.9668388,0.082888566,0.32379034,0.05882353,0.80275154,0.38390985,0.30741212,0.6496815,1.5255966,0.5072037,0.5927059,0.34057972,0.78443146,0.23606174,0.36524436,0.54901963,2.058834,1.4023952,2.3067684,1.7264233,0.10109121,0.093535975,0.1348017,0.06983942,90.02931,99.1178,49.155308,2.779548,5.1829095,6.272701,7.3956876,1.4860455,-1.8617204,-0.4432421,-0.057537206,0.7807007,0.56182474,0.52511007,0.9185218,0.49360588,0.9085306,0.9175343,0.912298,0.82130414,22.845999,21.963661,21.710453,22.59667,2.1743371,21.656334,2956.2441,152.78026,176.01819,0.52980673,26.577898,1.9638314,1.4128681,21.480074,2832.8625,98.42189,97.68323,0.19448496,1.7521096,2.8233755,1.5709556,21.24854,2848.1108,203.37907,124.73689,0.15425958,2.8742669,4.1138954,1.5996026,22.38069,2818.295,3.1495593,0.77272356,0.37587738,2.1071057,0.6092459
29,0.19402122,0.56861305,0.5099144,0.30527687,0.031852722,0.040138245,0.061458588,0.071949005,13.579553,21.993591,9.996307,2.5569427,0.07317073,0.08695652,0.20567375,0.16,0.0,0.0,0.0,0.0030781785,0.22667278,0.10161821,0.1950856,0.11237669,0.3206747,1.492861,1.9189348,1.6700442,2.8844992e+06,1.0283204e+07,1.6522369e+07,112169.26,1.2325579e-05,7.96503e-06,-4.180967e-06,4.432576e-06,10.043793,27.290411,5.089048,12.038538,0.25947124,0.7694077,0.9801584,0.88869035,120.29297,1791.1914,2088.6094,889.8633,21.412626,21.249119,21.01559,20.957989,0.0035946616,0.004985689,0.005632786,0.0034570687,21.395939,21.236366,20.992996,20.952587,0.015817642,0.021299362,0.030118942,0.035583496,0.5487805,0.8385093,0.70212764,0.44,0.3047161,0.023439597,0.02334133,0.9390244,0.35819817,0.041873943,0.19131216,0.9378882,0.25729752,0.06941348,0.0883877,0.8439716,0.09580231,0.040975496,0.06840515,0.56,0.3259678,0.85118484,0.57535744,0.43162727,0.01488469,0.015982706,0.015813107,0.008520381,14.054974,13.195415,8.28405,1.433164,1.9546784,1.6154324,1.7006073,0.89784557,3.2234643,4.1945977,0.75441486,1.9765081,0.07697114,0.105941504,0.11837632,0.07245321,0.5446336,0.49574158,0.64987665,0.748357,21.406012,21.252718,21.010616,20.958313,0.5835202,21.382778,2838.0532,5.5364466,507.83566,0.45895404,193.8657,0.87344503,0.53311396,21.15457,2964.3694,78.41935,199.28885,0.011295515,64.444786,1.1174043,0.65670407,20.390947,3252.7026,204.99864,116.192764,0.9800414,55.92979,0.680005,0.2826949,20.826271,2822.0916,6.763259,7.779982,0.13728572,1.2773296,0.7066288
30,0.30490494,0.73111343,0.5651989,1.1849575,0.048122406,0.052476883,0.10594559,0.15507126,12.104752,18.34308,7.045096,15.722061,0.086419754,0.08695652,0.23943663,0.04,0.0,0.0,0.0,4.967555e-05,0.21858823,0.12358787,0.22804663,0.13921669,0.42373803,1.3171161,0.5850743,2.010433,5.5696855e+06,6.9426255e+06,4.341483e+06,144432.92,2.2198496e-05,2.2231801e-05,1.0015388e-05,0.00017201093,11.803424,50.342506,2.3518867,26.694809,0.41324705,0.6657298,0.30474564,1.007388,351.9453,2318.5078,1001.7461,4593.3438,22.047112,21.457397,21.52315,21.63955,0.004872779,0.005916867,0.007987611,0.015764523,22.065174,21.455067,21.552639,21.573433,0.023654938,0.025798798,0.051026344,0.07849312,0.6296296,0.8198758,0.52112675,0.7,0.45949936,0.0041020294,0.039803468,0.049382716,0.88957787,0.072198376,0.43864956,0.9875776,0.34890366,0.076458916,0.111735396,0.18309858,1.8316212,0.11710893,0.47007528,0.97,0.4591694,1.1910286,0.5798416,2.123108,0.0144041935,0.009954986,0.023701591,0.01840683,27.553076,14.524851,14.857759,1.6506568,2.168516,1.8017858,2.373836,1.0398884,-3.3016276,5.5206637,0.00303681,4.9216332,0.107430704,0.12696056,0.17191854,0.34113717,0.50743943,0.6043509,0.7375904,0.7986667,22.02771,21.405382,21.47849,21.556032,0.37012905,21.597572,2875.8418,148.38414,82.41598,0.75648993,20.267424,0.9160613,0.59690607,21.163948,2815.8386,145.0083,92.20516,0.30778676,30.427917,1.1807897,0.5943711,21.239672,2702.3706,146.26007,36.70178,0.19510746,117.063705,0.7086272,1.385061,21.491158,2786.6533,2.8492491,19.13844,0.86684924,12.908443,0.85909235
31,0.6206207,0.19453812,0.3586464,1.4932384,0.07573509,0.07359505,0.15728378,0.10459137,7.596064,2.597202,2.3105352,21.052156,0.083333336,0.3051948,0.2777778,0.010416667,0.0,0.0,0.0,0.0,0.18591383,0.32086062,0.34961447,0.12452686,1.2128025,1.1255218,0.9074621,1.9484612,3.227358e+07,6.3938195e+06,5.4826075e+06,374337.7,3.6168552e-05,2.469942e-06,2.2717655e-05,0.00018612297,21.148977,1.7603908,3.763351,86.24798,0.6377035,0.5703058,0.45399046,0.97430503,1634.9922,441.8086,1123.0703,11623.344,22.138382,21.05738,20.60096,20.35379,0.0061539537,0.0027715638,0.0056649605,0.014666599,22.129448,21.043827,20.591028,20.313148,0.03770542,0.02996254,0.07177639,0.05574131,0.7361111,0.36363637,0.27083334,0.9895833,0.8469639,0.09338408,0.0,0.9861111,0.10600662,0.030486286,0.042688336,0.72727275,0.17851448,0.091719374,0.048090782,0.5694444,2.85005,0.06745543,0.0,0.9895833,0.8441353,0.24855614,0.5197277,2.8610039,0.00871119,0.008244338,0.014883709,0.011399688,20.093285,6.171239,23.762287,7.531831,2.382472,1.8682419,4.0451713,2.2488265,2.6023567,0.92752427,-1.2215251,9.050715,0.13623857,0.058361873,0.11670362,0.2985209,0.5338963,0.7765721,0.8266098,0.83072364,22.122587,21.056913,20.636436,20.33022,0.6863406,21.796476,2799.2087,63.496586,56.97108,0.118666776,19.946428,4.4244885,0.20786975,21.01025,2713.5154,89.72017,3.145347,0.3427912,104.91462,2.0955358,0.41105607,20.516369,2715.6992,197.77065,4.5028505,0.18573384,103.246025,4.635176,2.1521738,20.153381,2810.8645,1.1066523,14.388082,0.8317774,0.12538911,2.4381015
32,0.22847271,0.8720856,0.63936615,0.45411396,0.06560135,0.09417915,0.15101814,0.13760567,6.091089,12.250682,3.4775674,2.0154748,0.12820514,0.10759494,0.26,0.23469388,0.0,0.0,0.0,0.45642927,0.23124988,0.1524564,0.23111352,0.12804164,0.5960137,1.1731827,1.3978274,1.7829409,1.1819992e+07,6.412926e+06,9.840286e+06,136001.06,1.1307701e-05,-1.5155358e-05,-7.564403e-05,-7.6969045e-06,6.693247,31.096077,1.8497796,4.7468357,0.33295974,0.6017869,0.7005611,0.89393973,253.96484,2353.3047,2618.8438,1793.0,22.403658,22.244734,22.167412,21.869997,0.003746728,0.007051169,0.009022026,0.0062630544,22.382263,22.230272,22.150507,21.846437,0.033329964,0.04697323,0.06923485,0.068136215,0.3846154,0.7531645,0.47333333,0.2755102,0.29616547,0.04135736,0.04724932,0.9358974,1.3137589,0.0,0.11732942,0.006329114,0.3367138,0.14157471,0.13014665,0.76,0.25260544,0.075616814,0.13838176,0.79591835,0.36824036,1.2909851,0.6811619,0.6638832,0.0149540445,0.019193286,0.03040468,0.01865796,3.7010677,5.611799,2.7208757,1.0088687,1.2921094,1.2650485,1.2226485,0.81358457,2.4010634,-2.9606564,-0.07070439,1.5445963,0.08394041,0.15685138,0.19999497,0.13697298,0.6873733,0.5837578,0.75251794,0.7960564,22.39068,22.259861,22.168676,21.829708,0.5459966,22.3068,2963.2576,72.55771,254.19258,0.17259824,199.20337,0.71363324,1.358572,20.78392,3281.7332,228.03152,71.26584,0.99965316,57.40457,0.5696966,0.83201796,21.407719,3169.834,198.21054,86.41783,0.9578983,60.94715,1.1361245,0.33561656,21.829897,2804.2712,10.330128,0.8459476,0.22991344,2.4243803,0.5376641
33,2.5207615,0.30445576,1.2907915,0.81079865,0.020126343,0.02433014,0.04405594,0.04153061,28.313591,14.757893,27.653013,22.1901,0.0125,0.09815951,0.046979867,0.019607844,0.0,0.0,0.0,6.350476e-14,0.11009301,0.15806168,0.09591719,0.105225176,1.992451,1.3821328,1.9272784,2.0631223,6.3175572e+07,8.760841e+06,1.4422129e+07,142182.81,0.00067601545,4.64094e-06,8.908823e-05,5.0811846e-05,79.06349,38.98637,109.696075,90.13991,0.99703157,0.71501756,0.96486735,1.0315667,9909.66,955.5078,4675.371,3150.4258,20.730904,20.353949,20.396677,20.47938,0.026312409,0.002561491,0.010042308,0.007372245,20.68053,20.354256,20.391249,20.46307,0.008112907,0.011749268,0.01930809,0.020788193,0.9875,0.79141104,0.90604025,0.9705882,4.865095,0.04129755,0.0,0.9875,0.46571732,0.037365742,0.0,0.993865,2.3192863,0.07677059,0.0,0.9932886,1.4797516,0.036614273,0.0,0.99019605,4.854656,0.46255302,2.3091526,1.481554,0.0062249172,0.0068136677,0.01167471,0.0059669805,22.644196,16.119549,11.650772,2.4217577,2.3020656,1.9845659,2.1657677,0.9381521,8.865103,3.903359,9.741836,9.205905,0.54548,0.052136455,0.20482971,0.15097901,0.56429404,0.6085348,0.7035121,0.60062045,20.6688,20.335564,20.369164,20.4636,2.0748253,20.425117,2718.7812,183.78496,144.52127,0.63487875,8.075125,1.6978331,0.30331987,20.211525,2817.163,86.43679,86.76945,0.07611275,1.6166933,1.0966203,1.2423358,20.25817,2622.893,162.8199,96.32501,0.60049784,96.30359,1.3504031,0.13956721,20.456738,2790.0898,29.592567,25.953485,0.91909516,22.739592,1.280738
34,0.18306255,1.0124502,0.4332018,0.7824249,0.053081512,0.08622551,0.21422005,0.098833084,5.90218,19.082838,0.84281546,11.01944,0.10666667,0.036363635,0.3916084,0.03773585,0.0,0.0,0.0,0.0,0.22797158,0.1333527,0.37151504,0.1815164,0.4724143,1.8991091,0.5839848,1.8036644,9.569695e+06,8.765021e+06,4.4340515e+06,112719.234,1.030074e-05,4.321328e-05,1.6987473e-05,5.561455e-05,5.861284,107.101364,0.74305344,65.35668,0.3706608,0.95462734,0.29532665,0.9028626,194.0586,3642.168,1049.1289,2911.7031,22.005026,21.248035,20.751049,20.1638,0.0034257893,0.0072089164,0.0062343553,0.00760547,22.016396,21.238022,20.747046,20.152077,0.029039383,0.04260826,0.110954285,0.049289703,0.26666668,0.8848485,0.3006993,0.754717,0.26229668,0.03202033,0.037175503,0.06666667,1.7697086,0.067150176,0.0,0.9939394,0.20912361,0.0764102,0.0763284,0.53846157,1.404335,0.070426054,0.0,0.990566,0.28614044,1.7689953,0.51994896,1.4028091,0.013853152,0.0100259185,0.018017404,0.010709771,10.644638,11.274334,33.637646,10.8450365,1.8973453,2.2164621,4.461573,2.66482,-2.315396,9.29641,0.19030446,7.2188153,0.07538458,0.15317531,0.12936941,0.15335517,0.61246717,0.6722738,0.75969326,0.8060005,22.001352,21.226492,20.7694,20.157814,0.20839661,21.762676,2905.3435,120.71562,22.906858,0.7827343,24.083488,1.0878251,0.86310214,21.092577,2774.1685,207.34486,74.60321,0.6912421,49.02533,2.3329086,0.3816667,20.624958,2731.6506,128.88112,4.7827253,0.027613886,88.30555,2.870222,0.8300431,19.792536,2812.9888,4.8193464,9.231087,0.1871098,4.4747796,2.7886257
35,0.24830627,0.34939766,1.6581659,0.52791786,0.121398926,0.09844971,0.11126709,0.09783745,0.49119842,3.4125235,22.008495,4.627145,0.325,0.21818182,0.03267974,0.16504854,1.908682e-06,0.0,0.0,4.0983502e-07,0.12748115,0.19030268,0.089588985,0.16620426,1.6304617,1.4311466,2.066442,1.8448635,4.0741856e+07,9.058543e+06,1.7587744e+07,101513.89,6.689035e-06,-1.1715061e-05,0.000103831946,1.839297e-05,0.67218924,2.8175323,56.155334,31.771633,0.87361234,0.7282941,1.035235,0.9231582,600.6094,1431.1328,6211.5234,1928.6758,23.107529,22.064924,21.339241,21.093805,0.00394838,0.004602764,0.014311513,0.005326527,23.11911,22.060745,21.335821,21.084118,0.05920887,0.04872513,0.05011177,0.049837112,0.25,0.4181818,0.7908497,0.5533981,0.15079308,0.062323358,0.05369208,0.3375,0.15408325,0.06604076,0.08962163,0.7090909,2.416277,0.12518635,0.54931575,0.9869281,0.85902405,0.07425469,0.0,0.99029124,0.2790184,0.4015274,2.7765331,0.86037445,0.012366728,0.016930649,0.020021161,0.01210568,1.913377,4.4444356,9.643735,1.8484552,1.0687096,1.2834119,2.0827076,1.059297,-0.46009314,0.68866366,6.754637,4.3155932,0.0912373,0.10155963,0.30539683,0.11235672,0.77733964,0.68428856,0.72471106,0.7761108,23.100998,22.021513,21.297222,21.080635,0.3050427,22.944715,2813.8025,17.994085,29.662077,0.8427732,123.596306,0.7866264,0.37988877,21.859735,2823.7075,32.089806,31.55931,0.25212154,4.4544053,0.6525996,1.7150007,20.397846,2965.0903,238.0118,331.53983,0.58954924,149.64769,1.0511698,0.4529951,20.872066,2809.3506,6.092966,10.808605,0.36026692,9.750408,0.7914834
36,1.1188354,1.2634964,2.0944462,0.4428234,0.14395905,0.094285965,0.049674988,0.028327942,6.444628,21.632597,41.512455,21.264296,0.060240965,0.051282052,0.02027027,0.028571429,0.0,0.0,0.0,0.0,0.119663276,0.119484045,0.07709414,0.10204625,1.5607504,1.8248984,2.0683172,1.8971219,2.3946374e+07,8.886096e+06,1.1518173e+07,123239.75,6.36656e-05,3.632075e-05,0.00031601745,1.8028879e-05,18.087814,93.65064,115.7799,87.66588,1.2201456,0.91245425,1.0344497,0.94856143,2275.8086,4787.2617,8527.773,1606.4297,23.477934,22.009224,19.722364,18.612822,0.009098651,0.009381047,0.017883265,0.00426448,23.471003,21.989635,19.680088,18.608376,0.07959747,0.046704292,0.02332592,0.01361084,0.7108434,0.8974359,0.972973,0.9714286,0.8820782,0.16330746,0.29947865,0.97590363,2.271696,0.09803538,0.0,0.99358976,4.032097,0.121024914,0.0,0.9932432,0.7783699,0.023136245,0.0,0.9904762,1.1581516,2.276722,4.0471287,0.775404,0.016284745,0.011818905,0.008774443,0.0031716411,9.773432,2.6865625,58.504894,58.44324,1.2683882,1.1508865,3.4023697,3.3104842,-0.08480946,8.738574,10.390521,8.915174,0.21361752,0.20646957,0.3527003,0.07937401,0.4413287,0.6985386,0.44829398,0.43063638,23.396378,21.985151,19.68549,18.611246,1.3627772,22.070286,3037.8022,179.09622,136.82555,0.9664766,61.03657,2.8487682,0.0787742,21.982916,2562.0242,249.52621,1.6625918,0.80869436,140.91388,1.3987337,0.3858043,19.68568,2207.3027,829.5391,27.309145,0.9955186,358.3269,30.497494,0.39009565,18.43053,2819.8152,9.691655,8.041247,0.18426505,3.0850267,28.66136
37,0.33945084,1.5257549,1.5194864,0.9677458,0.0585804,0.12858772,0.16476059,0.21941757,8.520203,13.159451,6.8787327,2.862751,0.0625,0.13013698,0.17293233,0.25,1.2212453e-15,0.0,4.8849813e-15,0.2945558,0.16815658,0.17127733,0.18812028,0.1519305,0.82099193,1.5569254,1.138609,1.7553508,1.2835122e+07,1.2734678e+07,9.719683e+06,127206.04,1.8319639e-05,0.00010046539,7.7928606e-05,1.1103168e-05,13.722507,43.91448,11.025921,4.9177294,0.6306756,0.7878776,0.57236403,0.8802437,460.71875,4662.922,2918.4062,2673.1602,22.757732,22.443024,22.475,22.417252,0.004829156,0.0115800155,0.013138253,0.011540224,22.736567,22.411842,22.470047,22.376919,0.029138565,0.061141014,0.08225441,0.09603691,0.55,0.8082192,0.6616541,0.5,0.5120144,0.05087435,0.015714284,0.9625,2.335373,0.17434667,0.0,0.9931507,0.72571945,0.40773013,0.21640155,0.067669176,0.48984528,0.1508014,0.25409952,0.8125,0.5312805,2.3505592,1.6568642,1.2268543,0.008419188,0.028368138,0.039671496,0.03764762,2.8201413,5.6984167,2.2687345,1.0730989,1.0023412,1.4157101,1.131961,0.7747316,3.40213,4.9370904,-0.66898024,1.2625157,0.109900646,0.25989056,0.29528224,0.2587001,0.6058434,0.6314262,0.7508244,0.74709404,22.744509,22.447136,22.48225,22.352451,0.67543614,22.738474,2981.2764,9.4351,176.15088,0.6927124,107.123665,0.54572827,0.97078645,22.230433,2971.6719,95.19764,169.11217,0.026714524,71.244995,0.94558823,2.2590454,20.556675,3332.2744,306.30798,119.523895,0.99586517,118.356285,0.71584344,1.0976806,21.837946,2817.3567,9.071663,9.581835,0.59477234,11.792521,0.56717354
38,0.23779583,0.66926575,1.2992992,1.0863066,0.04849243,0.074543,0.11463547,0.14719582,7.8741856,11.404155,10.973716,8.233947,0.067567565,0.10828026,0.14379086,0.04950495,0.0,0.0,0.0,0.008869872,0.199305,0.13273533,0.13774528,0.09052031,0.5569319,1.505912,1.5971819,2.160956,8.128845e+06,8.835202e+06,1.4060051e+07,149435.8,1.0471377e-05,2.180182e-06,-1.0741076e-05,6.759878e-05,13.450426,20.509918,21.287199,52.34056,0.43731847,0.7675223,0.80182886,1.085221,236.69922,1858.5547,3272.5469,4075.2852,22.38394,21.900593,21.628845,21.660355,0.0036354128,0.005386035,0.010316128,0.009700032,22.396679,21.900913,21.63388,21.648119,0.023859024,0.037240982,0.055805206,0.075408936,0.5,0.7579618,0.7124183,0.6831683,0.36917686,0.028423622,0.035754077,0.04054054,0.70075035,0.086616606,0.21357055,0.9872612,0.5593548,0.13192815,0.38970393,0.92156863,1.8012962,0.11018394,0.0,0.990099,0.39974403,0.84252167,1.6269207,1.7956963,0.0066896547,0.0138890995,0.026177125,0.017173268,9.131419,6.5560985,5.5289707,1.365811,1.3821009,1.3284328,1.6577712,0.9629925,-3.433619,2.328247,2.5793326,6.153659,0.08137486,0.11795736,0.22312593,0.21010613,0.51253337,0.64270204,0.74535644,0.81468046,22.370821,21.852345,21.586,21.628315,0.27911252,22.029856,2923.603,154.32066,34.650776,0.96442163,34.19804,0.56800526,0.6142805,21.670828,2756.9587,174.16537,22.116528,0.37165403,66.96988,0.5273734,2.0871089,21.381868,2552.6648,95.69069,133.06319,0.57211447,106.54837,0.88018423,1.0229025,21.124811,2802.051,25.485182,73.3873,0.9999861,69.25738,0.7192506
39,1.5960188,0.50984097,0.72149277,0.61086273,0.05187416,0.06951141,0.09027481,0.098745346,21.051222,7.698042,8.72945,5.0539393,0.013513514,0.13636364,0.17931035,0.106796116,0.0,0.0,0.0,0.13662367,0.13596651,0.12963355,0.15617254,0.12544034,2.050984,1.6749479,1.9537352,2.0314293,4.4424228e+07,1.0429559e+07,1.6162996e+07,274477.5,0.00025021462,-2.2760705e-05,-2.5205349e-05,1.1369502e-05,68.81606,17.579853,7.7707233,35.215164,1.0273825,0.8446875,0.9785381,1.017144,6531.367,1544.3164,2230.375,4245.0703,22.350523,21.69902,21.495335,21.337147,0.016432108,0.0045342688,0.0075193536,0.0057061985,22.299892,21.691963,21.469051,21.338285,0.023747444,0.034435272,0.042333603,0.05209732,0.9459459,0.64935064,0.6689655,0.61165047,3.1047592,0.0684448,0.0,0.9864865,0.1887188,0.07571405,0.07214585,0.8701299,0.28342056,0.09931297,0.16518916,0.8,0.9534855,0.07782618,0.0,0.99029124,3.1134338,0.69717026,0.8365135,0.9430828,0.013096363,0.013676184,0.019207947,0.011604566,3.4323637,5.962839,4.1846943,1.1542431,1.1920371,1.4069599,1.4167224,0.8642083,8.169485,-1.7039784,0.88887256,4.5006914,0.3672662,0.098389186,0.16163102,0.121754,0.6443642,0.6206364,0.72541845,0.80394906,22.303816,21.714376,21.487951,21.324759,2.0605361,21.69009,2857.2158,42.708252,113.65733,0.12132651,114.645805,1.1941347,0.73066807,20.92081,3193.1165,178.26947,29.095219,0.99780214,44.016342,0.71398306,0.9133694,20.683262,3231.2488,211.41942,108.41489,0.96934026,68.10958,0.5547478,0.34191826,21.11032,2809.3188,4.683346,4.260981,0.98470986,38.787132,0.5968596
40,1.3910408,1.1814489,1.8647842,1.6362934,0.48234367,0.76618195,1.4303513,1.0032063,2.1701455,1.0700166,0.6350521,0.5963102,0.20987654,0.31875,0.375,0.34736842,0.0,0.0,0.0,0.0,0.28428632,0.33329174,0.40833282,0.32496062,0.49970984,0.43818775,0.2844557,0.76050186,8.492475e+06,1.9999695e+06,2.1746025e+06,48997.78,0.0003844378,0.00044876445,0.0013490916,0.00042726757,3.4504666,-0.398885,-0.8229573,-0.3328855,0.30527753,0.24189669,0.14950088,0.3883849,1826.3047,2283.629,3470.4805,3289.1055,23.91637,22.966177,22.85797,22.778194,0.020591402,0.023594845,0.039414905,0.028003247,23.940968,22.911358,22.801392,22.667858,0.24492073,0.3634653,0.7276039,0.49296188,0.24691358,0.175,0.15277778,0.21052632,1.6517315,0.10088664,0.34408134,0.049382716,0.95349693,0.31670016,0.30316696,0.6875,1.5113106,0.51353616,0.47577235,0.5625,1.0775013,0.32900727,0.36915597,0.56842107,1.6853237,1.3344345,1.9519157,1.9081135,0.07105224,0.08242871,0.12817855,0.08735321,53.398327,41.23518,43.29417,6.689168,3.925634,4.920923,6.839765,2.210917,-1.287783,0.34964895,0.08187493,0.2739742,0.4924716,0.5418834,0.90094465,0.6378634,0.79977167,0.80712575,0.8932522,0.7919832,23.246506,22.359491,21.833134,22.305485,1.7422516,22.220816,2973.6938,176.02428,104.658585,0.92718357,64.39245,2.6246877,1.5222864,21.881636,2823.2852,79.8425,64.80192,0.07667184,0.699159,5.758717,3.0777202,21.592922,2524.297,122.898346,17.31923,0.36799604,288.72534,5.0451226,1.990656,21.768927,2814.8638,8.15235,2.7055488,0.009916591,5.1468554,1.9297385
41,0.80840874,1.1574669,1.5803347,0.79956627,0.23508453,0.2491951,0.32211113,0.41702652,3.796605,7.6297193,6.4291053,0.8420663,0.17283951,0.1474359,0.20300752,0.33333334,0.8138693,0.0,1.9984014e-14,0.983358,0.2037742,0.15681478,0.24407117,0.096791,1.2055774,0.81932765,0.85556144,1.9216758,2.0834294e+07,3.8935272e+06,7.1678465e+06,111093.75,3.4742847e-05,0.0001015096,0.00016744924,-0.0002353678,8.791802,5.6234937,3.4053607,-0.13374925,0.6170477,0.4623852,0.45521125,0.96142167,1275.5469,1893.6641,3864.7656,2565.4844,24.279507,23.309958,23.071362,23.089987,0.010896676,0.013721288,0.021385595,0.014340492,24.215668,23.280766,23.011189,23.03089,0.12252045,0.12827969,0.16364479,0.20243359,0.38271606,0.4679487,0.49624062,0.19607843,0.6085148,0.13302322,0.3520144,0.8765432,1.1071033,0.22610036,0.12627721,0.9551282,0.9581814,0.34887138,0.25248075,0.8270677,0.55064964,0.1677553,0.21652246,0.5882353,1.3618717,1.2196007,1.9120426,0.9615593,0.028053831,0.033971727,0.07014263,0.045937087,0.8578394,2.8909483,2.231477,0.72413266,0.76370203,1.1162587,1.1263831,0.7133953,2.4625366,0.92513925,-0.39339772,0.4188137,0.2645659,0.31984264,0.4933948,0.33112177,0.8116132,0.6509828,0.7509876,0.8041503,24.200346,23.267925,23.009802,22.949034,0.707979,24.192226,2990.3953,16.249907,198.70091,0.99840534,677.72504,0.37808964,1.7327111,22.369947,3142.6804,107.50645,6.3756533,0.72998077,25.061155,0.65354705,3.0895262,22.903257,2928.4236,25.031029,80.80248,0.9498835,128.20917,0.6831954,1.1402396,22.374895,2823.9263,12.044727,1.7723829,0.71525633,12.318185,0.37999132
42,2.5350485,1.8377304,0.94683456,0.8256655,0.038261414,0.053014755,0.12357712,0.07526207,27.12336,42.398552,9.030085,19.0599,0.012345679,0.012903226,0.16883117,0.02,0.0,0.0,0.0,2.3297128e-08,0.10921748,0.09347816,0.18890813,0.11394272,2.02546,1.9544108,1.5900853,2.0338042,6.2597948e+07,1.5523182e+07,1.4357852e+07,143312.28,0.0004827168,0.0003054574,8.489778e-06,9.370856e-05,79.411804,70.07624,15.3917055,39.798035,1.0133783,0.97854567,0.80471754,1.0180429,10285.371,7118.824,2431.2812,3063.8008,21.38265,21.514269,21.398628,21.178041,0.026137087,0.017792296,0.0077215964,0.010287335,21.307686,21.462385,21.372896,21.151546,0.019096375,0.024339676,0.048490524,0.036388397,0.9876543,0.92903227,0.7012987,0.83,5.0059986,0.054784305,0.0,0.9876543,3.3162937,0.07293112,0.21180376,0.9870968,0.26563835,0.106233716,0.16600546,0.77272725,1.4858303,0.061887115,0.021912316,0.98,5.019163,3.4751549,1.1060429,1.4981079,0.010907263,0.014733386,0.017359696,0.0110926535,10.589439,10.025983,5.6932178,1.9795357,1.9682007,1.5388266,1.588539,0.91987944,8.871418,8.278716,0.9946632,6.127295,0.5588802,0.38278824,0.16523157,0.2178656,0.62365663,0.55752313,0.6944798,0.6472958,21.316074,21.488062,21.385887,21.142553,2.2420738,20.48105,2874.0613,78.08315,177.05951,0.43339404,163.66605,4.498225,1.956004,21.488098,2652.7705,3.7550442,2.0690782,0.98352665,72.52103,5.216222,0.8972565,21.382736,2146.1013,209.56201,12.5430565,0.1568181,485.56726,2.966838,0.63634646,21.066658,2763.8499,4.7949677,44.70323,0.7900968,31.278767,1.0416671
43,0.1538887,0.6090412,1.9853239,0.103120804,0.0342865,0.03170204,0.043416977,0.048870087,9.574339,30.027164,34.782223,0.35613546,0.093333334,0.06748466,0.01369863,0.3137255,0.0,0.0,0.0,0.43644166,0.24266231,0.12508523,0.08155206,0.14090343,0.28227925,1.8189757,2.141118,1.7911712,4.916069e+06,1.081469e+07,1.171582e+07,112136.57,8.06843e-06,2.7635324e-05,0.00020567424,-1.9001604e-07,7.8442445,58.42016,129.10294,0.562449,0.24669169,0.91734946,1.0720259,0.9064912,144.53906,2088.6562,8075.918,308.34766,21.122856,20.820362,20.7146,20.548124,0.0029089332,0.0054832217,0.015459972,0.0018587433,21.134228,20.811243,20.702526,20.546474,0.016973495,0.015966415,0.019891739,0.022219658,0.46666667,0.90797544,0.9589041,0.27450982,0.22696114,0.022000793,0.02317752,0.06666667,0.9395313,0.046157695,0.16340838,0.9877301,3.7547245,0.07770786,0.0,0.9931507,0.06058693,0.024098996,0.02455182,0.61764705,0.24321556,1.0526695,3.7410812,0.112407684,0.011726358,0.0055060517,0.011767918,0.0057096602,27.796806,26.843086,11.236097,1.0160043,2.6739454,2.1159449,1.9954493,0.8161496,-2.7969713,6.941178,11.027727,0.18066706,0.061444975,0.11416266,0.32024714,0.038193688,0.5574245,0.4530189,0.7083957,0.80533886,21.120522,20.792728,20.67432,20.546139,0.15222986,20.879475,2973.1287,184.1172,88.171425,0.3991894,13.224554,1.7175605,0.42263564,20.651537,2782.3335,110.557686,34.335472,0.27862537,36.288994,6.958173,1.2282778,20.073515,2921.0156,229.8369,133.49092,0.28038567,91.63364,0.71698844,0.19470851,20.452763,2819.049,13.903055,1.4450777,0.93140554,20.990425,0.53210866
44,2.1208153,0.93511105,2.2827663,0.391037,0.039949417,0.07151413,0.122665405,0.12374687,25.244387,18.958755,24.979012,0.6334041,0.024390243,0.06832298,0.054054055,0.27884614,0.0,0.0,0.0,0.0,0.12700471,0.15334032,0.07267305,0.27755055,2.0417333,1.5056659,2.0262504,1.3331554,5.676256e+07,1.0643391e+07,1.6596551e+07,73019.35,0.00047998835,3.2236774e-05,0.0001331457,1.6066986e-05,62.282627,58.951912,64.52345,2.6551144,1.0223486,0.76036346,1.013626,0.6759849,8564.223,2776.7305,7226.332,1027.1562,21.824072,21.49976,21.469515,21.243334,0.022519888,0.0061750147,0.016449729,0.0052240905,21.742506,21.487402,21.449055,21.235214,0.01962471,0.036985397,0.061024666,0.061077118,0.9268293,0.9006211,0.9256757,0.34615386,4.1513557,0.17824923,0.0,0.9878049,1.3053551,0.08418029,0.0,0.99378884,2.5828228,0.157879,1.2486203,0.9864865,0.16645241,0.07099056,0.07568081,0.50961536,4.182295,1.3096046,3.4512901,0.48074532,0.013627725,0.014367649,0.01673383,0.016273333,12.290454,9.236112,3.413896,2.8864884,1.8085976,1.6811607,1.5246502,1.3273664,7.659992,5.654607,6.696291,0.3362772,0.49147567,0.13276133,0.35316768,0.1109771,0.5342267,0.5911447,0.81089294,0.78005046,21.752455,21.50977,21.46415,21.250376,6.7595363,21.754091,2527.728,15.11216,550.34814,0.99992824,155.91545,6.643922,0.24355242,20.890263,3433.1267,284.26025,0.48279288,0.42976838,12.191135,2.5065143,0.48449242,21.344185,3140.4185,176.89458,166.2086,0.9843274,570.3389,1.3091576,0.49866116,21.001389,2810.1638,6.0919814,4.8860106,0.30460677,11.110299,0.9816444
45,1.6330404,1.4550705,0.59512043,0.30138588,0.03796196,0.07280922,0.0932045,0.094976425,25.218845,28.996983,8.958739,0.7032532,0.024096385,0.019354839,0.1369863,0.25490198,0.0,0.0,0.0,0.33763194,0.091852576,0.095527105,0.17287847,0.12873937,2.1816518,1.8792777,1.5891829,2.024021,3.245989e+07,1.4561286e+07,1.4565814e+07,115321.52,0.0003430235,8.037902e-05,-1.2120467e-05,-9.198406e-07,42.73085,124.84274,8.526883,3.6750858,1.093065,0.9428069,0.79906267,1.0337764,6310.004,5081.211,2029.9648,790.41016,21.763958,21.714453,21.414503,21.4951,0.018618882,0.009929732,0.006618979,0.0041305902,21.71404,21.707302,21.436893,21.504889,0.018983841,0.03516388,0.03969288,0.05243492,0.92771083,0.92258066,0.6232877,0.3627451,2.5581017,0.056315232,0.66226524,0.97590363,2.5455341,0.06868228,0.0,0.9935484,0.24041176,0.15574399,0.08240768,0.21232876,0.13185501,0.053378697,0.064561635,0.48039216,3.0146675,2.5362606,0.7033138,0.40279388,0.0078919325,0.009942555,0.013946839,0.012824137,13.853012,4.918273,5.0630574,1.0532957,1.9511434,1.3886942,1.5101055,0.8201715,6.4412026,10.549852,-1.2812531,0.7289347,0.40522057,0.21561871,0.14174214,0.08878745,0.5489959,0.6816827,0.71853626,0.7860992,21.70101,21.675323,21.414385,21.488808,1.3731253,21.345192,2781.3804,119.6234,163.17009,0.5065368,27.799194,3.4726098,1.3520037,21.434423,2739.185,185.84164,177.40082,0.70233524,85.99016,0.6443641,0.735814,21.226208,2226.9,48.77366,149.27225,0.49697915,515.0479,0.75596863,0.17855708,21.415092,2820.3672,5.729451,4.5879526,0.103315316,0.78572965,0.53721327
46,0.29760742,0.752614,2.226305,0.41134357,0.05441284,0.055768967,0.14163017,0.15657234,10.595912,19.94272,16.252623,1.4592005,0.077922076,0.09677419,0.10489511,0.24468085,0.0,0.0,0.0,0.37506115,0.2206245,0.14054976,0.1419907,0.13670106,0.51071817,1.6362652,1.7603247,1.6761843,6.0909765e+06,5.9218155e+06,1.2139037e+07,165693.45,1.9770092e-05,3.0678817e-05,0.00014428921,7.142932e-07,12.52347,21.773697,61.37551,7.0939875,0.38559702,0.83972365,0.88696957,0.84523255,241.73438,1539.3021,7390.8438,2228.3516,22.215261,21.776089,21.794117,21.69156,0.004676571,0.0064552776,0.016909396,0.005787764,22.193428,21.750715,21.718178,21.683542,0.027679443,0.028450012,0.052362442,0.07841873,0.5064935,0.83225805,0.7832168,0.23404256,0.43120193,0.037215687,0.07182812,0.9480519,0.44807625,0.060020126,0.21821634,0.92903227,3.581911,0.21544586,0.0,0.993007,0.18795013,0.054840032,0.11262653,0.5744681,0.4993782,1.0737801,3.632801,0.6579876,0.014880436,0.02106617,0.032453995,0.015684148,5.8610315,11.690873,6.8742857,1.0400786,1.4057175,1.5658273,1.6677551,0.8859705,3.423644,3.5828314,6.4600835,1.804937,0.103891246,0.1405707,0.36852536,0.12554564,0.58614904,0.53046304,0.6806225,0.86215335,22.19819,21.779886,21.745106,21.669939,0.7261344,22.190125,3028.2292,7.332047,42.161194,0.98949426,304.61755,0.78062916,0.95766723,21.10166,2777.3096,64.57223,167.49557,0.01781161,271.6965,1.8171335,1.6012105,21.34941,3048.8176,171.46854,798.1768,0.053049814,161.61877,0.6960437,0.39340743,21.511223,2814.0073,4.4056497,7.7890177,0.15573375,3.3040934,0.4973504
47,0.27390766,1.8882713,0.5796566,1.8170347,0.11496925,0.14094162,0.22899818,0.20395279,1.2967805,23.458282,1.3720921,12.986274,0.2948718,0.019607844,0.3006993,0.030303031,0.0,0.0,0.0,0.0,0.29229257,0.15651035,0.321242,0.18007007,0.5177105,1.8159912,0.8980693,1.6149979,1.3723343e+07,3.5720218e+06,6.0970475e+06,119559.15,2.4622845e-05,0.00019323682,3.721246e-05,0.0002759969,1.286736,118.3281,2.0274618,71.28646,0.3765298,0.90807575,0.44939497,0.808858,736.66406,4739.9844,1449.6211,6347.2227,21.67718,21.090874,20.923946,20.919786,0.005046491,0.014215469,0.0077661476,0.016999276,21.692307,21.0539,20.907059,20.883259,0.055856705,0.06268501,0.11268234,0.10171318,0.20512821,0.9346405,0.30769232,0.7979798,0.19999123,0.08725572,0.060114376,0.24358974,3.4824276,0.10342625,0.0,0.99346405,0.25477982,0.118382685,0.07570405,0.57342654,3.2682533,0.1369821,0.0,0.989899,0.369524,3.4966412,0.6156025,3.2717686,0.01620344,0.015650136,0.02246089,0.019832326,35.729935,24.963114,27.459606,11.643294,4.3243337,3.8924637,4.206142,2.6820133,-0.97953665,10.22847,-0.6329929,7.7872815,0.10939369,0.29981667,0.16249846,0.35562125,0.7402972,0.7820849,0.8047948,0.78449047,21.671349,21.070595,20.958138,20.894253,0.48572636,21.368841,2885.3635,104.35359,75.77828,0.53926486,39.46911,10.115065,2.5228047,20.97051,2740.964,146.60515,204.76106,0.9546526,82.91687,10.775411,0.9253174,20.801172,2398.2869,80.53411,57.14684,0.44897294,368.94174,8.495077,1.8616091,20.128973,2816.1184,5.6200666,13.135819,0.5571937,7.5864434,2.4869316
48,0.4232111,0.7191725,1.2341938,0.6324024,0.2570858,0.37851143,0.43032074,0.35995102,0.4501458,4.020599,2.284413,0.67512953,0.3164557,0.24074075,0.25,0.31868133,0.0,0.0,0.0,0.0,0.3371417,0.3733641,0.34416255,0.33034968,0.73699576,0.52209,1.029024,0.9824437,1.8224742e+07,2.5274065e+06,8.801273e+06,100281.07,4.4993474e-05,0.00010129213,-1.1272413e-06,4.9901555e-05,-0.064258575,1.4969053,3.0988946,0.10976243,0.41303197,0.2658777,0.53531545,0.51296055,779.39844,1983.4766,3376.7812,3215.5547,23.316359,22.50512,22.310984,22.120241,0.007512982,0.012567199,0.014929852,0.011416967,23.300909,22.420597,22.400818,22.11793,0.13064957,0.1753416,0.18828392,0.1739521,0.17721519,0.22839506,0.39473686,0.10989011,0.283535,0.09516092,0.1152252,0.56962025,0.48618126,0.114103585,0.22765233,0.654321,0.5571785,0.2467054,0.17493391,0.34210527,0.4200096,0.11068054,0.16349195,0.50549453,0.45106888,1.1141605,1.6330242,0.8231983,0.025551662,0.04059414,0.041616827,0.03556012,4.8622923,15.637745,8.874354,3.1988523,1.797352,2.8918924,2.3435707,1.5511682,0.35028854,1.1995584,-0.9078066,0.5016019,0.17517538,0.2828263,0.3330997,0.25254607,0.80981505,0.74924046,0.8265326,0.83618265,23.300362,22.458872,22.324673,22.05332,0.5673339,22.781216,3040.5178,154.3761,113.23756,0.93305165,53.067425,2.332035,1.1719007,22.413673,2911.2598,4.8700314,222.64336,0.45066932,177.9013,4.4532595,0.94486177,22.010685,3146.396,179.14445,32.153145,0.041631196,11.1237545,4.5407553,0.7822852,21.749298,2810.0796,6.3472896,2.5841131,0.24327037,10.042381,0.6751441
49,1.4820557,1.708684,1.8378553,0.7879915,0.13505745,0.23747635,0.70205307,0.43906403,21.253302,30.50406,4.851424,0.49255514,0.05,0.07333333,0.1971831,0.3030303,0.0,0.0,0.0,0.0,0.21296857,0.21580376,0.360409,0.376933,0.43067876,0.38742536,0.20170376,0.48548633,115599.07,1.53465e+06,1.0322404e+06,27738.607,0.00055254187,0.0009212727,0.00066944014,0.00017813752,16.753613,10.527594,1.9239097,-0.20619893,0.33577484,0.229123,0.1449848,0.30631652,207.97917,4178.625,1549.6992,1565.7812,22.196383,21.6489,21.730698,21.634521,0.023668338,0.030516988,0.026853068,0.01446561,22.081577,21.444431,21.654945,21.66157,0.071315765,0.105342865,0.33236885,0.22993279,0.9375,0.70666665,0.3309859,0.21212122,2.3554382,0.07214121,0.3318893,0.95,2.5088577,0.16754062,0.51477915,0.93333334,1.0440025,0.27527952,0.49867833,0.7253521,0.5163574,0.14930826,0.19823968,0.44444445,2.804781,3.1159153,2.3916454,0.83563805,0.053962883,0.115525246,0.08860443,0.04480659,12.459463,37.154427,36.136185,11.385194,2.79714,4.317582,4.9258947,3.016858,4.1930075,3.3691595,1.1534132,0.21532975,0.52535146,0.6606592,0.5835359,0.31295654,0.7718742,0.72763675,0.8425315,0.8593414,22.066628,21.46775,21.590061,21.515474,2.142666,22.05944,3017.4116,2.2544787,110.90823,0.052265495,30.247822,3.4887235,2.8043952,21.457134,2939.961,10.865266,172.37361,0.07815443,169.24916,10.6430025,2.176124,21.567524,3023.2898,30.582636,161.54694,0.33844656,149.48254,12.233638,1.0071939,21.225996,2804.498,7.987801,2.2549536,0.28307,14.949585,1.8349813
50,0.21058464,0.2889719,2.2885199,1.1483908,0.041147232,0.06453133,0.115385056,0.12771034,12.100545,6.2062516,22.50574,11.840465,0.06097561,0.1595092,0.046357617,0.05940594,0.0,0.0,0.0,0.0010876859,0.23342915,0.20642625,0.110306956,0.12623726,0.31214932,1.3796855,1.9031435,1.8528615,5.912314e+06,7.7129525e+06,1.6254184e+07,130229.03,1.4454352e-05,1.1593254e-06,0.00016795385,8.35436e-05,9.201047,4.143409,68.38313,62.239136,0.25114265,0.7091779,0.9547712,0.9345138,360.5,1021.0625,7806.5703,4132.6875,21.977617,21.584822,21.52746,21.487593,0.0039812964,0.0037268647,0.017666357,0.010318031,21.99764,21.587708,21.52655,21.456615,0.020123482,0.032669067,0.058717728,0.063402176,0.5,0.46625766,0.794702,0.83168316,0.34249687,0.013662627,0.03005488,0.06097561,0.16870308,0.06157027,0.060562514,0.11042945,2.8525314,0.16021901,1.3557528,0.98675495,1.9816761,0.101869196,0.0,0.990099,0.35902786,0.3374939,3.7743187,1.9930344,0.01727012,0.01291224,0.023747683,0.016036345,17.760525,10.228823,13.118866,1.4898844,1.9018295,1.6613295,2.3522432,0.98406583,-3.0717192,0.21859662,7.2811027,7.076119,0.08749941,0.08044371,0.3803118,0.22170964,0.553719,0.62498534,0.71780425,0.80439717,21.96599,21.54585,21.467138,21.45958,0.274535,21.650526,2922.439,173.69229,37.056366,0.5981455,24.058445,0.71212846,0.3277277,21.359741,2835.927,126.82312,101.25551,0.54401124,15.545231,0.6724657,2.101919,21.087805,2702.6772,301.14816,176.2394,0.45138028,42.134346,1.7584753,1.0074891,21.01125,2818.5657,8.0808935,12.044018,0.50098395,6.822078,0.6145955
51,0.27703953,0.6856756,1.3555965,0.44914532,0.051540375,0.08016968,0.116415024,0.10184479,8.573379,10.451279,13.431973,2.1806,0.08974359,0.1402439,0.088435374,0.1980198,0.0,0.0,0.0,0.8300138,0.20366517,0.11251582,0.14053322,0.08342617,0.522471,1.8469347,1.6987771,2.2689936,8.527781e+06,8.921859e+06,1.6135398e+07,135373.77,1.39037975e-05,1.554184e-05,6.489604e-05,-6.087843e-06,9.601418,23.020172,55.35265,3.7393737,0.33218488,0.9392624,0.8505839,1.1350251,332.14453,1872.3516,4248.414,1301.375,22.022194,22.090681,21.684774,21.839556,0.003921186,0.0056900396,0.010423839,0.00545884,22.036491,22.10607,21.6994,21.839659,0.025465012,0.04138851,0.05016136,0.05038643,0.5641026,0.7256098,0.75510204,0.45544556,0.34539223,0.036947973,0.04009777,0.051282052,0.34552574,0.21365274,0.070259124,0.07317073,2.153864,0.14024799,0.0,0.99319726,0.16844177,0.082654014,0.098270886,0.65346533,0.3784256,0.9948387,2.1245823,0.475811,0.0124336695,0.018134682,0.016276726,0.018473886,17.380709,8.9864,5.500232,0.86491686,1.974882,1.480513,1.5580115,0.6943479,-2.780544,-3.1569848,5.5675497,0.31655055,0.08635312,0.12569685,0.22603859,0.11921864,0.53335243,0.6323527,0.7210529,0.749374,22.010096,22.033709,21.664669,21.825548,0.37344623,21.688244,2915.6746,138.4924,14.955654,0.89910984,46.975315,1.1820107,1.2728497,21.13364,3036.9204,253.40283,54.68003,0.99977803,140.19719,0.66065633,0.8867473,21.267096,2835.7234,160.8645,198.22635,0.4879533,115.00726,0.87613374,0.52503806,21.452417,2808.2866,4.800395,11.823566,0.2815641,16.453064,0.43497512
52,0.20288181,0.8384657,2.0363846,0.41255188,0.060474396,0.05906105,0.121515274,0.12153435,5.5477786,15.914089,22.05189,1.3858451,0.10843374,0.12025317,0.049295776,0.21,0.0,0.0,0.0,0.1965352,0.22845082,0.09391054,0.11019171,0.10296945,0.6442028,1.8589815,1.8447684,2.259322,1.3145647e+07,1.3384537e+07,1.3995627e+07,130967.73,6.9805787e-06,-3.3710832e-05,0.00016682642,6.2070517e-06,8.283744,47.213757,76.055305,3.09273,0.38261035,0.9373195,0.9234191,1.1370534,313.91406,2683.621,6766.168,882.4492,22.081144,21.753298,21.5535,21.603909,0.0029368554,0.0063105645,0.015269934,0.005232414,22.0889,21.750969,21.563007,21.592722,0.028625488,0.029530525,0.046494484,0.064136505,0.38554215,0.835443,0.9084507,0.32,0.2521782,0.03782625,0.03552419,0.04819277,1.2735157,0.09292343,0.0,0.9936709,3.3573227,0.1707321,0.0,0.9929578,0.16547394,0.07129977,0.08322354,0.53,0.28204536,1.2677822,3.324171,0.43825722,0.007898233,0.012889857,0.017221415,0.015115533,7.404503,7.1069856,4.164347,1.1191463,1.4780099,1.4756296,1.4890016,0.8667461,-2.4180908,5.1037183,7.4241276,0.121515445,0.06484913,0.13727559,0.32912052,0.113040596,0.57030195,0.6317632,0.7665584,0.81626576,22.075354,21.716331,21.536654,21.587427,0.53133327,21.806435,2928.267,117.60429,18.505997,0.9970275,119.25423,0.8282453,0.7962948,21.360146,2811.7083,65.07656,172.36597,0.1458369,17.952244,1.1994977,1.4130204,20.844574,2803.4294,93.57356,196.62076,0.36631292,150.57646,0.58129245,0.38540438,21.58467,2800.944,19.249256,3.6543543,0.83218646,6.815628,0.5886865
53,0.2137804,1.5384932,1.5038872,1.4788418,0.02950859,0.04059601,0.06654358,0.076732635,14.093758,34.015846,23.456783,23.6007,0.07594936,0.06410257,0.06849315,0.010309278,0.0,0.0,0.0,0.004376474,0.21257003,0.12088401,0.14464416,0.099286325,0.3594513,1.9067497,1.8136038,2.046693,3.408837e+06,1.4749479e+07,1.4714625e+07,91290.09,1.1961331e-05,0.000108449334,0.00017649922,0.00017480316,13.334104,112.69956,35.54725,89.27733,0.30399412,0.95742404,0.9078658,1.0256613,166.13672,5697.035,5049.0273,5701.7266,21.39194,21.418997,21.260687,21.007137,0.0035399003,0.011092405,0.014624922,0.01381544,21.378641,21.384872,21.203417,20.982761,0.0152339935,0.019565582,0.03233719,0.037322998,0.6835443,0.90384614,0.75342464,0.96907216,0.32796478,0.022240521,0.027154831,0.9493671,2.7394085,0.091637716,0.0,0.99358976,1.9409618,0.13248235,0.47783822,0.9794521,2.8014927,0.057907704,0.0,0.9896907,0.3590088,2.755972,2.4895802,2.7969875,0.010699853,0.015196535,0.018464927,0.008851279,15.194333,12.185149,8.677386,1.4190564,1.840468,1.6250196,1.7506437,0.9364981,3.6377268,9.904723,5.3184953,9.262584,0.07572533,0.23758818,0.31093588,0.29022285,0.49462748,0.561231,0.6357838,0.78551924,21.386068,21.415028,21.220213,20.975502,0.5031664,21.335165,2905.4304,33.15428,196.46889,0.40438667,189.08598,0.9776523,1.3945832,20.79852,2872.9412,117.56024,161.64374,0.19916467,150.05492,0.9353003,1.5074332,20.642918,2905.4917,100.49374,216.67984,0.2336106,89.63914,2.1315355,0.26715803,20.846304,2818.13,14.577673,7.140271,0.22739,7.3186603,0.7555307
54,1.3150387,1.9712591,0.61604977,0.11995125,0.028730392,0.04378128,0.07237244,0.0509243,24.201384,46.103966,13.040881,0.6818401,0.0125,0.01863354,0.0979021,0.27450982,0.0,0.0,0.0,2.188482e-06,0.110013455,0.087735474,0.1756589,0.23616862,1.9485359,2.0442917,1.8379214,1.4640057,4.494934e+07,6.933178e+06,1.4856745e+07,97994.305,0.00016878254,0.00026726417,7.436646e-06,8.45374e-07,76.02408,80.69537,22.606693,0.6833091,0.9768581,1.0224655,0.920631,0.73230535,5009.7383,5375.4883,1676.0859,350.6797,21.223186,20.90003,20.558523,20.554207,0.013030792,0.01657241,0.005973133,0.0021337478,21.202076,20.864416,20.558264,20.556799,0.014868736,0.020824432,0.030439377,0.023996353,0.9375,0.9689441,0.7202797,0.32352942,2.443344,0.043385535,0.0,0.9875,3.0337486,0.05965464,0.6737737,0.9875776,0.5259876,0.06591705,0.22971036,0.96503496,0.072229385,0.028757747,0.027991198,0.3137255,2.4339142,3.5081062,0.891016,0.1350174,0.0064933463,0.0069894195,0.010070464,0.0071084853,16.172764,9.011233,9.1372,1.7832515,2.0908306,1.8606756,2.0759735,0.9995294,8.601373,8.79592,3.606615,-0.27593267,0.2765549,0.34636387,0.122798786,0.043857493,0.5496337,0.64593345,0.7083756,0.74413407,21.190432,20.854776,20.548042,20.557684,1.1715373,20.937737,2754.8354,172.28763,150.01768,0.5815716,49.58178,3.0487704,1.2787173,20.758087,2683.0632,289.12326,74.775215,0.5088926,46.124134,2.0213883,0.7649803,20.192736,2814.4067,57.784054,240.16006,0.22850281,19.966719,1.5126787,0.1338258,20.490501,2811.552,6.688201,3.8077023,0.16465855,9.029034,0.66949326
55,0.17572498,1.3664818,0.46346092,1.4681063,0.038619995,0.04281044,0.08403015,0.08219528,12.143436,35.527027,7.0531874,23.918282,0.0625,0.01898734,0.21621622,0.02,0.0,0.0,0.0,0.0,0.2510373,0.099955946,0.21870713,0.10071171,0.27701613,1.888786,1.3751224,2.0103521,3.817445e+06,2.583652e+06,1.1070996e+07,144680.8,1.1209174e-05,0.000100808415,-4.403899e-06,0.0002102291,9.14123,127.2736,5.400479,64.896904,0.24684848,0.94762975,0.6976376,1.0061845,136.72266,2551.7285,1393.9688,5785.867,21.427608,20.839746,20.7467,20.789536,0.0034341337,0.010240791,0.0060716732,0.015114194,21.444012,20.821072,20.761547,20.747858,0.019405365,0.023620605,0.036834717,0.04110527,0.45,0.93037975,0.5878378,0.95,0.28621864,0.0124245975,0.024145383,0.0625,2.5434418,0.06805907,0.0,0.9936709,0.22177696,0.054100387,0.09465831,0.20945945,2.0484219,0.061651092,1.0870231,0.98,0.30252075,2.5460205,0.6297989,2.817772,0.014393697,0.009118068,0.01589302,0.011218206,28.299273,18.83082,20.57074,4.113198,2.4888308,2.245747,2.8611376,1.2412186,-3.087601,10.759885,1.0237288,7.727596,0.07358527,0.2134155,0.12596719,0.31421706,0.5518942,0.5749335,0.71194947,0.6095481,21.41999,20.799637,20.725685,20.744852,0.18533462,21.159327,2843.1978,109.79943,68.84919,0.50223047,5.042222,0.9362185,1.3110964,20.555279,2759.492,142.77237,142.35863,0.6817473,63.47152,2.2815473,0.5046596,20.546228,2753.7085,123.294365,16.993935,0.23729791,66.22803,0.83448815,0.95291483,20.279945,2810.971,15.909604,14.047438,0.077019736,7.378794,1.8989346
56,1.2073936,1.8552551,1.0604506,0.8928251,0.049451828,0.05849266,0.08815193,0.08420181,19.227499,37.54292,12.418901,11.942565,0.072289154,0.01875,0.10135135,0.04901961,0.0,0.0,0.0,0.013884567,0.1071179,0.07116251,0.12068635,0.087784804,1.8294277,1.9583399,1.685101,2.1268406,3.754134e+07,1.0403075e+07,1.3884498e+07,106570.25,0.00012274583,0.00017239833,2.359257e-05,4.7039062e-05,67.16807,109.10377,23.044107,64.64904,0.9242287,0.9814137,0.8450542,1.0796679,4109.4414,6980.879,2773.25,3128.8008,21.828102,21.672184,21.272356,21.293554,0.011166996,0.0136989355,0.008120804,0.007848514,21.814413,21.650026,21.281612,21.284065,0.025587082,0.028632164,0.0392704,0.042874336,0.92771083,0.9375,0.7432432,0.7745098,2.1096325,0.076594114,0.0,0.9879518,3.4016018,0.12618732,0.0,0.99375,0.8110275,0.12227319,0.38767132,0.9797297,1.5112438,0.0747974,0.0,0.99019605,2.0979042,3.4025002,1.2299728,1.5059147,0.014997681,0.012472459,0.015432579,0.0111874025,17.782393,10.052256,5.055094,1.3346126,2.2059543,1.541667,1.5675871,0.86328775,7.697705,9.888659,1.9098121,7.18696,0.24375434,0.29688585,0.17274864,0.16712277,0.5625636,0.57910806,0.75084794,0.7453516,21.797766,21.614601,21.256174,21.27757,1.2956905,21.189995,2827.311,78.11457,152.56828,0.2237018,54.90394,1.9561694,1.2181941,21.410908,2753.6836,191.6531,75.25046,0.42445752,29.101479,1.4134703,1.1070219,21.036196,2516.9905,172.5094,181.59001,0.31056675,127.45339,0.79408264,0.86384827,20.853336,2819.7175,17.573763,29.57919,0.9959024,32.235836,0.69817907
57,2.079998,1.5681868,1.9973402,0.510643,0.052574158,0.056991577,0.089481354,0.10310364,21.816023,31.44418,18.037107,4.689946,0.025,0.044871796,0.04895105,0.1,0.0,0.0,0.0,0.0039693126,0.113372445,0.103543274,0.114055425,0.18628787,1.9337698,1.969539,1.7236396,1.8676142,3.3865496e+07,1.5187446e+07,1.8391314e+07,153611.95,0.0004449962,0.00016850147,0.00018881893,1.6802094e-05,56.596844,61.667236,83.629456,36.123108,0.97638667,0.98850477,0.86440253,0.93417,7712.2383,5835.426,6939.0,1755.7578,21.636219,21.541473,21.241447,21.272873,0.021264037,0.01389232,0.015257487,0.005411332,21.59309,21.504663,21.252377,21.258484,0.025847435,0.028465271,0.0411129,0.047696114,0.9125,0.8782051,0.7622378,0.5222222,3.7722893,0.1849956,0.0,0.9875,2.3968067,0.11763684,0.64963603,0.98717946,3.3987255,0.15629676,0.0,0.993007,0.87802887,0.068838134,0.0,0.98888886,3.7682667,2.8622494,3.364027,0.8826618,0.018512325,0.019126825,0.02267409,0.010578286,49.493748,18.985605,17.743856,1.4431564,3.3951328,2.1537726,2.656746,0.91551876,7.164492,7.284853,7.9526076,4.8814816,0.46007335,0.29926103,0.3240911,0.11511458,0.5541548,0.6352721,0.74396676,0.75788885,21.558905,21.450214,21.188677,21.258522,1.3739004,20.894764,2793.6846,169.36575,154.50789,0.18557747,87.9961,6.557864,1.243762,21.151508,2753.2874,201.9625,191.9459,0.75598776,101.154015,1.7451488,1.7236123,20.936089,2758.3252,238.76294,93.61289,0.39375454,4.457453,1.4389881,0.45458642,21.142954,2813.2656,1.852762,7.1448746,0.5020259,3.2238572,0.65496147
58,0.29793644,0.68971825,1.7433081,0.4467888,0.08121109,0.095365524,0.2024517,0.116695404,7.194931,9.973009,11.534216,1.4355327,0.103896104,0.11377245,0.15789473,0.22330096,0.0,0.0,0.0,0.007131901,0.22771911,0.1396391,0.20713745,0.16422896,0.55486166,1.6910877,1.3055305,2.148515,1.0550022e+07,1.0024431e+07,1.2346692e+07,112388.03,2.1393056e-05,1.8527828e-05,0.00012581846,3.2714622e-06,8.943457,17.596552,40.609406,11.865125,0.4148228,0.86795974,0.6575176,1.0745747,439.4922,2328.5977,5418.7188,1355.8242,22.593447,22.092768,21.72212,21.626474,0.0049962224,0.0061717,0.014225493,0.0049321586,22.610193,22.106152,21.776184,21.617819,0.041057587,0.044919968,0.06943035,0.057691574,0.37662336,0.6826347,0.7236842,0.407767,0.4509678,0.023117872,0.052120414,0.051948052,0.27649117,0.10350835,0.10452661,0.11377245,2.757822,0.21389751,0.0,0.9934211,0.15764809,0.05580404,0.1032312,0.65048546,0.4689026,0.9780388,2.6856155,0.6518688,0.017670704,0.018279998,0.02662076,0.013910845,12.773354,14.352473,16.774158,1.3756143,1.737607,1.7652625,2.6636882,0.8487305,-2.796632,1.6350793,4.236716,2.1006286,0.112881884,0.13634993,0.30900788,0.1066652,0.54765457,0.6525727,0.76341045,0.7183589,22.569307,22.012236,21.681034,21.614046,0.32513085,22.13467,2866.8765,107.22261,93.555176,0.4113456,7.126916,0.730153,0.7105388,21.730307,2830.813,83.541306,54.99799,0.20846987,15.935534,0.6152823,1.519239,20.982418,2764.6428,132.13461,200.35995,0.10127585,53.563507,0.97494864,0.40084887,21.42082,2821.2568,7.147219,6.0449677,0.056793056,0.362574,0.65835536
59,0.51387596,0.74907017,1.395503,0.7405338,0.19399643,0.21390343,0.34168243,0.28941154,2.6079516,2.0204563,4.547914,1.3699383,0.175,0.22875817,0.17037037,0.21359223,0.0,0.0,0.0,0.38594815,0.20501456,0.105257794,0.25859094,0.16404387,1.0317363,1.5287209,0.90440005,1.9232652,2.290843e+07,9.619954e+06,8.342653e+06,108640.086,3.840988e-05,-0.000127131,1.6896676e-05,-6.448684e-06,3.2519808,2.769381,13.841916,1.5660198,0.61106163,0.77710706,0.4574556,0.97223777,1039.2969,2551.082,4373.875,2501.7578,23.721628,23.13323,22.817974,22.539494,0.008011297,0.008887002,0.01451088,0.011811305,23.745342,23.132898,22.899523,22.50634,0.098882675,0.106658936,0.1529789,0.14467621,0.2875,0.4117647,0.45185184,0.2524272,0.5885792,0.09716905,0.12689078,0.0625,0.29252815,0.15324908,0.13879108,0.44444445,0.5455322,0.3700415,0.14433038,0.26666668,0.42840576,0.1461012,0.2200099,0.6699029,0.6657772,0.8612766,2.2617798,0.9326992,0.030757632,0.028057268,0.03493761,0.040101852,4.777145,3.8804939,3.354252,1.034461,1.306153,1.1889379,1.3331113,0.84969175,-1.3025365,-0.22887175,-2.6489522,0.87136483,0.190041,0.20558506,0.3311089,0.26622084,0.6508078,0.6974263,0.7857776,0.8270689,23.643398,23.010101,22.810581,22.488855,0.65763813,23.125074,2877.2092,162.47632,56.75699,0.7614633,36.225536,0.5727654,1.2007473,22.717382,2805.1807,199.35083,25.290655,0.64727813,32.231663,0.48786384,3.5882032,21.503325,1144.7439,11.056814,546.4301,0.19583587,1291.9236,0.6524635,0.8785152,21.856518,2805.7346,9.117633,8.416816,0.008792437,15.551503,0.4342256
60,0.13235378,0.18867588,0.5856981,0.38217545,0.041675568,0.04652214,0.09155846,0.06232643,3.213378,4.0203,7.5738945,7.1783886,0.16883117,0.18902439,0.19594595,0.0952381,2.553513e-15,0.0,0.0,9.096162e-07,0.15735143,0.17779998,0.14115475,0.11475345,1.0485077,1.3027027,1.7027646,1.9212623,2.3409844e+07,8.2995425e+06,1.6639004e+07,123167.27,2.7187384e-06,1.3103279e-06,-4.8116462e-06,1.0587825e-05,4.061014,4.2838106,17.94486,38.85387,0.60133874,0.6765543,0.85410327,0.96191865,275.5,476.4297,2399.0195,1338.5742,22.173618,21.006824,20.819761,20.751505,0.0021401444,0.0022160744,0.0057965214,0.0039804713,22.17601,21.007542,20.830975,20.74757,0.021400452,0.023447037,0.03677082,0.030872345,0.27272728,0.40853658,0.6621622,0.60952383,0.14110184,0.037685268,0.027746806,0.077922076,0.06584549,0.038757388,0.030574318,0.37804878,0.70290375,0.08802312,0.20656946,0.9864865,0.6643734,0.05142557,0.0,0.9904762,0.18042755,0.20632935,0.8282585,0.6619816,0.008259669,0.007132739,0.013914021,0.0074581928,2.8394096,8.223022,10.025179,1.8062918,1.0932468,1.6653038,2.1154394,0.95841026,-1.6943841,-0.28076717,2.4947999,5.1106324,0.047454745,0.046552688,0.120682195,0.08260077,0.6566787,0.62097895,0.6990441,0.7123808,22.169277,20.994108,20.818186,20.742847,0.1843641,21.94769,3025.571,155.32588,121.42055,0.954496,39.621708,0.5980951,0.3219553,20.890772,2699.2498,211.01866,51.065445,0.054621667,97.735146,0.99932724,0.52551746,20.694702,2747.881,182.76976,46.44061,0.4841701,71.227264,1.172123,0.17993075,20.666277,2813.2805,6.947936,7.414101,0.044670265,4.2471795,0.9177232
61,0.4719267,0.8794899,0.91868114,0.24891949,0.031520844,0.068201065,0.08785248,0.12174606,22.105822,24.263176,12.167053,0.36868548,0.074074075,0.08125,0.2260274,0.33333334,0.0,0.0,0.0,0.21637356,0.23498383,0.12710692,0.24384163,0.08715103,0.2873749,1.4382592,1.3485279,1.9364756,2.3486432e+06,8.850942e+06,9.768467e+06,130135.72,8.5952735e-05,6.0691094e-05,2.430993e-05,1.954543e-07,11.178086,29.406334,4.4513783,-0.07441044,0.23391195,0.7439249,0.68764406,1.0002301,638.1992,3259.8281,2493.0625,822.40234,21.781519,21.727182,21.54571,21.513489,0.009330117,0.008732059,0.010040997,0.004238759,21.731426,21.684025,21.497269,21.502752,0.01599884,0.034021378,0.043492317,0.06094551,0.86419755,0.81875,0.69863015,0.23958333,0.8245182,0.03840145,0.031964052,0.9382716,0.6970463,0.06767389,0.33714285,0.94375,0.4375248,0.12530123,0.13581279,0.80136985,0.1514492,0.05140544,0.054015465,0.59375,0.8739643,1.5834045,0.9723034,0.27970695,0.03876087,0.029341856,0.027533991,0.013217831,26.461512,17.878109,9.721138,1.110709,2.1453362,1.827981,1.8897647,0.875473,3.5367434,4.6665664,0.30920395,0.23284481,0.20322412,0.18972303,0.2163404,0.091190495,0.43835872,0.49117288,0.6524051,0.83025193,21.740314,21.712927,21.517954,21.508595,0.9593999,21.728182,3001.1494,5.443541,83.84108,0.44993746,101.66217,1.3959317,0.8487285,21.56769,2901.1318,40.45181,176.57977,0.10608879,116.91784,0.93095,1.2641484,20.21774,3526.4033,298.822,155.28326,0.9974055,66.54992,0.58349556,0.25629613,21.357393,2810.2122,7.332186,5.3753653,0.2610742,12.965418,0.5741593
62,0.81535053,0.7348137,1.2210693,0.79330254,0.1535263,0.20794296,0.29772568,0.29474068,4.5006366,1.2875521,3.5307503,0.8144689,0.1097561,0.22580644,0.18705036,0.23,0.0,0.0,0.0,0.7079024,0.20573044,0.23426825,0.20837486,0.11300292,1.0253679,1.320146,0.96845126,1.8140718,1.515623e+07,7.4880255e+06,7.9881195e+06,121577.914,5.948658e-05,2.1549613e-05,-2.7115972e-05,-9.3117975e-05,33.85012,4.5152326,4.984001,1.9638252,0.8366735,0.67488956,0.49020025,0.9095342,2013.3463,3009.7969,3467.1914,3249.3672,22.756624,22.604206,22.623741,22.757622,0.008120262,0.0074366005,0.01328844,0.011661205,22.745304,22.591532,22.663172,22.750664,0.0796957,0.10078049,0.14763641,0.14417076,0.5121951,0.3935484,0.39568347,0.25,1.3550873,0.109090716,0.0,0.9878049,0.25909233,0.1085734,0.1219145,0.6451613,0.54896355,0.2977749,0.16792804,0.2086331,0.39837646,0.14868835,0.2071894,0.56,1.3498821,0.841568,1.5229931,0.9693947,0.015940005,0.020768259,0.039627407,0.037229016,6.211769,3.9439847,2.812739,0.9177974,2.057708,1.517913,1.3823456,0.7937249,4.680781,0.4486609,-1.381318,0.7591056,0.18478976,0.16809845,0.30063424,0.2653813,0.7971039,0.772637,0.8150401,0.8064258,22.707804,22.618805,22.679113,22.652105,0.90392363,22.39818,2893.5781,105.44536,131.17352,0.009088266,76.33018,3.17114,1.821459,22.268852,3367.6816,249.54462,135.95175,0.99999994,730.4121,1.5521457,1.7357574,22.2352,2868.7773,44.853214,92.89342,0.031054402,41.23136,1.3124276,0.27951354,22.564125,2828.8406,8.434548,8.282767,0.21750286,12.061121,0.48528975
63,1.0785418,1.9356356,1.802825,1.1517076,0.47665405,0.28405762,0.32616615,0.43514824,1.103577,15.065802,6.8506975,0.8612506,0.28947368,0.08552632,0.17741935,0.30526316,0.6301578,1.7932595e-06,0.018149285,0.052706167,0.16221797,0.17929782,0.23335488,0.10679588,1.8644005,0.57629836,0.5005237,1.9365472,6.1337828e+07,2.096937e+06,4.563773e+06,118392.32,-2.9561057e-05,0.00021638522,0.00016502663,-0.0002901269,1.3056533,15.880209,4.024585,0.6132407,0.9367066,0.41677064,0.27530846,0.97183394,3387.8438,1575.2031,2683.7266,2508.7305,24.895521,23.484343,23.216509,23.269926,0.01503971,0.020605048,0.02313341,0.017310001,24.892443,23.427338,23.173382,23.237108,0.21151829,0.14102364,0.16301346,0.21757507,0.25,0.6513158,0.5483871,0.2736842,0.56863976,0.18177745,0.29168764,0.5,2.310814,0.24561717,0.42678693,0.96710527,1.4760971,0.3492177,0.43042478,0.91935486,0.6859741,0.23950198,0.2700853,0.69473684,1.2310562,2.637333,1.9547977,1.2128601,0.048864022,0.035722926,0.0842688,0.054902688,0.9381236,1.6262407,1.2849604,1.2470572,0.8768216,0.98288804,0.9475274,0.8053666,0.7582038,3.3171523,0.9862353,0.4086248,0.37442142,0.48389602,0.537077,0.40280244,0.8550556,0.7565321,0.83233535,0.7032142,24.710785,23.385849,23.137634,23.021563,1.400373,23.513025,3221.2815,159.01115,171.08015,0.92158973,35.112377,0.47686327,2.9943886,22.93296,2963.0056,67.7267,133.09305,0.12900446,56.81589,0.6428676,2.546227,21.833395,3162.8398,127.15954,201.0322,0.4750905,23.139694,0.5748222,1.0189816,22.65682,2816.8757,5.710582,4.4284763,0.0724011,2.1946306,0.6096529
64,1.0601196,1.0087385,1.511898,1.069788,0.25706673,0.30104065,0.52280426,0.6315708,1.910013,0.9592872,2.885453,1.1665503,0.19753087,0.26451612,0.27857143,0.31111112,1.053805e-05,0.0,0.0,0.8883456,0.18922624,0.17123705,0.28711095,0.11363445,1.6996801,1.6088904,0.8659953,2.1168206,4.9067964e+07,8.897998e+06,5.2415585e+06,149274.55,6.1760664e-05,-4.218278e-05,0.00024615187,-0.000446147,17.905586,5.2942295,2.476171,-0.094524145,0.8823242,0.82092863,0.4364221,1.0662888,3461.75,2675.9531,3577.8828,3566.6523,24.06894,23.444963,23.153025,23.252218,0.0108978255,0.011055988,0.020813167,0.018400326,24.047226,23.418839,23.244219,23.164745,0.13494682,0.15467072,0.21935558,0.25646687,0.39506173,0.3419355,0.32857144,0.13333334,1.6543713,0.18829365,0.0,0.9876543,0.40018463,0.143777,0.2142398,0.63225806,0.8939667,0.38570994,0.24497607,0.25,0.7475376,0.2306674,0.26105595,0.6666667,1.6556606,1.4555035,2.0795116,1.17136,0.026752679,0.031712424,0.060269155,0.057987988,1.8193089,2.6484175,6.3609204,0.8216935,1.0934374,1.1823053,1.9595441,0.78415704,2.8981643,1.222951,-1.1704911,0.4717075,0.2622991,0.25920725,0.4818878,0.4278484,0.8117282,0.75020933,0.8346619,0.8079822,24.002354,23.319437,22.979048,23.048325,1.0872047,23.240463,2780.6934,33.717308,173.17735,0.115685225,110.27225,0.68604517,0.73980963,23.034397,2823.5554,158.54503,45.699043,0.116799496,2.0240338,0.65227884,1.2762588,22.579502,2745.255,91.38757,44.789635,0.22544363,75.222435,1.0323331,1.0836102,22.440302,2813.7368,7.0560026,6.075931,0.041988913,7.2133245,0.36699045
65,0.2094822,0.37204456,0.70632076,0.0964098,0.036787033,0.037311554,0.05683899,0.029701233,15.485794,19.962069,14.957269,1.4429197,0.06410257,0.116883114,0.18367347,0.19,0.0,0.0,0.0,0.049775783,0.2364738,0.18480481,0.184927,0.18294023,0.26774538,0.91893893,0.8223624,1.7364914,1.9066631e+06,6.290718e+06,7.8634575e+06,101967.08,1.793719e-05,1.5339105e-05,3.7712787e-05,4.5338604e-07,10.127065,8.002535,39.910465,3.2485647,0.24788876,0.49455452,0.75561,0.868373,121.1875,876.6992,2439.7852,253.39844,20.939423,20.723776,20.429836,20.127432,0.0042698886,0.0041655474,0.0068210443,0.0014348223,20.961964,20.735714,20.444218,20.126736,0.018190384,0.017450333,0.026428223,0.014865875,0.61538464,0.78571427,0.7414966,0.29,0.3524208,0.01964123,0.02134575,0.06410257,0.2814083,0.053819224,0.046144452,0.071428575,0.91207314,0.08362451,0.43253592,0.9863946,0.041387558,0.020147335,0.02021313,0.53,0.37155342,0.3909092,1.1911316,0.103048325,0.017414209,0.016209928,0.013068614,0.003957466,93.90977,65.16385,32.340607,1.2450571,4.014702,3.314781,3.2849765,0.86619204,-3.3198745,-1.3685015,4.798312,0.106989495,0.089409,0.08632587,0.13935281,0.028879289,0.5351002,0.62277794,0.7002013,0.77202755,20.928572,20.681606,20.40538,20.12764,0.25015748,20.589434,3002.316,162.56113,27.32426,0.9453258,33.90571,1.9312589,0.40348148,20.434725,2848.6228,90.036285,79.93486,0.52236706,18.376436,2.2147563,0.7524529,20.156855,2764.0698,94.605995,142.72614,0.4514952,63.783268,2.5085933,0.12987176,20.04359,2805.9172,4.723766,11.339108,0.30214104,16.207312,0.5980364
66,1.0429935,3.0660963,1.8191957,0.9793606,0.14800644,0.22160149,0.50318146,0.48314476,9.469321,27.316824,10.825442,6.5048385,0.05479452,0.059602648,0.2457627,0.20930232,0.16295688,0.0,0.0,0.057234377,0.16596103,0.16782214,0.38822928,0.3770579,1.0165529,0.59150946,0.33424497,0.59373105,1.144827e+07,3.1571068e+06,2.313154e+06,36832.996,8.044838e-05,0.00057383167,0.00060654397,0.00010566283,44.864174,18.258438,0.6291275,0.93423295,0.8824853,0.36200774,0.17699386,0.32011253,956.85156,5733.117,1846.1953,2526.3047,23.602468,22.869164,22.799837,22.675806,0.010301078,0.026446138,0.029679207,0.020798547,23.55494,22.783266,22.559929,22.495205,0.060279846,0.10558128,0.13909435,0.16839123,0.69863015,0.90066224,0.55932206,0.29069766,1.8486176,0.111680105,0.0,0.98630136,2.926878,0.30277663,0.2000907,0.9668874,1.4172611,0.23307991,0.416571,0.7542373,1.0189419,0.1655611,0.30992955,0.7790698,1.870821,3.2201672,2.1617374,1.5888004,0.014030041,0.029226137,0.09380076,0.06717155,1.1626494,547.5467,4.076711,1.2530898,0.7927335,4.1079006,1.6554041,1.0212001,6.0795994,2.6320505,1.109172,1.3821281,0.24313086,0.60480106,0.6766811,0.47162384,0.73054314,0.7562695,0.7923254,0.8433998,23.555285,21.115906,22.508204,22.425753,1.3199267,23.33213,3061.7126,52.843426,89.35914,0.11763925,1.8454432,0.53856564,6.190701,19.863049,2826.1926,4.571595,97.39071,0.044752248,1.4317225,262.42685,2.4744658,22.049126,2999.4038,98.348625,91.48881,0.16102609,85.889755,2.0115507,1.1077231,22.336544,2796.1973,7.245422,3.491736,0.18491282,16.134054,0.38747922
67,0.6197252,1.5029192,1.0358372,0.35237503,0.08262634,0.08581543,0.15016747,0.14519882,6.1013103,29.209915,9.043218,0.69535875,0.09876543,0.062111802,0.15172414,0.29411766,0.0,0.0,0.0,0.042090315,0.15727568,0.14739877,0.14960231,0.22369921,1.521132,1.7930883,1.3201195,1.7394875,4.3727484e+07,8.285929e+06,1.3158129e+07,111638.03,3.0151072e-05,0.00012408427,-1.0744968e-05,3.5929393e-06,28.005833,40.640114,17.073385,5.5650396,0.78082794,0.8985423,0.6642219,0.8703691,1918.0742,5047.5234,2914.207,1443.3281,22.87056,22.12885,21.71228,21.50681,0.0060017905,0.01428021,0.010526741,0.0048707635,22.872665,22.094086,21.734997,21.498936,0.040319443,0.044286728,0.06424904,0.07172871,0.6419753,0.8757764,0.6551724,0.2647059,0.95448875,0.08769316,0.0,0.9876543,1.9905701,0.14301322,0.74187434,0.98136646,1.1687946,0.1517533,0.36188343,0.97931033,0.16039658,0.051892843,0.08401253,0.5588235,0.94059944,2.5184307,1.4424572,0.5452633,0.01414017,0.020252831,0.021284468,0.014012609,4.042915,6.4325356,9.095409,1.2555454,1.279684,1.4420769,1.9503142,0.9495784,3.7040055,5.8422832,2.6505332,1.3500019,0.13726431,0.31600463,0.22855955,0.10475458,0.65251076,0.66482,0.7127842,0.8432508,22.851555,22.034246,21.683786,21.497011,0.54148084,22.593134,2806.567,61.904514,34.435017,0.47548953,102.410995,0.97342765,0.9395244,21.768538,2784.3213,264.68826,116.13751,0.4311694,44.176376,0.6479442,0.81235856,21.422434,2795.0342,120.51658,98.40437,0.6899663,61.99877,1.2439181,0.4383097,21.298735,2811.7378,5.6798286,6.6170173,0.34386143,8.323997,0.47139186
68,0.8659973,3.2211533,1.4489403,0.9130478,0.12479591,0.1635685,0.71110344,0.3866577,17.332338,25.265621,4.145286,3.1966763,0.051282052,0.07594936,0.2932331,0.26881722,0.0,0.0,0.0,0.004494522,0.2174673,0.20639351,0.38369793,0.28598976,0.30594632,1.2348303,0.3774403,1.0144686,1.7482109e+06,6.2481715e+06,3.6300835e+06,57856.668,0.00021520225,0.00037303372,0.00034136302,-1.7512477e-05,14.320348,25.526608,0.34855676,1.392503,0.2857762,0.6314244,0.1887215,0.5128063,463.89062,6570.582,3013.2852,2080.8555,22.712667,22.598316,22.842697,22.688496,0.014894023,0.021367526,0.022201434,0.016302226,22.625214,22.519394,22.68568,22.60263,0.043976784,0.083875656,0.2562294,0.17904663,0.7051282,0.89873415,0.39097744,0.30107528,1.4874573,0.07234998,0.10512332,0.94871795,1.3981285,0.29624724,0.61545753,0.93037975,0.95316505,0.23055261,0.30583382,0.69924814,0.8442211,0.20411834,0.2572825,0.8494624,1.609478,3.265585,1.9027176,1.1682339,0.043829992,0.058465537,0.06932552,0.061343826,6.4937806,1134.3197,4.7568965,1.4272647,1.6371791,5.791732,1.8252571,0.9720906,3.8824167,0.3941993,0.7423031,1.190616,0.33828297,0.4828701,0.50714064,0.369873,0.6471214,0.7690731,0.8266316,0.82382905,22.6318,20.655468,22.665249,22.513733,1.3539623,22.630117,3057.3904,18.283026,36.21158,0.096153565,0.7190898,1.3532008,3.0995836,19.262619,2823.28,116.23916,105.107025,0.2268905,1.2773066,423.20016,1.9835038,22.66725,2546.0627,92.683525,2.2856154,0.53236365,265.57642,1.9702541,3.658828,20.898623,2769.392,8.539108,25.190645,0.59211105,55.13484,0.57844543
69,0.47896385,0.39461613,0.6608982,0.47020912,0.26475143,0.2312622,0.5161762,0.37127304,0.8543093,2.1166627,2.1936297,1.1792971,0.24358974,0.3006536,0.36486486,0.37755102,0.0,0.0,0.0,0.0,0.33461103,0.3376749,0.4198469,0.36286798,0.305172,0.37584016,0.20508407,0.49993122,5.7693765e+06,1.806811e+06,1.6247112e+06,25927.172,6.72523e-05,6.213687e-05,0.00022515307,0.00012384444,1.4272084,0.1155777,-0.9485607,-0.825541,0.21057034,0.20028585,0.103021935,0.25657535,593.0547,561.9258,1593.1094,1404.9883,22.11243,21.254053,21.048176,20.785902,0.008294507,0.008161077,0.016383747,0.011371034,22.107634,21.232924,20.955097,20.75419,0.12405014,0.111572266,0.24374676,0.18387127,0.21794872,0.1633987,0.12837838,0.10204082,0.2819481,0.13711885,0.09258064,0.5,0.30290794,0.091347024,0.124181986,0.6928105,0.6090889,0.16933003,0.17229444,0.5945946,0.4029312,0.106327675,0.14333667,0.5510204,0.6198654,0.5248165,0.79942894,0.5413952,0.026790721,0.027933016,0.05429306,0.036190033,63.083782,56.61817,196.06834,38.003975,5.637037,5.7164783,10.330806,5.1352496,-0.77539194,0.75682664,0.23143128,0.37691352,0.18341172,0.17345597,0.34484798,0.23635721,0.70634145,0.7573851,0.7346177,0.8248258,22.078798,21.233248,20.948288,20.741371,0.5454582,21.247213,3039.4412,111.087204,99.50109,0.9457373,16.462162,14.289285,0.37881625,21.167303,2818.7896,138.26189,0.91431016,0.4694775,3.35549,19.068474,0.8089132,20.467783,2829.6763,58.56469,131.52983,0.5209683,5.8201995,39.19132,0.609562,20.160973,2824.5486,5.8798914,10.179606,0.20047133,0.2702957,6.219387
70,0.1838417,0.6533661,1.9604197,0.24773979,0.038497925,0.038829803,0.09465408,0.10562134,12.742492,20.89758,20.3359,0.3017643,0.060240965,0.07096774,0.067567565,0.28431374,0.0,0.0,0.0,9.566301e-09,0.23001178,0.11909869,0.1298222,0.24765131,0.22524588,1.9184166,1.7557496,1.4269733,2.6864598e+06,1.4166239e+07,1.724371e+07,149809.39,1.144467e-05,2.2239834e-05,0.00015261339,6.5113754e-06,10.058436,54.00168,70.796425,1.4610064,0.22512232,0.98045856,0.8812775,0.71412975,123.609375,2352.2383,6739.6562,1699.9922,21.194225,21.036867,21.100761,21.003662,0.0034448698,0.005220039,0.015710006,0.00372955,21.210102,21.03918,21.109896,21.002052,0.018672943,0.018953323,0.04339695,0.05307293,0.48192772,0.88387096,0.7702703,0.27450982,0.2896824,0.022876628,0.022997444,0.060240965,1.0505314,0.07050622,0.0,0.9935484,3.3504467,0.1851294,0.0,0.9932432,0.122177124,0.0507748,0.04695243,0.5,0.31900978,1.041441,3.3186722,0.3088684,0.014395962,0.012507853,0.020110022,0.011259977,40.286335,23.847174,21.922663,2.0019267,2.898403,2.0305834,2.945406,1.170611,-3.207019,5.239771,7.2664776,-0.3213827,0.073011346,0.109813266,0.33149308,0.078334205,0.5276439,0.55849797,0.7444284,0.8230064,21.184721,21.001974,21.052387,21.000986,0.18714522,20.917831,2850.0454,116.2302,65.89236,0.36761054,4.4306417,1.0953071,0.58186644,20.785322,2794.991,137.88373,48.89044,0.09946345,20.302906,0.75379914,1.9019892,20.695587,2717.2031,212.8591,172.77579,0.67054325,108.41143,0.72139585,0.1888965,20.924921,2802.1196,12.689541,2.8549273,0.3387593,18.302315,0.6907608
71,0.20618916,1.4016962,1.8134766,0.7154188,0.04924965,0.056739807,0.12370682,0.09742355,9.807892,30.12191,15.698312,6.75896,0.07594936,0.06790123,0.084415585,0.12745099,0.0,0.0,0.0,3.996803e-15,0.25161144,0.10378736,0.14003198,0.17676942,0.33131704,1.8150821,1.751841,2.1135893,5.0336205e+06,9.855766e+06,1.579698e+07,131502.73,1.2095224e-05,8.467671e-05,-3.524654e-05,3.7888814e-05,8.792993,98.36907,49.10414,37.23235,0.23756562,0.9113862,0.8788215,1.0615002,206.8086,5063.59,5654.121,2645.379,21.696066,21.558535,21.463882,21.22566,0.0036006873,0.010337516,0.013701253,0.007027283,21.71303,21.547798,21.467506,21.221714,0.024831772,0.027383804,0.061652184,0.048157692,0.43037975,0.9074074,0.7532467,0.6372549,0.294693,0.03897059,0.029426644,0.06329114,2.5038414,0.105057225,0.0,0.99382716,2.7382908,0.19504648,0.0,0.9935065,1.178318,0.09339483,0.0,0.99019605,0.3414631,2.4991207,2.7168846,1.1707134,0.0138848955,0.014290024,0.02508477,0.014334338,21.321735,17.843145,14.725576,2.5114868,2.2697368,1.8734975,2.4226322,1.1822225,-2.9348865,8.952916,5.393268,4.8457503,0.078120746,0.22286169,0.29408208,0.14915872,0.5586091,0.6164329,0.7028406,0.7422714,21.688725,21.493256,21.417295,21.221882,0.15939522,21.428457,2930.3032,198.04413,0.8133036,0.64309454,18.176485,1.2899175,1.0595479,21.006918,2797.141,164.22203,139.98326,0.1526644,90.993965,0.7845969,1.7853274,20.592234,2822.3784,85.84797,222.40738,0.1213388,13.980271,1.6742036,0.7662485,20.866335,2812.3777,5.147843,9.801595,0.37404063,7.9640303,0.97117484
72,0.6592474,0.48494053,0.6541624,0.7537966,0.056337357,0.093063354,0.27689934,0.2099781,12.040692,6.177196,1.4731219,2.3879547,0.065789476,0.17449665,0.3445946,0.18,0.0,0.0,0.0,0.0,0.17088339,0.18415812,0.30232096,0.2527132,1.2092526,1.4088148,1.3136667,1.4265642,3.5847664e+07,9.728942e+06,1.0614372e+07,108097.586,4.5591845e-05,2.038124e-05,1.18434145e-05,6.717537e-05,13.883449,4.082034,0.8097074,23.15468,0.76794386,0.74787635,0.65719056,0.7221399,2605.7578,1758.6445,2679.4492,2676.8398,22.163807,21.702566,21.323904,20.819077,0.0068922257,0.005740503,0.008982335,0.008585988,22.18415,21.717499,21.333138,20.80357,0.029556274,0.044519424,0.14010239,0.102025986,0.81578946,0.5100671,0.2972973,0.39,0.52352333,0.020544684,0.10001717,0.05263158,0.32798767,0.09752981,0.07769535,0.093959734,0.32789612,0.122717954,0.1100112,0.3243243,1.2629833,0.12713905,0.0,0.99,0.7732353,0.58021545,0.71362877,1.2658634,0.019884216,0.021422906,0.0258739,0.020661384,37.121082,23.799835,28.765903,10.524903,2.549783,2.5100777,3.8956304,2.6264393,0.05553883,-1.182883,-0.47466758,3.452122,0.15275796,0.12458364,0.19153845,0.17875233,0.54274714,0.64654243,0.7290595,0.80843127,22.126444,21.64312,21.31804,20.812027,0.6707435,21.447512,3019.42,107.47442,140.82613,0.30134183,8.41994,3.0631711,0.5349669,21.404428,2722.492,125.06688,38.259457,0.057338562,96.71661,1.4481866,0.8829587,21.097397,2750.653,254.46193,20.042555,0.1662575,66.26754,3.6608505,0.7251682,20.494286,2814.6404,8.32325,3.8985405,0.11815015,6.1459904,2.3645506
73,0.1979084,0.5240822,1.9013529,0.55634785,0.04139328,0.07295799,0.15161896,0.121925354,9.622279,9.140761,16.501823,4.6045327,0.053333335,0.1474359,0.06569343,0.15306123,0.0,0.0,0.0,0.4994507,0.21439014,0.14923316,0.1018448,0.14168659,0.5122151,0.91343695,1.8126795,1.9173511,9.257861e+06,6.075695e+06,1.4634088e+07,100318.08,9.455928e-06,1.3330236e-05,0.00011654922,1.2434645e-05,11.205229,8.876148,66.04245,15.655701,0.35986263,0.4724046,0.9089652,0.97377735,292.35156,1035.5,6556.039,1983.4219,21.968424,21.98833,21.936914,21.70051,0.0032892902,0.0054954705,0.015180445,0.006942238,21.952627,21.983978,21.873453,21.679726,0.017356873,0.03659439,0.058027267,0.057293892,0.52,0.65384614,0.7591241,0.47959185,0.29452133,0.027547944,0.040053785,0.94666666,0.29642677,0.094425544,0.036772028,0.9230769,3.2549973,0.18387432,0.0,0.99270076,0.8255253,0.09549095,0.00521542,0.97959185,0.3456211,0.7148266,3.2947025,0.83314896,0.01152031,0.021687176,0.023453109,0.015639137,5.5870147,5.962168,3.2979925,0.99333256,1.3230078,1.3763283,1.33845,0.8238791,3.25523,-0.9456307,7.004601,3.1331742,0.07226052,0.12083622,0.33301213,0.15065011,0.5751091,0.6225238,0.7534223,0.81049025,21.96103,22.018791,21.885916,21.666777,0.3437257,21.950918,2983.995,21.803726,199.89769,0.47557932,315.43158,0.65884763,0.7418014,21.962124,2904.376,21.462791,39.856743,0.48590413,115.38198,0.6999502,1.6843177,21.0916,2848.3843,117.75198,338.50174,0.12323433,112.74901,0.65932894,0.54411817,21.667566,2800.7822,10.079047,0.90854573,0.041831996,5.5849547,0.5289429
74,0.16484165,0.39365864,0.57621765,0.2886982,0.04332924,0.049144745,0.06210327,0.08889389,5.226569,6.879002,12.185081,1.1996595,0.11904762,0.16666667,0.1503268,0.20792079,0.0,0.0,0.0,0.006242428,0.21554625,0.13594921,0.117160976,0.09186514,0.66332847,1.4683824,1.6615738,2.0424693,1.1539953e+07,9.341051e+06,1.2435313e+07,140570.52,5.228057e-06,-3.6167222e-07,-2.0151892e-05,1.8227867e-06,6.7667923,15.218574,14.524092,5.8352385,0.3515169,0.7484498,0.84149694,1.023245,175.46484,1223.3359,1667.3125,837.5508,21.796658,21.385323,21.24389,21.18738,0.0025012193,0.0031660292,0.006105107,0.0036924263,21.802925,21.39212,21.24156,21.181292,0.02322197,0.023198128,0.030391693,0.044282913,0.39285713,0.69135803,0.7058824,0.2970297,0.19173622,0.038854487,0.029479032,0.05952381,0.13708305,0.06587737,0.049273055,0.11728395,0.5452099,0.080750495,0.20036644,0.96732026,0.11476326,0.04132653,0.068050355,0.5841584,0.23187637,0.44187164,0.80996704,0.3951416,0.009081873,0.009032839,0.015595381,0.009974519,7.7754717,4.1243515,5.0803223,1.3880123,1.6197957,1.3006396,1.3499771,0.9068103,-2.2608137,0.5537515,2.6902792,1.398801,0.05451822,0.067706555,0.12969622,0.07823284,0.6019507,0.67969304,0.62571394,0.7661172,21.793842,21.37434,21.227827,21.181955,0.19157098,21.566736,3001.0344,206.25606,28.305508,0.89256626,49.440502,1.0297289,0.51043206,20.997553,2717.0618,74.048615,312.09015,0.058551736,140.96974,0.75702316,0.62435246,20.898474,2794.08,74.416306,179.28175,0.12271533,85.01767,1.4563688,0.32553428,21.00716,2811.9187,5.070963,8.915069,0.7190686,19.57634,0.70785236
75,0.14662457,0.08072662,0.1768055,0.23866844,0.016740799,0.01573944,0.030122757,0.030820847,17.188257,19.452106,10.128289,12.113246,0.0625,0.07189543,0.2080537,0.010204081,0.0,0.0,0.0,0.0,0.23474689,0.21509612,0.26532245,0.1155695,0.22143178,0.36581117,0.7006177,1.9304968,1.4352949e+06,1.716244e+06,5.155456e+06,104962.39,8.627233e-06,1.8066116e-06,4.3873397e-06,5.0909716e-06,10.759872,10.655312,3.4872005,68.334946,0.20164646,0.23130916,0.3694443,0.96585155,67.58203,80.5625,420.89062,882.7617,20.016466,19.64391,19.623714,19.755302,0.0029530032,0.0014410636,0.002685868,0.002444506,20.029121,19.649223,19.634357,19.752266,0.008358955,0.007921219,0.014558792,0.015625,0.675,0.503268,0.557047,0.7755102,0.23681068,0.013750397,0.012938554,0.0625,0.11766243,0.008913746,0.010633322,0.052287582,0.11648941,0.021388087,0.03205444,0.16107382,0.4381981,0.019407233,0.0,0.9897959,0.2497921,0.12827301,0.20708466,0.43676376,0.01225699,0.0054800827,0.008248156,0.0033486304,125.62799,35.12964,33.69996,4.7708783,4.396453,2.49122,3.3688772,1.163074,-3.4140494,-3.208599,-0.11078956,7.592134,0.05910869,0.028308123,0.052706704,0.048291955,0.50549144,0.53008634,0.68265074,0.53521305,20.012234,19.637074,19.616806,19.756306,0.21587816,19.73805,2919.8489,98.591156,193.96257,0.4353046,10.569187,2.6087875,0.12306953,19.51069,2983.1423,223.32634,20.078094,0.8483177,54.68322,1.1734548,0.2065066,19.474142,2981.2178,154.38094,110.07612,0.7689333,59.719597,1.4006386,0.20659386,19.665224,2821.6587,14.891503,8.407961,0.002294082,0.28074843,2.375163
76,1.4846916,1.4833975,0.87646866,1.129447,0.18207169,0.17747688,0.31595993,0.2050724,10.029881,19.337025,1.9005452,8.924408,0.04054054,0.10828026,0.18248175,0.05376344,0.0,0.0,0.0,8.881784e-16,0.18592104,0.132493,0.23158444,0.10525486,1.8911116,1.4819958,0.94576,2.0305827,3.507089e+07,9.875832e+06,7.343783e+06,99572.24,0.00019469312,0.00020533113,2.5316199e-06,0.00014330601,39.984314,19.617819,4.379772,25.04752,0.9520515,0.7490993,0.5047951,1.0153022,5231.7773,5289.328,2403.1562,3835.5742,23.402937,22.320173,21.952625,21.811686,0.015472429,0.015528128,0.01052126,0.0140879555,23.343231,22.239697,21.936958,21.744379,0.095077515,0.0810585,0.1469059,0.091732025,0.7027027,0.80254775,0.24087591,0.5913978,2.683298,0.18516964,0.0,0.9864865,1.0022278,0.11820387,0.55101085,0.91082805,0.35651016,0.15866807,0.13262454,0.5328467,1.8483982,0.14890568,0.07120053,0.97849464,2.7067451,2.5158443,1.1393871,1.926302,0.024170868,0.042773906,0.025921453,0.024042139,3.0487466,13.06462,8.134766,2.6570616,1.3335816,2.1482093,2.433255,1.2703248,5.7168274,3.8368416,-0.6754232,4.4911776,0.36210027,0.3465905,0.23096928,0.30728206,0.7573234,0.6144956,0.8535209,0.79845655,23.337675,22.279583,21.970436,21.781776,1.4005095,22.741581,2845.1355,78.52841,160.52655,0.043667186,87.41582,1.6464491,1.0958443,22.228653,2987.0188,35.102375,266.85278,0.3693774,203.09668,2.5163603,1.0480211,20.693495,3202.1238,203.42348,4.3399916,0.7274875,34.553444,3.6886947,1.2959394,21.18028,2811.6548,1.3594139,11.964002,0.16958417,3.491462,0.8337704
77,0.54863834,0.6789942,0.7006912,1.0138941,0.07197952,0.12425995,0.17747498,0.18517303,11.227642,11.010915,2.3676016,4.1325397,0.097222224,0.11764706,0.25384617,0.14893617,0.0,0.0,0.0,1.9735491e-08,0.17714357,0.23631571,0.23826219,0.14591497,1.0320234,1.0650488,0.7881267,1.7782372,3.377494e+07,6.033794e+06,3.8178125e+06,140373.88,5.1629766e-05,-3.9081388e-05,-3.0145786e-06,7.562563e-05,12.965641,6.2197614,3.7511592,19.213943,0.56801325,0.5594883,0.4149476,0.90666884,1941.918,1731.3242,868.46094,3523.9531,22.62717,22.263634,22.188171,21.956297,0.007468997,0.0076089227,0.009509158,0.011125888,22.588264,22.235388,22.201408,21.934334,0.033821106,0.06120491,0.0911541,0.09506035,0.6527778,0.54901963,0.3923077,0.5106383,0.54979706,0.04861566,0.20579489,0.9166667,0.52303696,0.08954485,0.13951117,0.92156863,0.30958557,0.18539186,0.1295804,0.34615386,1.2560558,0.15634504,0.48695457,0.9787234,0.94499207,0.8308735,0.94182205,1.5956211,0.024332596,0.02543296,0.02897242,0.025736641,6.944482,8.126671,3.2347226,2.0243335,1.4921527,1.604858,1.4093976,1.0872911,3.3534865,1.9470172,-0.9968943,3.287132,0.16900226,0.16940227,0.21099083,0.2442833,0.5787731,0.597826,0.7767773,0.7635388,22.597805,22.268234,22.21525,21.916943,0.659468,22.581861,2987.1216,17.716986,102.440254,0.3878238,68.36299,1.8015223,1.980069,21.821009,3322.2944,234.07567,110.087776,0.91761065,456.69962,1.6029487,0.31202024,21.845387,3177.3022,128.96483,246.17793,0.51929677,10.5854435,0.98150086,1.1461496,21.456171,2814.8435,5.6437693,7.7073026,0.087813936,2.639177,0.8149956
78,0.74849224,1.6154337,1.6980858,1.0247965,0.061618805,0.08734703,0.16422272,0.14480019,16.832724,27.272425,15.207864,9.3383665,0.06097561,0.08176101,0.04895105,0.05050505,0.0,0.0,0.0,0.0,0.12700267,0.08550874,0.102390006,0.18452723,1.4078887,1.7128834,1.7207855,2.0401974,2.3576378e+07,9.360539e+06,1.4617138e+07,140754.3,8.249379e-05,0.00014705631,9.608427e-05,0.000103457794,29.84491,95.35477,84.1753,49.75813,0.75186497,0.8676407,0.86449957,1.0203428,2906.7266,6088.6406,6227.6875,4152.6797,21.636488,21.34544,20.846275,20.672804,0.009132629,0.012496372,0.013300551,0.010478587,21.592228,21.302664,20.84864,20.640032,0.03283024,0.045009613,0.08112717,0.07141876,0.902439,0.8993711,0.84615386,0.6666667,0.72024155,0.039079923,0.39083135,0.9390244,2.9663906,0.126129,0.0,0.9937107,2.9124336,0.13298498,0.0,0.993007,1.822876,0.11618209,0.0,0.989899,1.41185,2.9905128,2.8897,1.8372364,0.026063407,0.023605995,0.021525444,0.017256765,25.406982,32.263416,13.860035,10.076027,2.8482094,2.9525447,3.2110133,2.5010576,5.033099,8.8425,7.9972835,6.1500626,0.19759803,0.26674056,0.27726695,0.21662177,0.575156,0.5859768,0.8468432,0.79696506,21.605524,21.342997,20.85874,20.661291,0.8339953,21.264776,2850.292,72.14998,110.57117,0.009590808,121.307175,10.490847,1.7447919,20.85509,2884.4094,65.7656,147.68744,0.09840481,94.91555,8.142183,1.213608,20.23578,2827.7605,425.17197,389.27917,0.0582024,266.081,5.6684685,1.346573,20.021833,2812.5518,5.137662,10.640264,0.35834053,7.814942,2.6292782
79,0.50231457,0.15646553,3.363634,0.98588276,0.021255493,0.03845215,0.06965828,0.057315826,18.143618,11.547396,41.93706,23.871782,0.061728396,0.12101911,0.0069444445,0.010309278,0.0,0.0,0.0,0.0,0.13696864,0.23533134,0.08198732,0.12908927,1.3274894,0.40538788,2.0800285,1.8587841,3.8621584e+07,2.2625202e+06,242741.03,89725.36,2.9311179e-05,7.5318712e-06,0.0008306838,0.000110780165,32.005634,7.525402,138.62425,90.206535,0.71016043,0.26966664,1.0405486,0.92941505,1468.043,288.42578,1825.4442,3811.3438,18.766739,18.755518,18.608887,18.654043,0.005416289,0.002765034,0.029495655,0.010533749,18.770906,18.761286,18.575802,18.632359,0.010059357,0.018995285,0.0347023,0.029939651,0.9259259,0.42675158,0.9930556,0.9896907,0.7195873,0.06315949,0.0,0.9876543,0.20040321,0.02056898,0.027468577,0.050955415,6.525507,0.0748335,0.0,0.9930556,1.9015446,0.036716778,0.0,0.9896907,0.70653534,0.2244358,6.5132732,1.9036236,0.008719525,0.009862024,0.013565053,0.0064832433,1016.03503,305.74344,458.7105,109.81674,11.571554,8.936874,13.696922,5.746614,3.3705087,-2.467225,11.661716,9.334033,0.10164608,0.051859647,0.5488813,0.19649701,0.40639016,0.56288064,0.66036564,0.5482815,18.757183,18.745817,18.561064,18.642046,0.46291763,18.475672,2853.4917,103.273796,56.125675,0.44636792,27.778742,220.58963,0.17364769,18.546045,2846.5771,121.17187,93.17332,0.30395317,4.201,19.909418,2.3601022,17.472443,2918.3772,248.265,143.61232,0.1260218,65.517166,43.476643,0.86367613,18.265772,2815.885,6.74696,11.141553,0.39485416,6.470362,45.34523
80,0.6279659,0.20224285,0.31250954,0.48258495,0.053649902,0.039260864,0.099933624,0.07133484,11.624823,4.5574484,0.44728896,8.0968685,0.078947365,0.19745223,0.30872482,0.03125,0.0,0.0,0.0,0.0,0.1814722,0.25305805,0.3003819,0.20399256,1.8191494,1.2593706,1.1787846,1.6970178,3.3597932e+07,7.084378e+06,1.0046688e+07,130408.33,4.2493226e-05,3.4317336e-06,6.4661535e-06,2.2241025e-05,51.530655,12.5428,1.9766753,53.10324,0.9236201,0.6667863,0.5910804,0.8490883,2283.8594,495.02344,866.3281,1712.625,20.66273,20.577826,20.31741,20.165121,0.006534866,0.002230356,0.003934245,0.0049073813,20.6476,20.571743,20.315464,20.15423,0.026091576,0.020454407,0.053398132,0.035316467,0.82894737,0.4968153,0.37583894,0.65625,1.0720329,0.056150127,0.0,0.9868421,0.07844162,0.023374872,0.054505438,0.7834395,0.12250328,0.053551894,0.04897352,0.53691274,0.8407669,0.04954902,0.0,0.9895833,1.0730572,0.28014565,0.3299942,0.8428993,0.011207922,0.0061279396,0.012119532,0.00806483,81.08645,10.121873,22.529116,9.0564995,5.0122743,2.0201974,3.5808399,1.9959564,6.4441013,2.4237194,-0.18820931,6.3396487,0.13502817,0.045895875,0.079933666,0.09895794,0.5553478,0.64187443,0.7476041,0.6661769,20.650782,20.577442,20.336517,20.169912,0.8745617,20.236807,2820.6624,31.5619,183.97385,0.35458145,53.8827,28.08811,0.18859975,20.509462,2791.7964,129.12347,12.166347,0.21352893,26.999529,4.5069265,0.34685335,20.212727,2648.4949,128.01294,7.2552967,0.3071326,171.24832,4.56126,0.52769816,19.955769,2817.0642,5.3749332,13.536038,0.7164773,8.539287,3.3713067
81,0.37788582,0.8640127,1.3379383,0.4726944,0.04393959,0.063827515,0.13212013,0.1407013,10.27713,18.150057,10.386956,1.6086668,0.088607594,0.103225805,0.10273973,0.2967033,0.0,0.0,0.0,0.056463107,0.22226815,0.1092047,0.15441108,0.114665724,0.66313535,1.9456676,1.5922227,2.0970595,1.4793754e+07,9.431375e+06,1.4617658e+07,220241.5,2.0250722e-05,2.8783918e-05,6.3023435e-05,4.9687465e-06,19.358788,30.022985,19.963692,2.994103,0.59156823,0.9798082,0.79733586,1.0591596,886.1797,2572.9062,3661.5547,3359.711,21.968023,21.834387,21.810581,21.802505,0.004653674,0.007313941,0.010958409,0.007062153,21.948065,21.815979,21.796549,21.788849,0.021884918,0.03235817,0.060290337,0.07256889,0.6708861,0.83225805,0.7191781,0.36263737,0.3274021,0.03428038,0.1650967,0.9240506,0.888546,0.09364489,0.37452385,0.9806452,0.6689739,0.21323682,0.19087693,0.047945205,0.28136253,0.091672115,0.13883531,0.7912088,0.651083,1.2745476,1.7140427,0.6485596,0.0147239445,0.017486494,0.025234368,0.022553774,9.321763,7.001234,3.1466799,1.2468436,1.705661,1.4364337,1.3424156,0.879207,3.8670955,4.311919,1.5443454,1.0841302,0.10223202,0.15969542,0.23900928,0.15397263,0.5697106,0.58673316,0.77164656,0.7848289,21.956154,21.843294,21.809301,21.775185,0.51500744,21.826883,2885.879,54.37356,263.44037,0.005726573,119.5161,1.648141,0.6680255,21.677944,2965.5918,98.81606,157.06108,0.07719828,122.65439,1.2404741,1.5456365,20.965725,2802.7317,95.01996,219.39001,0.29658788,240.66124,0.8120867,0.48308915,21.534784,2814.3127,6.808696,10.989224,0.32859984,8.195876,0.6412037
82,0.6527786,1.7729836,1.6729765,0.52398586,0.023406982,0.02306366,0.051477432,0.052440643,22.060026,43.0113,21.442839,12.816876,0.0625,0.06790123,0.17880794,0.03960396,0.0,0.0,0.0,8.57564e-11,0.1839312,0.12915292,0.19616336,0.0934468,1.3049071,1.7684103,1.3760399,1.9373826,2.3470966e+07,1.2661453e+07,1.3295238e+07,132485.98,8.518813e-05,0.0001928353,0.00017939889,2.073188e-05,24.059637,117.92776,49.91534,57.068222,0.6870909,0.89109784,0.70166254,1.0149819,2625.1602,6900.4414,5772.707,1925.5117,20.591686,20.441639,20.67937,20.622828,0.009240694,0.014009829,0.014224816,0.004985631,20.54475,20.395716,20.603445,20.616447,0.011962891,0.011978149,0.022562027,0.024280548,0.9125,0.93209875,0.78807944,0.8019802,0.71819496,0.027548518,0.31078684,0.9375,3.3711224,0.10926491,0.0,0.99382716,2.7581806,0.19076605,0.0,0.9933775,0.898016,0.0511191,0.0,0.990099,1.2758579,3.3962364,2.8158417,0.8955059,0.028952688,0.022446634,0.029953605,0.007397107,142.13597,98.29965,46.685673,2.1826544,4.590089,3.5295877,3.5126562,0.99324685,4.6327276,10.219466,5.700677,6.7372165,0.19028148,0.28638387,0.29416025,0.10281781,0.44210598,0.49575892,0.6259866,0.6697489,20.560942,20.42925,20.640951,20.614445,0.68047565,20.560638,2556.1404,173.8141,269.1616,0.99988824,259.53555,76.914955,1.3962077,19.981647,2895.1753,66.19386,174.81421,0.26102528,152.92456,7.054958,1.3146919,20.431948,3036.3525,109.91848,253.10252,0.05467004,167.40039,0.85666335,0.20531179,20.514515,2812.972,14.21227,14.06601,0.0382253,5.184078,1.1264151
83,2.3387117,0.99274635,0.21957874,1.9694395,0.018543243,0.042987823,0.08273697,0.06294441,28.398945,31.947495,3.5249114,29.089092,0.0121951215,0.026143791,0.2857143,0.03125,0.0,0.0,0.0,0.0,0.1085846,0.11290331,0.35735708,0.1297113,2.100279,1.8714418,0.6436589,1.9986116,3.047095e+07,1.5146479e+07,5.3203675e+06,154481.8,0.0006068592,5.953942e-05,8.392859e-06,0.00072086375,80.45305,127.98534,0.823323,40.55592,1.0514165,0.93978626,0.34814653,0.99947655,9185.523,3724.8164,858.9531,7912.2617,20.116693,19.952597,19.870783,19.79894,0.02466662,0.007761339,0.003619545,0.027007133,20.072618,19.942654,19.875006,19.70884,0.009191513,0.01864624,0.046081543,0.030060768,0.9878049,0.9281046,0.2585034,0.9479167,4.4727783,0.047759525,0.0,0.9878049,1.8334332,0.04499016,0.0,0.99346405,0.1376419,0.03744238,0.04369461,0.23129252,3.597229,0.13510157,0.35178658,0.9791667,4.462305,1.8313942,0.27649117,3.8611374,0.006410687,0.008795494,0.010950433,0.014685417,80.20893,59.324245,51.00515,19.293514,3.9963126,3.9368997,5.070108,2.706521,8.925201,10.796961,-0.28665578,6.3126493,0.49621084,0.15485887,0.07192319,0.5347126,0.5174158,0.5355776,0.7084247,0.61682636,20.058704,19.929266,19.87446,19.712431,1.4143897,19.835033,2731.5088,165.9555,92.10725,0.6224386,55.127983,5.914414,0.8923402,19.74518,2770.8474,149.51945,135.01797,0.7020713,58.749916,10.1033325,0.21363579,19.74201,2830.2256,144.99992,27.337286,0.27277577,4.9866776,4.2613544,1.4043365,19.0598,2817.4612,10.818621,10.292427,0.30244136,6.2089796,7.8353643
84,0.80679417,1.0580797,1.5650244,0.742177,0.32518196,0.30726624,0.55508804,0.45374107,0.8342606,8.872104,1.2284569,0.40865135,0.30379745,0.15189873,0.2361111,0.375,0.0,0.0,0.0,0.0,0.26784205,0.25522938,0.316488,0.29794073,1.4834667,0.31580526,0.5202167,0.6560151,4.0508984e+07,1.131256e+06,3.2034845e+06,39659.348,0.00011425337,0.000273273,0.00022932579,0.00018673326,4.9025507,5.339897,3.2294226,-0.5705106,0.7506758,0.18020557,0.2993834,0.33905265,3024.9922,2059.9648,2587.25,2101.211,22.968075,22.21105,22.188963,22.127573,0.011008037,0.01711379,0.019082183,0.015952384,22.9209,22.112827,22.170832,22.098125,0.15161514,0.15154839,0.28058338,0.23784924,0.25316456,0.37341774,0.2361111,0.16666667,0.39888382,0.12157739,0.21302782,0.62025315,1.3067398,0.22658598,0.27233002,0.943038,0.6581726,0.24697846,0.28690937,0.5277778,0.58610344,0.18773717,0.20983629,0.5520833,1.2377949,1.6022224,2.049797,0.8710232,0.031186005,0.055450086,0.052768,0.053889845,14.6926365,30.240112,14.147538,6.338627,3.2268984,3.8881047,3.3082101,2.0791535,1.4079318,2.1077812,0.58354104,0.2562359,0.25283343,0.38011524,0.42341384,0.35298756,0.8362251,0.7215566,0.87522817,0.8140251,22.919926,22.153524,22.211987,22.047096,0.79180354,22.568836,2819.5388,5.352319,223.83488,0.031801317,85.9732,7.2976465,1.882535,22.124651,2994.4802,30.667559,206.69598,0.19141254,138.44664,8.988907,1.6995385,22.165531,3043.2708,10.014273,151.86432,0.38689062,128.51845,6.436738,0.7813198,21.581045,2812.1255,1.8707379,5.9958878,0.053556163,7.8497424,1.6764467
85,3.0068817,0.1862011,0.17740726,0.17098808,0.020729065,0.016132355,0.029561996,0.026903152,28.75915,26.210033,14.386659,6.7279835,0.012345679,0.07926829,0.22516556,0.11578947,0.0,0.0,0.0,0.0,0.10930474,0.18408552,0.28416425,0.116993524,1.9859042,0.6786792,0.7132131,2.0564742,4.427198e+07,3.6354445e+06,5.389659e+06,136423.03,0.00089844724,4.924988e-06,8.6743685e-06,2.7111878e-06,79.67827,9.932194,1.3955464,34.735573,0.9939811,0.38154098,0.3798582,1.115286,11681.102,375.10547,581.5586,545.4219,19.89908,19.505733,19.53127,19.531813,0.032235112,0.0023022848,0.0033558465,0.0018332186,19.8397,19.514967,19.54888,19.531261,0.010278702,0.0072574615,0.013093948,0.013166428,0.9876543,0.7865854,0.6092715,0.6315789,5.7501774,0.05739505,0.0,0.9876543,0.16669846,0.026747804,0.020022575,0.06097561,0.15705872,0.02473822,0.032413978,0.1589404,0.2735691,0.022351723,0.0,0.9894737,5.7385674,0.18645859,0.18269348,0.27124023,0.0074519427,0.008739121,0.011426503,0.0044707004,154.41489,95.72016,68.07768,4.4719377,4.6845856,3.7766035,4.400531,1.2609749,8.888065,-2.2296317,-0.92268616,4.688995,0.6414491,0.044907756,0.06554394,0.035806082,0.48065853,0.5221267,0.68590486,0.5963166,19.82323,19.495138,19.521858,19.532904,2.8694305,19.481035,2736.424,155.22977,140.8094,0.66898656,10.691369,4.420611,0.20524201,19.317402,2910.857,128.48665,106.49533,0.73403955,34.60813,5.592194,0.26866612,19.369818,2802.7664,9.978895,101.49466,0.39801154,36.919674,1.6360674,0.15850496,19.446672,2824.819,9.068763,4.5916305,0.0746146,0.61380047,2.2557123
86,0.9299488,1.5715666,1.6693001,1.2278461,0.07307434,0.11211586,0.20207977,0.16456032,12.526475,25.405567,12.324173,11.917711,0.084337346,0.03773585,0.10344828,0.04040404,0.0,0.0,0.0,2.6321907e-09,0.15039286,0.12886338,0.1826082,0.14582308,1.5178877,1.8994826,1.5990851,2.0621388,4.313116e+07,1.4286065e+07,2.4029468e+07,149414.3,7.079187e-05,0.00014638991,0.00014168385,0.00013295199,41.253166,69.327866,29.402449,36.76992,0.768277,0.9535349,0.80238956,1.0331919,2913.2695,5942.035,7489.5312,4318.625,22.021004,21.713842,21.647152,21.629116,0.0085030645,0.013156584,0.014472495,0.012795239,22.019743,21.682436,21.660059,21.585516,0.038244247,0.054470062,0.08669472,0.07493973,0.8915663,0.8742138,0.7172414,0.7171717,1.4365273,0.10160829,0.0,0.9879518,2.2839985,0.11038977,0.8317374,0.9874214,2.111061,0.1912452,0.38691345,0.9862069,1.7465191,0.11562254,0.4950427,0.97979796,1.4204807,2.8748035,2.3426247,2.1048794,0.01511284,0.016038578,0.024643123,0.017638732,27.041462,14.684488,11.913958,2.0702515,2.6825688,2.380622,2.3926096,1.1502641,5.002538,7.62487,4.062807,5.480259,0.18724601,0.28568,0.3132883,0.2767497,0.5573622,0.6610032,0.7431655,0.797517,21.99489,21.63885,21.612822,21.596594,0.892389,21.557177,2800.9907,112.22581,102.14757,0.023554735,18.446371,4.620579,1.9045836,21.439238,2737.3816,66.32436,91.53696,0.87021416,88.004944,1.6820868,1.4426533,21.274906,2417.1753,116.07561,161.85971,0.08200021,219.44255,1.6984535,1.160211,21.097494,2815.7268,5.9631233,8.689693,0.30332488,4.7317324,0.7678646
87,0.12729168,1.2274132,0.38580132,1.0538225,0.03637886,0.038007736,0.058776855,0.05145645,6.1835546,36.24543,6.4803567,21.47355,0.08219178,0.019607844,0.18181819,0.02,0.0,0.0,0.0,0.0017727038,0.2503459,0.07635027,0.19749135,0.099106364,0.4448552,1.9416969,1.7100997,2.057076,9.522755e+06,1.1658665e+07,1.5524435e+07,147184.66,4.4145595e-06,8.2201375e-05,-3.6877235e-08,7.908438e-05,8.190233,124.57331,16.95798,84.228806,0.30113775,0.9723047,0.8619202,1.0299071,128.5625,4709.8867,1276.3867,3964.418,21.289497,21.038546,20.794483,20.822939,0.0022126068,0.009315049,0.0039418805,0.009287162,21.299242,21.022713,20.799772,20.802708,0.01883316,0.018331528,0.027835846,0.024476051,0.39726028,0.9346405,0.61538464,0.93,0.17810631,0.029946929,0.0233699,0.05479452,2.3043613,0.061027195,0.0,0.99346405,0.27677345,0.053527344,0.15754227,0.95804197,1.8548851,0.054978497,0.0,0.99,0.20105743,2.3051338,0.56308746,1.8565674,0.0072860625,0.008154723,0.008936393,0.00781306,11.591933,8.776715,5.105729,1.4652175,1.9691484,1.5278081,1.6015182,0.8073593,-2.680095,10.691962,2.5860443,8.797163,0.047105286,0.19597508,0.081969365,0.193386,0.60888076,0.58838,0.7435396,0.6639344,21.289808,21.00409,20.78775,20.80414,0.1585225,21.028397,3033.6428,119.31121,122.85553,0.9452092,18.650486,1.4518951,0.70901096,20.673796,2782.6074,240.3209,225.89462,0.29931313,138.31941,1.4502802,0.3993097,20.572155,2806.5002,33.04025,144.04109,0.043245208,70.93449,0.6696256,1.8067464,19.879438,2824.6653,18.209335,1.7654438,0.40486345,10.069909,0.7516288
88,1.1978369,0.46117783,1.8607578,0.6551151,0.06309128,0.08807945,0.18709755,0.18820763,18.077124,10.768798,9.610966,1.5787412,0.050632913,0.11111111,0.12592593,0.22680412,0.0,0.0,0.0,0.56914437,0.12086266,0.16412967,0.19482735,0.1180725,1.791247,1.3593541,1.3419529,2.0830328,4.161855e+07,8.1079725e+06,4.440533e+06,139687.19,0.0001451183,-1.7289887e-05,1.897693e-05,-3.7564885e-05,62.832237,7.8477798,37.4851,5.74959,0.90714,0.71091276,0.67097914,1.0435427,4564.6484,1771.7578,1946.7031,1808.8203,22.354443,22.174295,22.405722,22.207983,0.0122448765,0.0056233895,0.01407345,0.008315181,22.30421,22.150522,22.37501,22.195694,0.031705856,0.042072296,0.09270668,0.09235954,0.9240506,0.5294118,0.76296294,0.35051546,2.3024616,0.08900982,0.0,0.98734176,0.41737366,0.066038355,0.11351879,0.9346405,2.6646824,0.21722348,0.0,0.9925926,0.3309288,0.108080365,0.18455903,0.7938144,2.3235512,0.67712784,2.6756573,0.92907333,0.016872574,0.019587792,0.027796216,0.024433237,5.158031,5.9026046,2.603929,0.9682333,1.4422092,1.2731812,1.2345915,0.7926771,7.588737,2.2878337,4.0878305,1.4704189,0.2737274,0.1246947,0.3153258,0.1846634,0.6534282,0.5628384,0.75785416,0.78798646,22.314472,22.17496,22.367748,22.160547,1.3578246,21.973083,2855.818,35.45432,125.671524,0.011620532,63.270287,1.6261678,0.6389583,22.002531,2873.9382,38.223087,191.06633,0.112929106,141.9438,0.580181,1.7820315,21.789412,2997.5444,171.38113,56.623642,0.03503599,34.72546,0.59830207,0.62373453,22.160347,2801.4524,10.157149,0.46949518,0.07185757,6.0792646,0.51640254
89,2.203187,0.27794456,1.5951071,1.1772957,0.051612854,0.04829216,0.08551788,0.074855804,24.169855,14.181917,26.904799,19.096436,0.025641026,0.13836478,0.019607844,0.010204081,0.0,0.0,0.0,9.8557946e-05,0.10589457,0.22809283,0.12207378,0.10000611,1.8248545,0.68480945,1.7997804,2.0408323,6.076281e+07,3.3340262e+06,1.4148185e+07,151467.28,0.0005776661,8.461227e-06,9.449556e-05,0.0001077933,48.035255,5.1043835,59.014507,83.14518,1.0136456,0.35825795,0.90304077,1.0206147,8275.625,667.0547,6028.5703,4608.1055,21.645748,21.480005,21.162725,21.185263,0.02424487,0.0039309426,0.014667013,0.010965725,21.583012,21.496088,21.147104,21.153603,0.025616646,0.024663925,0.038362503,0.036750793,0.9230769,0.5283019,0.7908497,0.8877551,3.1130047,0.07451991,1.3804665,0.974359,0.27682877,0.037877228,0.04223771,0.0754717,1.995348,0.09873555,0.8607492,0.98039216,2.2100544,0.06458762,0.0,0.9897959,4.0720577,0.36366844,2.9521961,2.219162,0.011066646,0.014923593,0.017881926,0.01088861,48.560337,17.365707,10.463246,1.6247019,2.9151258,1.8700792,2.0651314,0.9011009,6.723984,-1.9844681,7.045221,8.772584,0.52479833,0.08443667,0.31039396,0.23231177,0.4473248,0.6427852,0.72654676,0.70718473,21.560455,21.438778,21.106627,21.156906,1.1477835,21.300617,2699.1343,317.03192,278.68396,0.9555633,193.53735,17.610245,0.37839845,21.071012,3023.0989,145.27281,101.95639,0.9478827,41.19008,0.5814075,1.6777792,20.86555,2640.5383,157.88054,159.7155,0.6599097,113.91957,1.0686148,0.5112903,20.905155,2820.038,16.164501,12.009278,0.18208365,4.3340244,0.8552188
90,0.26360226,0.4824667,0.8448458,0.6734743,0.03483963,0.07096481,0.07842636,0.08456421,10.38489,7.710467,9.851938,10.397954,0.075,0.16666667,0.11111111,0.08421053,0.0,0.0,0.0,0.00038513442,0.19795102,0.16393144,0.14075036,0.100179434,0.94416493,1.3890243,1.6369078,2.0837176,2.3498662e+07,8.297483e+06,1.1956891e+07,161679.2,1.0500725e-05,4.8909087e-06,-4.4761473e-06,4.1815714e-05,9.672144,12.865335,21.280483,25.593767,0.51847047,0.7039673,0.8190247,1.0419073,1040.9648,1258.7383,2623.3477,2485.168,21.849688,21.824617,21.491442,21.445772,0.0034102895,0.0044853184,0.0072675818,0.007814217,21.86163,21.841305,21.491192,21.431274,0.016932487,0.03580761,0.03997898,0.03676796,0.6375,0.6602564,0.6944444,0.69473684,0.296463,0.009034925,0.037309956,0.05,0.22043037,0.059979413,0.07079946,0.10897436,0.48212624,0.09961173,0.31387085,0.9513889,0.99868584,0.08486515,0.15662444,0.97894734,0.29906845,0.63033485,1.1448803,1.1029053,0.009565958,0.013939929,0.01710173,0.014432066,14.659486,7.5478687,3.5977855,1.5647336,1.7816666,1.5010563,1.3683711,0.8396677,-2.2863657,0.90901375,2.6541262,4.474698,0.07451376,0.097890355,0.15619081,0.16758192,0.51162523,0.64977217,0.747859,0.668092,21.84094,21.790895,21.470654,21.418543,0.42576274,21.60303,2753.1934,108.619896,67.63677,0.0433972,65.7456,2.8365521,0.4639109,21.583225,2739.8003,107.08243,89.03685,0.15949813,79.53918,0.61994106,0.9122305,20.904121,2777.8455,41.713688,394.8662,0.31398627,124.1408,0.5068989,0.2428374,21.29855,2814.6023,10.673641,1.7182643,0.67440796,19.574915,0.8346684
91,1.4654503,2.1842098,0.61725235,0.3290224,0.14837646,0.169384,0.37739754,0.2628441,11.248526,23.079779,3.6258128,1.8237643,0.049382716,0.0061728396,0.3181818,0.37254903,0.0,0.0,0.0,0.0,0.18790269,0.16147807,0.40683833,0.36402577,1.69954,1.8436776,0.3610931,0.54970795,2.5381704e+07,1.3264664e+07,1.9653166e+06,33801.78,0.00018348338,0.00019993521,0.00012025375,6.8368725e-05,55.886726,118.66674,-0.4439149,-0.98590994,0.868416,0.9218487,0.1805476,0.286291,4854.082,8536.559,895.1823,1086.2734,22.147701,21.140854,20.773573,20.43596,0.013644519,0.016447136,0.011448062,0.00844889,22.117579,21.091488,20.693869,20.400085,0.07421684,0.080096245,0.13812542,0.13376331,0.8518519,0.8518519,0.24675325,0.09803922,2.4871693,0.12304633,0.0,0.9876543,4.100729,0.13116504,0.0,0.99382716,0.4297924,0.11762795,0.115069024,0.6363636,0.30195427,0.074616805,0.09793477,0.5686275,2.4865856,4.1247826,0.64024734,0.40529442,0.019768918,0.020259425,0.034363,0.025180357,26.165033,43.102077,99.34211,39.310642,3.597297,4.8682084,8.114118,5.2262907,6.771686,10.132097,0.25440544,0.38067827,0.30219474,0.3477065,0.23781715,0.17266119,0.6995992,0.7820494,0.83035463,0.83663934,22.108541,21.134792,20.811857,20.428873,1.3308842,21.47128,2814.8877,127.586174,148.03801,0.0590001,39.020664,6.6665173,5.888755,21.134691,2364.673,235.10971,384.57236,0.99999875,97.478584,22.385313,0.59278715,20.56071,2701.2903,150.31792,1.7097073,0.25534555,119.086945,27.06542,0.29234377,20.164295,2823.64,4.6221495,6.1029944,0.18157046,0.17609642,6.835834
92,0.43086815,0.6352768,0.8582487,0.42062187,0.1553917,0.17661476,0.50724983,0.35666084,3.3378649,2.4452949,1.4107087,1.0547508,0.17721519,0.2658228,0.33793104,0.3838384,0.0,0.0,0.0,0.0,0.28343874,0.27794626,0.3866783,0.38446406,0.3437483,1.1508332,0.5629636,0.44145793,5.568861e+06,6.137216e+06,4.1869875e+06,25298.713,4.466957e-05,3.0930536e-05,9.7359116e-05,7.8663434e-05,4.767092,2.8530128,-0.28343725,-0.943455,0.25685376,0.5799614,0.28182358,0.2313758,508.08594,1569.8945,1904.8633,721.0039,22.508371,22.074144,21.795856,21.330502,0.0069122566,0.0072025573,0.014911516,0.009585025,22.53175,22.051907,21.752739,21.336468,0.07949829,0.08713341,0.22712326,0.17851067,0.278481,0.4177215,0.22068965,0.15151516,0.5122814,0.09243373,0.09251363,0.06329114,0.2658558,0.101817735,0.097863786,0.6898734,0.5526829,0.20052536,0.13796555,0.59310347,0.34703255,0.10582808,0.1086631,0.4949495,0.6576557,0.7111511,0.93733215,0.47769356,0.0257489,0.021298354,0.04797408,0.031393953,25.894945,8.043711,24.581366,11.563497,3.0489628,2.1169891,3.983737,2.817805,-1.888436,-0.13550472,-0.21522154,-0.042022757,0.15558363,0.1589903,0.32500926,0.20445338,0.6324251,0.7677682,0.824022,0.8206855,22.480816,22.074356,21.82205,21.312372,0.6576575,21.724882,3028.2307,159.9264,189.29968,0.85435593,36.894875,3.0621655,0.974448,22.043707,2460.7922,76.04781,84.16866,0.98731434,372.9564,3.883049,1.0918292,21.452112,2447.4624,154.56136,5.9293504,0.48115847,372.64264,5.161078,0.6855835,21.045582,2813.5989,5.9352584,1.4586395,0.07063785,7.6283207,1.8295522
93,0.79193974,1.7218542,1.3480177,0.6700735,0.21103668,0.22790146,0.59994316,0.4491501,11.593915,23.50845,1.2644807,0.5459143,0.074074075,0.05732484,0.2986111,0.39215687,0.0,0.0,0.0,0.0,0.24577752,0.16901053,0.39837366,0.39520738,0.6717309,0.7970395,0.5147872,0.42209205,1.0629987e+07,5.382023e+06,8.588706e+06,26207.975,0.00021968312,0.00046333543,0.00034071834,0.00019729846,8.121793,18.132954,1.6937971,-0.6823857,0.40615356,0.42198703,0.28466824,0.21801217,2802.332,6686.965,7049.8594,2356.7734,21.762318,21.016047,20.795357,20.578594,0.014862921,0.02162904,0.018670542,0.014188212,21.724747,20.89686,20.8213,20.582005,0.079395294,0.10618019,0.28000927,0.2170744,0.49382716,0.7388535,0.1736111,0.13725491,1.1438789,0.107874446,0.21877229,0.9259259,1.77771,0.14092048,0.5592386,0.9426752,0.6389942,0.19115451,0.24370871,0.4722222,0.48791504,0.14294079,0.17381112,0.49019608,1.3472862,3.2194118,1.6892242,0.79732895,0.056387413,0.07687195,0.051443346,0.043692842,62.85269,167.9988,156.07004,82.87384,6.0773654,8.503098,10.840191,7.7417994,2.867745,3.9249427,0.47459427,0.18630607,0.3234516,0.45455688,0.3882606,0.29197347,0.78703725,0.66764563,0.8606713,0.82915205,21.688013,20.952188,20.836088,20.50535,1.8800294,20.759119,2824.797,43.717842,124.17133,0.07292824,242.73956,18.591417,1.5216448,20.93443,2969.975,13.396414,260.42346,0.15249886,197.25455,32.60406,1.4658868,20.812548,2571.3394,175.93408,6.05733,0.66866255,229.90971,80.92183,0.6360976,20.003965,2823.8477,5.2595096,8.101282,0.10299324,0.14055647,15.909332
94,2.1904373,0.4165001,0.6497288,1.0002909,0.061784744,0.07816315,0.08491135,0.11701584,25.910946,4.5270925,7.45573,13.327832,0.035714287,0.14473684,0.16778524,0.046296295,0.0,0.0,0.0,0.0,0.10429832,0.23512171,0.1727379,0.11397621,2.0539231,1.3805939,1.676779,2.1487546,5.899931e+07,6.952932e+06,1.2694183e+07,123559.73,0.00070119405,-4.4323167e-07,-3.8365174e-06,8.610624e-05,29.791178,26.488623,7.163438,45.931923,1.028,0.71991414,0.85121995,1.0831203,8366.637,1093.2227,1734.6445,3815.4062,21.82706,21.656006,21.317284,21.35105,0.02778824,0.0036474213,0.0067089237,0.010042049,21.737337,21.654125,21.337603,21.37387,0.0268507,0.039444923,0.039793015,0.059901237,0.9047619,0.5394737,0.62416106,0.7777778,3.1501007,0.06808135,0.85367,0.96428573,0.6343193,0.06013347,0.0,0.9934211,0.23842812,0.14372975,0.09088934,0.2147651,1.4016247,0.53552663,0.085953996,0.018518519,4.084959,0.6320286,0.740736,1.7771645,0.012622948,0.008541004,0.01856486,0.014637343,16.119596,3.6503935,4.1876755,168.71904,2.3745532,1.3230127,1.4768215,2.7488916,5.398674,3.414483,-0.7811034,-6.11543,0.6065356,0.078988574,0.14301603,0.2144083,0.63216525,0.6984708,0.7625419,0.5825565,21.710121,21.632273,21.317822,20.937384,1.9087605,21.157661,2776.9526,212.3813,226.70187,0.49261674,45.698246,2.8198242,0.3312752,21.521278,2816.7957,163.97356,61.797436,0.46959147,8.645946,0.6194527,0.85925806,20.918745,2806.0515,350.67792,84.64632,0.99045545,461.04184,0.7893906,1.9882998,20.885246,2761.193,12.621536,0.34335485,0.9861198,57.73002,85.87893
95,1.7404327,0.31495285,0.4648943,0.7428484,0.040006638,0.03019905,0.07662392,0.05625534,24.11326,13.0305805,6.9530325,16.058306,0.024691358,0.105960265,0.23239437,0.020618556,0.0,0.0,0.0,5.2180482e-15,0.1057639,0.13249458,0.21818237,0.10818586,1.9223509,1.2305094,1.490806,1.924447,4.3720576e+07,7.9208565e+06,1.4025981e+07,146189.92,0.0003163822,4.428343e-06,2.5524873e-06,4.228087e-05,68.73131,19.560389,7.0520287,76.16709,0.9857413,0.6415559,0.7633337,0.962458,6534.547,855.2969,1149.2266,2740.2305,20.938583,20.878895,20.63208,20.672516,0.017808557,0.0028694924,0.004760669,0.0068534636,20.896341,20.882137,20.65514,20.664118,0.018400192,0.014814377,0.030853271,0.028083801,0.9259259,0.74172187,0.6549296,0.87628865,3.2239017,0.1042321,0.0,0.9876543,0.16660118,0.03698923,0.045551047,0.059602648,0.18341064,0.06943208,0.0633162,0.20422535,1.3160133,0.04734525,0.0,0.9896907,3.226345,0.42697906,0.48897552,1.3108444,0.008615697,0.008202951,0.01113716,0.007791988,73.454666,16.088963,14.898376,2.553174,3.847461,1.7411585,2.48913,1.002714,8.050331,1.4753844,0.043688063,8.205596,0.37288594,0.059911832,0.0982225,0.14167833,0.45262694,0.5348154,0.7218188,0.623672,20.89079,20.860794,20.629065,20.66581,1.0001231,20.405125,2821.0771,209.91463,192.87596,0.042268313,71.48266,30.179466,0.2681894,20.691534,2865.131,181.70264,55.020615,0.48575217,31.81897,0.8097269,0.5640802,20.248068,2712.8958,62.625,317.9136,0.11048927,104.20838,0.84502727,0.26953056,20.554365,2825.9595,15.210787,17.638935,0.09355293,13.108534,1.3019222
96,0.1962061,0.53332424,0.38880062,0.18902874,0.030040741,0.028240204,0.082912445,0.07316208,17.06137,25.035063,11.532342,0.5620696,0.048780486,0.06329114,0.20945945,0.22772278,0.0,0.0,0.0,1.2101431e-14,0.20971106,0.13921246,0.28369203,0.23536941,0.30364043,1.2570707,0.82001954,1.7817266,1.8851861e+06,7.244452e+06,7.539757e+06,117833.13,1.2401924e-05,1.4810561e-05,2.3774914e-05,4.039983e-06,14.79525,31.353046,0.98873997,1.638525,0.28119454,0.6622813,0.42661077,0.9205825,93.0,1484.8203,1195.1719,634.52344,21.317694,20.792454,20.586277,20.562937,0.003594177,0.004175506,0.006350646,0.0027958662,21.332458,20.802208,20.624458,20.560362,0.016242981,0.013596535,0.04041767,0.036725998,0.68292683,0.89873415,0.4864865,0.24752475,0.34451103,0.010901568,0.01749371,0.048780486,0.29706573,0.03676373,0.062445495,0.044303797,0.29374313,0.059819885,0.06197139,0.1891892,0.08734894,0.037309673,0.037784763,0.5445545,0.35664558,0.69374275,0.3984108,0.20783424,0.00870037,0.0067624836,0.018918343,0.008637002,37.909992,45.65159,62.49278,2.4855623,2.3253562,2.3235679,4.527808,1.2571299,-3.9258976,1.7919723,-0.8668245,0.13992366,0.076619565,0.086819015,0.13073616,0.05749122,0.46593478,0.5167919,0.72395325,0.79550785,21.310688,20.76355,20.558615,20.569695,0.8361022,20.98845,2699.4907,186.8419,16.529972,0.99996775,324.48206,0.7606105,0.53869855,20.477812,2851.7017,121.414085,78.92078,0.25394616,19.827486,2.8127809,0.3901681,20.294754,2888.2922,116.03812,66.01168,0.40618888,18.62052,1.5865741,0.2184001,20.435469,2809.9812,5.3310947,6.5674534,0.10190562,9.861314,0.8385054
97,0.90608215,2.3077497,2.2697592,0.1608715,0.052013397,0.085847855,0.24149704,0.12139702,14.134029,38.668755,20.184235,1.3526168,0.074074075,0.0121951215,0.006666667,0.34285715,0.0,0.0,0.0,0.0,0.15342644,0.07422535,0.18874678,0.38367605,1.7213266,1.9996996,1.6501815,0.44821933,5.1955904e+07,8.3415345e+06,1.0459634e+07,26123.342,6.979835e-05,0.0002433287,0.00031782134,1.1736556e-05,38.212,137.05646,111.54184,-0.84595776,0.8780222,1.0004411,0.8257523,0.23679644,2887.1953,9234.051,8264.285,304.42188,21.723352,20.856478,20.443811,19.911963,0.008413427,0.017453758,0.018198682,0.0036022947,21.724388,20.817028,20.401546,19.899157,0.02529335,0.04182434,0.11586857,0.057495117,0.9259259,0.98170733,0.94666666,0.15238096,1.3646126,0.10269443,0.0,0.9876543,4.458435,0.10666806,0.0,0.99390244,4.2382965,0.13708869,0.0,0.99333334,0.12533379,0.035699766,0.03565613,0.5714286,1.3467312,4.4706974,4.252306,0.17247963,0.0130087035,0.0119926315,0.020911276,0.011063474,45.066963,23.579744,83.86767,16.762709,3.1816502,3.3608758,7.006025,3.441143,4.591373,11.318482,9.824423,0.14698228,0.18276782,0.36402392,0.3720504,0.07172876,0.5263011,0.68857473,0.75979006,0.8441663,21.695248,20.812595,20.43165,19.922663,0.720062,21.382559,2797.8774,44.62191,29.607672,0.2040411,21.045359,9.423655,3.2712078,20.60934,2751.6997,84.873116,135.1573,0.90564746,69.7447,5.647898,2.2284539,19.997393,2726.1846,205.5797,220.01526,0.66415316,98.16759,13.489636,0.21125652,19.793682,2807.3464,4.1436887,2.3871627,0.02884577,13.175693,2.9268587
98,0.2845707,1.8653507,1.3962812,0.24291992,0.029859543,0.055072784,0.105545044,0.09327316,16.903154,38.63381,13.405722,0.43682548,0.06410257,0.056962024,0.18055555,0.24038461,0.0,0.0,0.0,0.12598895,0.23775055,0.09747428,0.17261851,0.21340719,0.23744726,1.909082,1.5055336,1.9930472,1.8265085e+06,8.404207e+06,1.0341286e+07,138741.94,2.7249533e-05,0.00034338387,4.4305874e-05,5.481775e-07,10.368188,45.62831,37.44262,2.4348433,0.23084264,0.95776016,0.75848114,0.99989676,128.70312,6007.7617,4344.5664,943.27344,21.773321,21.445002,21.31352,21.27039,0.0053155376,0.018871913,0.012428244,0.0035704626,21.800148,21.412888,21.336418,21.271318,0.014929771,0.02675438,0.039361954,0.04711342,0.6923077,0.9113924,0.7430556,0.2596154,0.4586563,0.022003816,0.025019387,0.06410257,2.8175716,0.109621644,0.5001544,0.98101264,2.277811,0.1854082,0.0,0.9930556,0.115226746,0.041507833,0.056188352,0.5,0.4887638,3.2015285,2.2390938,0.32629967,0.022281967,0.021890756,0.02527688,0.011600928,49.597164,45.481045,26.454147,1.161162,2.6699896,2.7462966,2.9231672,0.87785745,-3.3669376,6.483519,4.4850335,0.717089,0.1157369,0.4047082,0.26488963,0.07594513,0.55720645,0.6516258,0.74021304,0.81232685,21.74981,21.325739,21.248402,21.265253,0.3412189,21.341251,2896.6848,182.9104,38.527367,0.6074687,19.817707,0.6180125,1.6714287,20.890871,2762.4631,165.95047,125.72211,0.21335416,10.807589,1.8361636,1.2004321,20.868622,2740.0037,126.63058,116.22485,0.43089333,88.18832,0.7967697,0.2654196,21.157425,2813.7158,8.311731,3.012831,0.42455655,8.876955,0.53062177
99,0.18587017,0.6914692,1.2737246,0.4552002,0.051799774,0.06303787,0.092660904,0.113471985,6.365394,13.902967,17.243156,2.7889142,0.10666667,0.12345679,0.08552632,0.16,0.0,0.0,0.0,3.6929998e-07,0.25763494,0.18194734,0.13559613,0.1214043,0.57803905,1.8516628,1.888643,1.7282906,7.302041e+06,1.1396128e+07,1.1502961e+07,115819.55,8.974652e-06,1.7669345e-05,2.2903261e-05,1.3928719e-05,8.427708,16.371868,50.152714,6.868098,0.3379668,0.9309808,0.9477241,0.904164,172.95703,2267.1797,4303.8477,1244.418,21.966913,21.46578,21.351679,21.249443,0.0032199477,0.005376211,0.010983629,0.005218498,21.954887,21.445652,21.311201,21.230997,0.026424408,0.027551651,0.043227196,0.0558033,0.37333333,0.80246913,0.7565789,0.43,0.2734356,0.0345145,0.035184417,0.94666666,0.26171875,0.07652296,0.12717031,0.89506173,1.2834969,0.1216831,0.7965266,0.9802632,0.17162895,0.059457853,0.107533336,0.69,0.29948616,0.7067852,2.21274,0.5556965,0.011245986,0.013424498,0.019391568,0.012674783,5.293301,8.140275,4.559799,1.8680329,1.4626025,1.592963,1.4803848,1.0394628,2.7062283,0.28575352,5.922978,1.4023536,0.07073231,0.11540456,0.23451892,0.11089017,0.6368457,0.6122633,0.7209917,0.76556957,21.957266,21.466583,21.326738,21.241741,0.35584226,21.949352,2966.334,22.170383,320.42325,0.78887206,276.37128,0.9653804,1.0070168,21.466227,2115.541,187.44656,6.6020007,0.19699495,536.09766,4.2277775,1.5212861,20.761457,3137.2524,272.5226,380.29227,0.052674524,33.870426,0.96615696,0.44360134,21.013844,2822.2798,10.0878315,0.7997007,0.22721747,2.1612353,0.9392236
100,0.24124146,0.82418346,0.49343967,0.26280022,0.031503677,0.104314804,0.2832222,0.21366692,16.585838,13.977405,2.89126,1.6089926,0.048780486,0.067073174,0.33783785,0.33653846,0.0,0.0,0.0,0.0,0.20881467,0.17470457,0.4013101,0.38779727,0.18296435,1.7533975,0.44991302,0.28459394,1.03725275e+06,8.0603145e+06,3.2274235e+06,13207.203,1.762043e-05,5.1974e-05,6.49147e-05,3.914147e-05,15.808685,58.260853,1.2603059,-0.75837135,0.24946359,0.88557035,0.23135456,0.14983924,99.76953,3250.2031,1082.7461,498.65234,20.89747,20.566301,20.38609,20.07428,0.0042304564,0.007365568,0.008447638,0.006371152,20.916653,20.543602,20.388931,20.107021,0.016119957,0.04910183,0.14773273,0.09520054,0.7195122,0.69512194,0.14864865,0.14423077,0.39341354,0.058732945,0.020955108,0.048780486,1.1583786,0.074122794,0.45258027,0.9878049,0.28759384,0.12045871,0.06956942,0.44594595,0.22310829,0.07441876,0.051376462,0.45192307,0.44052124,1.4869766,0.7433281,0.3628044,0.009024152,0.01229922,0.023994843,0.019566927,98.056755,47.86777,90.13893,41.826714,3.7688255,4.802686,7.8563814,5.4208884,-4.0059924,6.5421443,-0.8863285,-0.42252466,0.08840584,0.1514825,0.1722143,0.1278963,0.4789536,0.69085723,0.8133556,0.8428177,20.888882,20.538475,20.418898,20.07346,0.31861827,20.478539,2929.0684,174.0376,113.02381,0.57751286,21.368917,2.7865677,1.2718872,20.386919,2779.5586,28.89499,96.34216,0.879802,44.60759,7.855079,0.34952432,20.254515,2664.6199,107.92241,3.4752977,0.07933665,156.78004,9.222611,0.25523558,19.726929,2824.9656,6.573291,6.4026446,0.4540841,0.49781257,6.4657283
101,0.20950603,0.5687876,0.8131199,2.2064724,0.030548096,0.08711624,0.22616196,0.19705582,12.661415,16.538069,2.4849763,23.908625,0.051948052,0.08125,0.17123288,0.04040404,0.0,0.0,0.0,0.0,0.20875654,0.19936746,0.27987614,0.15453771,0.49634802,0.90183014,1.33404,1.8637121,3.926186e+06,5.7033515e+06,1.0992747e+07,112641.68,1.25071965e-05,3.856603e-05,5.17403e-05,0.00096954993,13.28467,13.845024,7.876481,23.323887,0.33691803,0.4784222,0.67789185,0.9318948,221.41016,1875.25,2663.1914,8271.785,21.165943,20.96408,20.692978,20.515003,0.0035948455,0.006566198,0.008836004,0.03232307,21.151354,20.932816,20.723368,20.365301,0.015008926,0.04083824,0.11066151,0.0842762,0.6103896,0.61875,0.33561644,0.93939394,0.3225212,0.023341661,0.045837004,0.9480519,0.5139675,0.061263334,0.16052032,0.94375,0.27187538,0.10518705,0.1357656,0.45890412,3.227377,0.12327485,0.74897945,0.959596,0.36401367,0.9109402,1.0163498,4.2182903,0.011496473,0.021982221,0.021898638,0.0282024,21.273678,53.159573,32.871826,20.895214,2.314418,3.6849372,4.8610435,3.6586905,3.610045,3.276083,1.0363284,4.7949233,0.076088294,0.1376543,0.18284324,0.6631079,0.51843894,0.5732192,0.838344,0.8037926,21.159922,20.973862,20.729143,20.390884,0.5721995,21.061214,2939.0051,68.3396,228.83208,0.035681784,81.43307,1.8345435,0.54639906,20.949005,2860.8687,5.9104643,549.8026,0.37212577,469.9067,5.541019,1.1059312,20.729103,2194.2915,119.15914,1.3774601,0.2272171,379.46762,17.145376,2.0610833,19.491898,2818.612,7.714828,13.669279,0.44975758,5.840997,5.0399795
102,1.0259466,0.35739517,1.0681086,0.14066792,0.032873154,0.04322052,0.06479454,0.049482346,19.81312,12.018251,19.621973,1.1848507,0.0625,0.11875,0.067567565,0.22916667,0.0,0.0,0.0,0.5983241,0.11726392,0.12533307,0.094892114,0.09414705,1.7619857,1.8861374,1.8925959,2.1001596,5.544536e+07,9.957759e+06,1.7551772e+07,147668.23,9.677405e-05,4.2151196e-06,6.37155e-06,-1.0261213e-06,65.445625,23.008093,53.359306,1.392581,0.89483124,0.9523446,0.9469033,1.0507756,3605.0781,1206.2188,3608.582,381.07812,21.384876,21.293205,21.007832,20.852892,0.009869434,0.0036001147,0.0089673055,0.002279568,21.378635,21.29293,20.999397,20.8511,0.016001701,0.021632195,0.032146454,0.024848938,0.925,0.6875,0.8108108,0.3125,1.7980843,0.06468382,0.0,0.9875,0.5116787,0.05153225,0.01847448,0.9875,1.3884106,0.08935657,0.5057163,0.9864865,0.07754707,0.03066553,0.03463739,0.7083333,1.7818489,0.51862144,1.7356796,0.16329765,0.012515343,0.008805202,0.01358925,0.008415766,33.558178,6.984799,5.9350104,0.9574425,2.621906,1.4995947,1.5838312,0.72247,7.6153116,3.2459602,6.2519903,0.36607048,0.21105662,0.07665798,0.18838364,0.047535587,0.5092097,0.6579004,0.6633994,0.7346733,21.360334,21.26664,20.986591,20.850618,0.8888308,20.925798,2812.088,103.65963,132.57867,0.0629186,51.586018,7.3352494,0.33830896,21.072533,2782.4817,56.127975,127.57078,0.03039602,74.61991,0.59874517,0.942962,20.543848,2826.5999,129.22153,146.33205,0.3224545,142.47708,1.4831696,0.10105388,20.795809,2813.0525,9.4458275,2.0188334,0.36994597,15.155414,0.5090536
103,0.32547283,0.728755,0.58634186,0.23832989,0.06336403,0.09070969,0.19501877,0.19619942,10.749536,10.52452,5.302776,2.0215325,0.051948052,0.102564104,0.20394737,0.3627451,0.0,0.0,0.0,0.0,0.24381936,0.21919031,0.32566422,0.39786184,0.26655322,1.0683839,0.73567563,0.51312256,2.2455755e+06,6.207295e+06,6.1674435e+06,42675.438,3.3348268e-05,4.1863295e-05,4.75322e-05,2.7452164e-05,11.533456,18.687107,1.230999,-1.0686595,0.26680028,0.5645966,0.3829859,0.27580395,157.17969,2147.2617,1761.5703,1192.7891,21.539734,20.930128,20.729576,20.514692,0.005833128,0.0069448063,0.009373053,0.0055598514,21.562883,20.925518,20.775303,20.505978,0.030345917,0.044403076,0.09047222,0.10050106,0.5194805,0.71153843,0.20394737,0.068627454,0.52773285,0.0316741,0.044192877,0.051948052,0.64559555,0.1081717,0.3674148,0.9807692,0.3973713,0.08891244,0.12057332,0.19078948,0.20161629,0.04902816,0.057858475,0.5392157,0.5640068,1.054266,0.7000885,0.26530457,0.019505428,0.021144567,0.027910782,0.016138628,99.553604,91.72586,119.95277,13.79821,4.2983284,4.850382,7.105619,3.2092094,-3.3522153,2.1005588,-0.29141265,0.22422944,0.12564403,0.14535569,0.19429941,0.11405864,0.53151804,0.5997085,0.7047653,0.8647215,21.512783,20.860926,20.68208,20.520626,0.32684106,21.023445,2881.6025,126.13729,77.372406,0.4412156,8.043954,3.47603,0.837106,20.46811,2825.328,76.7589,118.00083,0.21524188,4.669137,4.638729,0.6032221,20.355633,2835.8547,168.85214,66.85487,0.37178603,10.155102,8.359953,0.30953988,20.4065,2809.287,7.6194425,0.4607654,0.20843957,12.297379,2.129327
104,1.5610619,1.645361,0.2948923,0.19115162,0.031402588,0.027673721,0.04330063,0.04145813,21.194382,47.517002,12.424584,2.253351,0.051948052,0.01910828,0.22727273,0.2,0.0,0.0,0.0,0.0013517323,0.10880303,0.09745194,0.26728404,0.09129004,1.9404814,1.9891002,0.932343,1.9794822,3.8056412e+07,1.0463647e+07,7.379458e+06,135143.84,0.0002365161,0.00027508027,8.269149e-06,1.8330785e-06,67.09705,53.856857,1.3412776,19.674572,0.9803689,0.99576205,0.4827369,0.99119735,5687.207,6093.129,709.40234,648.2031,21.391012,20.762188,20.424625,20.386827,0.015437852,0.016684903,0.004377266,0.002157898,21.364143,20.72484,20.451286,20.383793,0.016534805,0.013717651,0.01910305,0.020767212,0.9220779,0.9299363,0.6103896,0.44761905,2.803028,0.08430723,0.0,0.987013,2.4489536,0.051005263,0.58059675,0.9808917,0.18749428,0.050187416,0.0418552,0.22077923,0.30215454,0.03280562,0.0,0.9904762,2.7934914,2.9950619,0.34186363,0.30231094,0.014429741,0.009308025,0.012579502,0.005337056,42.862896,31.408936,27.50548,1.4675552,2.9558797,2.3224437,3.008362,0.8904279,7.8863735,7.2252345,-0.7594878,2.9719527,0.33023128,0.34641507,0.08940402,0.043992694,0.5135913,0.5435332,0.74125355,0.7316046,21.344296,20.695835,20.412601,20.383848,2.0888674,20.50225,2806.9011,65.87705,202.50551,0.21559922,7.0365634,4.409736,2.0020378,20.447123,2728.1145,159.69446,143.31161,0.64957964,24.356586,5.0701475,0.30842996,20.228872,2658.892,108.77193,107.05511,0.0630097,158.55649,0.6214468,0.17091851,20.306677,2810.2742,13.819819,9.240701,0.8405913,26.813026,0.76102173
105,0.31020832,3.197034,3.2736378,0.17316818,0.037700653,0.033535004,0.01727295,0.016054153,9.756004,54.508663,49.46993,12.90868,0.03846154,0.01863354,0.028169014,0.04,0.0,0.0,0.0,0.0,0.11197748,0.09804592,0.07582894,0.18214944,2.0341115,1.9969084,2.0454645,1.748186,6.640776e+07,7.779361e+06,1.6782198e+07,82059.17,9.1325555e-06,0.0006402747,0.0010905176,4.042357e-06,50.741886,143.1494,97.89483,67.30002,1.0336721,0.99846315,1.0227362,0.87554485,1127.5195,12782.684,13323.336,624.75,21.09699,19.798626,18.017467,17.077324,0.0030831315,0.025595797,0.033083364,0.0020156747,21.086388,19.747162,17.936813,17.072144,0.020690918,0.017131805,0.008280754,0.007499695,0.82051283,0.98136646,0.97183096,0.78,0.5180836,0.028285611,0.0,0.98717946,6.2450886,0.12106183,0.0,0.99378884,6.4639187,0.24800125,0.0,0.9929578,0.31279182,0.014443837,0.0,0.99,0.5220432,6.257763,6.499054,0.31484413,0.004197519,0.0034108295,0.0035684602,0.002824689,16.7063,62.690052,734.4961,60.814148,2.1558738,3.1101348,6.6147733,5.0453577,6.4131064,11.727924,9.451143,7.4868126,0.0650448,0.5067616,0.59607846,0.03442233,0.53008074,0.39439765,0.25370282,0.6452523,21.091143,19.749348,17.941954,17.072517,0.30550444,20.986921,2940.42,107.78138,290.367,0.40867046,136.55789,8.588001,3.1668487,18.703667,2984.1736,82.32685,66.64792,0.5069063,48.356983,29.422142,4.2276063,17.937443,2565.6123,192.89142,43.12242,0.9345327,95.07422,383.4144,0.14934441,17.031916,2803.326,18.11846,16.68223,0.10707607,2.1147494,24.193647
106,0.32493305,0.52110004,0.45005703,0.4192152,0.045719147,0.0754509,0.14989853,0.1604271,14.561163,11.5434675,5.385401,1.4876038,0.07594936,0.11464968,0.28057554,0.23469388,0.0,0.0,0.0,3.1892688e-10,0.238389,0.19043525,0.27317694,0.20708045,0.2636256,1.6252487,1.0072862,1.225403,2.6789568e+06,9.784331e+06,9.74429e+06,73277.43,3.3131117e-05,1.3621667e-05,-1.8554292e-05,1.6056787e-05,9.988518,12.232948,0.7094879,2.9727156,0.23541725,0.8346867,0.51097494,0.61755794,244.36328,1723.8594,1733.6797,1256.9648,21.951687,21.561943,21.47229,21.490139,0.0058748946,0.005685937,0.007555901,0.0064179115,21.981573,21.559746,21.51218,21.480568,0.021827698,0.03829956,0.071956635,0.08317375,0.6835443,0.6433121,0.31654677,0.29591838,0.5066109,0.036540233,0.035088833,0.06329114,0.42910576,0.07794635,0.18621954,0.955414,0.34375,0.092746474,0.07897593,0.2086331,0.24946976,0.07918608,0.122096986,0.7755102,0.5371971,0.75022507,0.5419979,0.55023575,0.024166668,0.01773855,0.023700772,0.01901722,48.6994,15.170461,16.383055,2.1568449,2.804136,2.05255,2.662905,1.1751406,-3.2473555,2.1128285,-0.99232674,1.1693815,0.12896384,0.12259985,0.1622425,0.13792181,0.56232506,0.59776336,0.71191823,0.7972784,21.921938,21.51185,21.460876,21.473093,0.40043798,21.455776,2898.6724,141.2358,88.32458,0.6388666,19.311527,1.0520335,0.5378839,21.209402,2830.8176,126.736176,144.37201,0.24984457,6.3608065,1.1293153,0.5183128,21.186375,2669.21,110.23536,92.742165,0.097159185,150.42395,1.2616298,0.37970772,21.30202,2809.284,10.267422,4.5468082,0.26843965,11.4409075,0.90985954
107,0.20403767,1.8196259,0.6499243,0.2524271,0.060970306,0.052474976,0.05261612,0.07724571,4.059595,35.85902,8.634763,1.4791976,0.1875,0.012903226,0.1958042,0.22222222,0.0,0.0,0.0,8.33195e-09,0.23646559,0.08008217,0.13938834,0.14440084,0.7091342,1.8941149,2.0806465,2.0738597,1.6290025e+07,1.1194985e+07,1.6084355e+07,128449.375,1.1594548e-05,0.00016672962,3.388039e-06,5.296531e-06,5.0309415,134.82701,14.831072,2.7142375,0.42712152,0.94814163,1.0435814,1.0402178,364.77734,7019.543,1868.1953,687.89453,21.325754,21.167473,20.922958,20.95478,0.0034817727,0.013415991,0.005457025,0.003625672,21.337652,21.1472,20.928856,20.948606,0.02970314,0.025110245,0.026369095,0.038248062,0.4,0.9741936,0.6993007,0.32323232,0.22131157,0.07559647,0.043025713,0.075,3.4165287,0.07330449,0.0,0.9935484,0.19046593,0.1219163,0.08155068,0.16783217,0.110681534,0.048915535,0.058102097,0.5858586,0.2843399,3.4147568,0.7119198,0.27499962,0.01176,0.010616275,0.014572831,0.011235167,31.096668,8.186764,5.5792103,2.025901,3.3052704,1.7791526,1.5303303,1.0462791,-1.9059244,11.24095,-0.48321557,0.39566723,0.07425143,0.28398263,0.11417711,0.075975165,0.6206918,0.6822612,0.71322256,0.7327502,21.323296,21.123083,20.905624,20.949656,0.16387635,21.073633,2915.5002,159.22238,18.245064,0.7207623,19.283533,5.297117,1.430458,20.965792,2754.0667,193.00034,135.66261,0.77549064,63.21095,1.4396126,0.9667231,20.43121,2867.3555,335.51373,16.042744,0.99401337,413.68484,0.49934685,0.35863358,20.935205,2835.516,3.807265,1.7086371,0.3478838,11.009558,1.0526359
108,0.24159908,0.86238,1.8009682,0.56740093,0.06651497,0.10085487,0.16722488,0.21683502,8.199964,7.828937,14.997223,0.697775,0.085365854,0.14838709,0.05755396,0.25742576,0.0,0.0,0.0,0.012682011,0.2797141,0.13601795,0.09380105,0.11368455,0.2974178,1.746891,1.875856,2.1918533,5.611761e+06,1.0427554e+07,2.0645796e+07,137268.25,1.7903054e-05,-1.3130086e-05,7.70543e-05,4.669335e-08,7.5019064,44.770256,74.64013,2.1222577,0.24647155,0.8850088,0.9400514,1.1785216,317.3828,2599.4414,6311.422,2324.0742,22.212187,22.176943,21.938156,21.99088,0.0044699074,0.006310983,0.013398171,0.0077036982,22.233204,22.181396,21.95274,21.97592,0.03356743,0.04994774,0.06571388,0.1116848,0.3292683,0.7290323,0.8057554,0.31683168,0.37355995,0.016478362,0.04325629,0.06097561,1.2834854,0.094968036,0.0,0.9935484,2.9752293,0.15125495,0.0,0.9928058,0.26516724,0.09952916,0.12619407,0.62376237,0.38695526,1.270752,2.9392395,0.6549568,0.01910634,0.014781451,0.020184701,0.021452108,15.289992,3.930317,3.450426,1.3424561,2.040132,1.3018456,1.3879001,0.94512343,-2.6650805,4.6695127,7.2440248,0.63781685,0.09928642,0.1399583,0.2939312,0.1694111,0.57471615,0.6836557,0.77906036,0.81058604,22.197035,22.143158,21.924212,21.959553,0.24633335,21.894428,2835.5327,110.93939,70.74802,0.26641572,2.3016984,0.8691183,0.63214254,21.892036,2808.5015,64.228775,148.15027,0.49649686,34.617386,0.7234205,4.368551,19.724915,2930.0159,433.52127,405.42685,0.8922198,556.6922,0.68137777,0.57161736,21.638947,2810.4402,3.4663427,11.630754,0.059451524,5.737824,0.64030766
109,2.7191944,2.6038256,2.5462065,1.2910719,0.036251068,0.055814743,0.10956192,0.09698486,27.488394,52.757156,35.964005,17.924164,0.04,0.055900622,0.057971016,0.02,0.0,0.0,0.0,1.4748988e-05,0.19454725,0.20283312,0.20452195,0.10883525,0.3384919,0.4067763,0.5390907,2.0795887,25363.754,1.807696e+06,4.569404e+06,146881.88,0.0024107338,0.0022847294,0.0019119141,0.000116418676,21.579277,13.63736,14.550358,81.68797,0.33539233,0.2547084,0.31283653,1.0398041,420.81772,8768.945,9899.973,4834.7188,20.736855,20.690256,20.837141,21.281582,0.049733147,0.04793737,0.046234,0.011501062,20.526493,20.44841,20.549614,21.24785,0.015930176,0.02915001,0.022625923,0.04326725,0.96,0.9378882,0.76811594,0.91,5.2249603,0.020730145,0.15998518,0.96,4.2829227,0.06982825,0.3162136,0.94409937,4.2709446,0.19477327,0.41015142,0.9492754,2.3305626,0.07516426,0.0,0.99,5.4052334,4.9805927,4.7955494,2.34099,0.003528501,0.19777898,0.13728192,0.011813742,7.266166,26.358898,33.35933,1.7075192,2.1730368,2.9860911,3.217549,0.93757045,4.7933054,3.9090137,3.9482636,8.606857,1.031309,0.9918365,0.9633844,0.2447608,0.808084,0.5663743,0.6307175,0.7061995,20.528547,20.439447,20.57112,21.242376,3.9896345,20.068676,3039.4565,66.76846,120.713234,0.20931922,20.183352,1.969063,3.1937115,20.225538,3027.97,69.00453,105.65036,0.01888148,10.125211,8.900492,3.3885937,20.059975,2797.5554,131.6246,175.7223,0.73152995,19.5845,1.8094888,0.27533618,21.0878,2808.0527,33.254673,30.320324,0.06108027,18.31083,0.9002102
110,0.5533104,0.64561844,1.3048096,0.20060444,0.06956673,0.08978653,0.15882683,0.10847664,13.122014,13.638219,11.804769,0.26022202,0.0875,0.10691824,0.19863014,0.34653464,0.0,0.0,0.0,1.23841115e-08,0.20576724,0.21646412,0.23486535,0.28359282,0.44817784,0.8961062,1.0686926,1.2023466,5.011337e+06,6.042587e+06,1.0541737e+07,89014.945,6.5316526e-05,1.897167e-05,0.00013488672,2.7597252e-06,13.726896,9.78534,21.883041,0.1061337,0.27831948,0.49644303,0.54495513,0.63838327,474.1211,1819.7891,4323.1406,856.5156,22.127542,21.591516,21.181694,21.146685,0.008190694,0.006829697,0.013275003,0.003576792,22.159737,21.59741,21.23148,21.148804,0.032832146,0.0441494,0.06564522,0.056238174,0.725,0.6792453,0.739726,0.23762377,0.76758194,0.14870322,0.062154725,0.05,0.53227234,0.019125722,0.100913234,0.044025157,0.50284004,0.083825976,0.22012196,0.1849315,0.12135315,0.038436163,0.050893214,0.41584158,0.8623524,0.75427437,2.0639534,0.23835945,0.020593412,0.015109779,0.029990092,0.011253633,118.20379,68.70903,78.87627,1.9980866,3.9232383,3.212394,5.333594,1.0975864,-3.553904,-0.5126586,2.6598525,0.2676416,0.18123993,0.14746352,0.28118706,0.075637296,0.5611099,0.6448942,0.78104067,0.77345484,22.046616,21.462719,21.071156,21.147108,0.54489887,21.328241,2887.2734,120.60765,76.35384,0.5120148,10.764373,3.544999,0.80872494,21.086128,2834.7695,222.29457,18.792263,0.65869707,26.339048,1.0487071,1.1419947,20.730064,2807.1975,95.566055,53.62934,0.0969194,10.939401,1.5770701,0.18464865,21.090137,2814.9417,9.27354,0.3669398,0.20615532,5.6118755,0.64073175
111,1.3626032,1.9569788,0.84560966,0.6299305,0.059490204,0.072818756,0.18719864,0.19190598,16.461578,30.655111,9.52016,0.6495931,0.0625,0.061728396,0.25675675,0.27,0.0,0.0,0.0,0.07684157,0.12815729,0.08188226,0.25580585,0.109269485,1.5766133,1.811816,0.91505295,2.3270082,3.4040644e+07,9.516575e+06,8.083908e+06,168882.72,0.00014684291,0.00015109534,-2.2535653e-05,1.0086705e-05,44.488388,108.57232,2.1823902,3.196075,0.8119672,0.9151785,0.46675,1.1735104,4190.7305,6939.797,3463.6172,2081.7383,22.413113,21.844292,21.866055,22.024216,0.012270565,0.0137046,0.011695863,0.007632883,22.412783,21.83062,21.946495,22.025139,0.029150963,0.036409378,0.071826935,0.09578133,0.925,0.91358024,0.5675676,0.38,2.1271362,0.13900512,0.0,0.9875,3.4524689,0.12705803,0.0,0.99382716,0.54865265,0.1596574,0.11267415,0.20945945,0.2467823,0.118310235,0.10990497,0.49,2.1008797,3.444828,1.2253532,0.7247162,0.019226512,0.015234155,0.033951275,0.024947964,29.079033,31.145851,24.57876,1.2091757,2.2678587,2.1827426,3.0837505,0.88025224,5.2917128,9.383675,-1.2526672,-0.37867236,0.27502155,0.29936728,0.25574237,0.16810825,0.5370106,0.6540313,0.80173135,0.796803,22.354929,21.716946,21.770105,22.007425,1.5501871,21.736692,2842.048,50.927906,79.5797,0.9148914,160.07043,1.667125,2.196051,21.202362,2792.641,98.43891,124.28026,0.46766835,21.57921,0.65046257,0.784673,21.369112,2688.7708,90.00934,54.1453,0.0789372,214.73343,0.66058004,1.2301136,21.254272,2807.0518,6.4458246,7.3548493,0.99183077,45.225475,0.59252554
112,0.3042345,0.30496883,0.65450287,1.7788801,0.1529522,0.12184906,0.062992096,0.031133652,3.6398673,6.2355204,20.80214,31.964806,0.14864865,0.22222222,0.041666668,0.020408163,0.0,0.0,0.0,0.0,0.32316372,0.2117286,0.096465,0.099019386,1.1037781,1.092218,1.9847369,2.0469694,2.7534562e+07,5.820363e+06,1.3728418e+07,152624.78,1.899387e-05,1.1777408e-05,3.3007476e-05,0.0003116715,6.4620223,4.1244655,57.88037,94.16796,0.55207914,0.5464991,0.9923858,1.0235567,1134.75,883.5781,2371.7305,7209.4883,21.790447,20.632502,19.913794,19.586071,0.0044745742,0.0039041173,0.006085047,0.018091721,21.75072,20.601147,19.893347,19.546095,0.05077839,0.036231995,0.027950287,0.015434265,0.2972973,0.45751634,0.8680556,0.97959185,0.16591454,0.024812523,0.07801115,0.5945946,0.14146614,0.030426474,0.062229723,0.6535948,0.9005604,0.052368097,0.33705476,0.9861111,3.4739819,0.049370404,0.0,0.9897959,0.521616,0.4111824,1.1468315,3.4785118,0.010609682,0.009158652,0.0065840874,0.004238185,17.303501,21.838,18.679842,11.462951,3.4958882,3.6549501,2.8316994,1.6399986,1.7893262,1.3659726,6.8705077,9.626478,0.09750298,0.080551706,0.12117637,0.35434574,0.8825923,0.84509706,0.667623,0.48868215,21.787823,20.630291,19.90586,19.550543,0.4300207,21.600489,2844.1892,73.22825,209.21588,0.12988976,71.79725,9.374705,0.51175946,20.562181,2632.5117,169.97685,236.5965,0.88989705,207.538,10.817845,0.6650073,19.639887,2864.705,90.141464,163.46559,0.07658851,46.66616,9.292575,1.1359789,19.55152,2732.5713,24.331907,66.32442,0.9998004,73.12476,6.1140833
113,0.2684679,1.0081577,2.4240236,0.3507042,0.20817375,0.15286446,0.33335495,0.23239136,0.69902384,9.839249,8.474088,0.56396157,0.34146342,0.12025317,0.07534247,0.3398058,4.196865e-12,0.0,0.0,0.0,0.29304206,0.1707693,0.23700957,0.32834938,0.9708905,0.49029016,1.1662654,0.89930266,2.1078904e+07,2.4413478e+06,1.1776493e+07,49219.43,1.8298831e-05,8.320597e-05,0.00018052886,4.212772e-05,-0.72202706,8.907776,49.4081,-0.64365864,0.48594373,0.2807474,0.59843403,0.45871007,861.64453,1578.2891,6824.301,1081.4922,23.354334,22.126055,21.794275,21.474867,0.005591373,0.0100452285,0.018140864,0.007679508,23.382553,22.106236,21.757462,21.4688,0.08966446,0.076301575,0.16022205,0.1140728,0.14634146,0.613924,0.7123288,0.2038835,0.22269821,0.07584957,0.06294565,0.4390244,0.8271694,0.14451264,0.087520234,0.9556962,3.658966,0.25507823,0.0,0.9931507,0.2825222,0.09868237,0.086564995,0.65048546,0.31086922,1.0691261,3.6707172,0.3680439,0.018007223,0.02144627,0.033238728,0.025055984,2.4739873,14.887449,12.163698,4.7798285,1.3257741,2.2457957,3.0524607,1.7358103,-0.28905848,1.1919541,5.129346,0.17231703,0.1305828,0.22226128,0.39536697,0.16491641,0.85108995,0.61399114,0.8572126,0.7994064,23.351562,22.170242,21.829893,21.487686,0.7703113,23.057941,2851.3716,47.757874,237.54314,0.404736,93.923874,1.2845021,1.2416273,22.128288,2944.0881,16.853693,1.8722886,0.5103627,115.88038,2.0038826,1.3346082,21.415638,3089.7437,234.56673,1.2988751,0.0787163,107.22432,5.473358,0.50024414,21.250101,2821.9316,3.5985126,6.8210216,0.5333541,1.0562899,1.3320035
114,1.2254629,0.55468464,0.6700001,0.35726452,0.07350159,0.12354851,0.203928,0.17443085,17.019735,10.439951,7.537236,0.8175655,0.06329114,0.13664596,0.22222222,0.33009708,0.0,0.0,0.0,0.008479838,0.11370571,0.16086641,0.25349468,0.15270652,1.6020445,1.1993223,1.0354226,1.6963353,4.9563204e+07,7.609942e+06,8.829347e+06,112176.34,0.00017570646,-5.0594328e-05,-0.00014767145,8.539408e-06,38.685337,5.6623116,1.7487936,0.063256025,0.84118456,0.66458046,0.5385987,0.84852064,4810.164,2210.6328,1949.0234,1069.0273,22.779524,22.464449,22.244202,21.80044,0.0135516,0.007691218,0.009834858,0.006298046,22.716408,22.441822,22.179272,21.780067,0.036258698,0.060972214,0.075286865,0.0782814,0.9113924,0.44720498,0.4652778,0.24271844,2.3013859,0.1691725,0.0,0.98734176,0.61543083,0.10060225,0.061148103,0.94409937,0.4273014,0.12073392,0.12466284,0.7638889,0.25060654,0.0838788,0.07440605,0.7378641,2.335369,0.69049263,0.6947861,0.4137802,0.034420155,0.032620832,0.028120557,0.020393942,5.0090933,6.0217485,3.6194513,1.3647604,1.3389131,1.271783,1.2865541,0.9504518,5.727345,1.8822048,0.35962793,0.39048782,0.308699,0.17277898,0.21876855,0.13730018,0.59577334,0.5539094,0.7030574,0.8075386,22.718086,22.475573,22.195202,21.773357,0.9278915,22.656816,2919.2114,34.3243,171.6491,0.11172802,155.39287,0.9882483,1.056106,22.094862,3192.6638,281.50986,34.10958,0.9996586,487.02066,2.2912772,1.8852719,20.149094,3387.856,298.53094,199.76924,0.98736864,78.000275,0.45232043,0.2354563,21.696674,2827.3464,4.823576,4.5251307,0.55580103,5.606825,0.6788725
115,0.39872265,0.5009613,1.5830631,0.35728455,0.048078537,0.07954788,0.09448242,0.12813568,9.191892,8.682981,17.648968,1.8588462,0.06666667,0.10559006,0.08275862,0.26530612,0.0,0.0,0.0,0.07803596,0.18589982,0.15317008,0.12772219,0.2033133,0.78543663,1.6243122,1.7142936,1.6355276,1.5684968e+07,1.0159616e+07,1.236236e+07,111646.94,2.0216521e-05,1.0955827e-05,0.00010462955,5.539889e-06,9.18791,9.259459,43.7612,3.3179085,0.51188356,0.8467824,0.8584579,0.82358396,790.85156,1748.7852,5373.5312,1255.7539,22.189394,21.904516,21.541183,21.532835,0.0047220257,0.004845688,0.014536984,0.0053655254,22.204102,21.911945,21.530622,21.510813,0.024446487,0.039857864,0.048683167,0.053286552,0.68,0.6335404,0.737931,0.37755102,0.3857937,0.037578925,0.059110362,0.053333335,0.38042068,0.10364086,0.07090233,0.04347826,2.2795544,0.15751164,0.59002084,0.9862069,0.20275307,0.057539172,0.09979339,0.7244898,0.4091034,0.60362625,2.6758804,0.5390873,0.014956434,0.010684382,0.02655957,0.017360384,16.440388,13.224217,10.256926,1.2100389,1.8587254,1.6572075,2.0432599,0.8806096,-1.5700314,-1.4983641,5.695373,1.2921396,0.10477889,0.106142454,0.31314385,0.11553497,0.54503006,0.60344493,0.74570507,0.7969671,22.170176,21.844467,21.466825,21.51143,0.4586235,21.788738,2890.3325,125.08782,91.26518,0.7231836,33.60861,1.3082306,0.5256076,21.609203,2750.5781,136.52205,20.760878,0.12289992,121.47012,1.261351,1.2067125,21.136154,2762.7207,263.34613,155.18074,0.23007922,18.168629,0.8821682,0.34706536,21.406162,2813.0427,6.3960056,6.2510767,0.10477198,2.5790293,0.5563088
116,0.28605843,0.4349289,0.5519686,0.2389555,0.0322361,0.04288292,0.10491943,0.091890335,16.506392,23.916372,14.373475,1.1000047,0.038961038,0.08024691,0.1891892,0.26,0.0,0.0,0.0,0.00085909344,0.1899554,0.21343163,0.29141453,0.1272986,0.38125676,0.6183555,0.7906905,1.9117904,2.121617e+06,3.172367e+06,6.190508e+06,184108.56,2.1819516e-05,2.2244552e-05,2.672157e-05,3.278908e-06,19.732498,9.605292,2.2589884,3.4273772,0.3593323,0.35152417,0.41268566,0.9954334,146.89062,954.3164,1659.4102,1571.6172,21.190731,20.994532,20.972525,21.006224,0.0047185505,0.005217749,0.008656498,0.0036157318,21.206495,21.0157,21.031643,21.010899,0.01669693,0.020115852,0.04016304,0.04492092,0.7922078,0.75308645,0.6081081,0.28,0.49989128,0.012949445,0.023125364,0.038961038,0.41033936,0.08115161,0.044039987,0.061728396,0.41532326,0.05725453,0.098453306,0.16891892,0.114515305,0.03590659,0.059169836,0.44,0.5084591,0.542984,0.62124825,0.32434273,0.004445459,0.021934278,0.023522945,0.010248224,110.077614,95.65976,66.34645,1.5055977,3.4150274,3.4566915,4.5877542,1.0234921,-4.4612756,-2.764651,-0.4609608,1.0474685,0.09998953,0.1095442,0.18154863,0.07595287,0.4639249,0.6318857,0.7609765,0.8361313,21.169825,20.923542,20.907482,21.001602,0.9277764,20.712193,2793.3074,59.82604,33.640205,0.9999691,233.14368,1.4493637,0.57332397,20.38513,3015.9946,141.6911,107.38916,0.9533294,41.325714,1.0522428,0.72320104,20.413689,2988.3047,184.3823,199.67288,0.73257655,59.735836,0.8412923,0.22722135,20.908928,2820.2344,11.99605,3.6813293,0.02114979,1.4530362,0.6933082
117,1.3528919,1.1321344,1.6331415,0.7006016,0.055192947,0.0769043,0.16412544,0.19457054,19.611265,23.561998,11.984995,1.3743201,0.025,0.0955414,0.12837838,0.2,0.0,0.0,0.0,1.9744606e-09,0.10614198,0.14271805,0.12697503,0.22034054,1.9736565,1.6988381,2.1529946,1.7442985,4.5117628e+07,1.0552828e+07,1.730021e+07,130443.82,0.000175995,5.6515986e-05,5.809963e-05,2.665039e-05,67.94243,37.938023,24.684927,8.495258,0.98881954,0.8534192,1.0795115,0.87334603,5410.6133,3885.6133,5009.176,2104.8516,22.44455,21.993658,22.012516,21.722618,0.013470705,0.010401638,0.014111528,0.007460428,22.401173,21.953299,21.976662,21.709171,0.029542923,0.038326263,0.07950306,0.09914112,0.9375,0.84713376,0.722973,0.37,2.5998058,0.08374502,0.0,0.9875,1.4104977,0.1108073,0.46439996,0.9808917,1.4200993,0.18505175,0.69247776,0.972973,0.23324394,0.09357507,0.13754955,0.58,2.6106873,1.9600754,2.3619194,0.89107895,0.01454158,0.019255852,0.03435025,0.018216534,4.0036497,6.8777514,3.223676,2.0744586,1.3165259,1.4055613,1.3572179,1.144792,7.9831276,5.4633937,3.6387317,1.3245904,0.3023439,0.22877008,0.31063023,0.16206002,0.65424466,0.58196735,0.7598641,0.7911466,22.40181,21.977629,21.988539,21.709978,4.9085855,22.40253,2662.9302,157.58661,277.77832,0.9996165,123.85249,2.170495,0.80705816,21.757038,2942.604,85.91588,237.41011,0.3404995,204.13655,1.0296896,1.125487,21.526678,2910.592,132.7817,87.337685,0.31332803,187.33153,0.98569256,0.9569614,21.040834,2805.48,4.435411,10.794571,0.23453723,16.260881,0.8178816
118,1.7016068,0.6262579,0.50074005,0.73311996,0.13274574,0.109500885,0.26474953,0.18832016,11.089613,4.6853228,0.80548733,4.949508,0.06410257,0.21794872,0.36,0.10576923,0.0,0.0,0.0,0.0,0.15856037,0.20650677,0.36471322,0.25969613,1.6544436,0.95751375,0.63911945,1.1449543,3.3889588e+07,6.080419e+06,4.993778e+06,73124.89,0.00018531556,2.7233968e-05,2.2890368e-05,7.642148e-05,39.443943,7.199474,0.06557512,18.132072,0.8434556,0.50265205,0.33048654,0.5727657,5475.1016,2015.625,1233.8906,2045.0273,23.251314,22.015867,21.543894,21.246517,0.015443519,0.006519077,0.008983125,0.009394602,23.26182,22.006489,21.54179,21.210922,0.06225872,0.056102753,0.12932682,0.093364716,0.8333333,0.5641026,0.18,0.3846154,2.6837883,0.1925592,0.0,0.98717946,0.19191551,0.10039495,0.119288266,0.59615386,0.31189728,0.13442168,0.08835057,0.5133333,1.1453571,0.12290048,0.069793835,0.9807692,2.638874,0.81417274,0.65503883,1.2082748,0.031795293,0.021116445,0.028443342,0.01912841,14.565471,17.257305,23.358133,6.505933,1.9113976,2.2480304,3.5764554,1.9058357,4.9081807,0.7520115,-0.51021904,3.4781494,0.3590821,0.14352313,0.1935315,0.19960257,0.61516166,0.6380437,0.7375646,0.75211126,23.146585,21.943235,21.54046,21.237387,1.920293,22.184185,2784.833,103.282936,133.80222,0.041338,33.165295,1.0619339,0.6152961,21.635725,2833.0474,123.14599,87.55094,0.22558898,5.989694,1.5671949,0.4811065,21.318233,2718.4966,99.26734,33.964108,0.104278915,100.91832,4.0428658,0.61839235,21.012787,2818.327,7.7902856,3.1055315,0.06784877,1.9632188,2.0281115
119,0.28692532,0.7538042,1.0550127,0.44653797,0.23305511,0.20955276,0.41360474,0.33758163,0.671014,13.19746,1.6447606,0.8631534,0.34146342,0.0931677,0.2739726,0.3883495,0.0,0.0,0.0,0.0,0.33530638,0.156613,0.36624578,0.37042034,0.8113646,0.7375282,0.5618133,0.4700159,2.0013734e+07,3.4903962e+06,4.023568e+06,33189.37,2.6941321e-05,0.00011720083,0.0001594172,6.9014925e-05,-0.87079334,7.0272493,1.4777427,-0.9216771,0.4131299,0.4036423,0.292922,0.24593912,911.46875,2243.0234,2483.125,1409.4141,23.135834,21.971912,21.80689,21.55583,0.0059855455,0.012394768,0.014958068,0.009519204,23.115658,21.910885,21.84643,21.58083,0.10889435,0.09344292,0.20969391,0.16683769,0.18292683,0.42857143,0.21232876,0.13592233,0.23955154,0.07635607,0.06448106,0.58536583,0.970253,0.13385245,0.19724047,0.9378882,0.5135422,0.24948195,0.1581964,0.43835616,0.35338783,0.0934514,0.1122118,0.47572815,0.2961502,1.225399,1.2336216,0.46059418,0.018650228,0.04742212,0.046898674,0.029337129,4.4122753,25.980362,15.231069,6.965522,1.7526953,3.085777,3.3806152,2.2249517,0.057464022,2.5378704,-0.7912509,0.0713585,0.13848059,0.27233675,0.32618895,0.20519434,0.83307165,0.63694745,0.8525965,0.8346713,23.127197,21.96448,21.88417,21.534296,0.18998803,22.965042,3244.4707,176.26447,110.30439,0.31397974,13.7486105,2.3335326,1.2641078,21.931631,3008.4148,9.879154,100.57667,0.32972312,71.75119,4.7532687,0.61091775,21.344284,3102.4727,119.36696,107.55888,0.5249243,16.407415,7.2965727,0.96306056,21.076271,2808.601,16.419655,5.0250673,0.026814409,11.336653,1.4771825
120,2.3401794,0.9647894,1.1055946,0.11449909,0.033664703,0.024757385,0.054553986,0.038461685,28.05223,38.548977,26.85422,1.44912,0.0121951215,0.01910828,0.034965035,0.22772278,0.0,0.0,0.0,0.25143108,0.108732976,0.076808624,0.1063258,0.14311707,2.0262494,1.993727,2.0333774,2.0666842,6.112736e+07,1.1274445e+07,2.2306142e+07,149298.0,0.0005825044,4.329684e-05,7.201152e-05,2.785476e-07,80.908714,137.90892,81.24477,2.2784972,1.013383,0.9978975,1.0169795,1.0462239,9278.223,3458.754,4092.086,539.5078,20.610832,20.530882,20.357077,20.46017,0.024238266,0.006749028,0.009372248,0.0019315903,20.558613,20.523722,20.348396,20.459978,0.01636219,0.01257515,0.022508621,0.019083023,0.9878049,0.9808917,0.91608393,0.3069307,4.5092125,0.04034243,0.0,0.9878049,1.6816406,0.034572903,0.0,0.9936306,1.4359932,0.061055455,0.761984,0.986014,0.058120728,0.02405344,0.031975143,0.6039604,4.506445,1.678091,1.9633999,0.13251686,0.007950822,0.005552984,0.010692024,0.0061124717,26.212849,13.891264,10.727045,1.0907382,3.1115592,1.6040031,2.128149,0.8293827,8.964635,11.324651,8.318025,0.7536639,0.49957085,0.1385635,0.19079158,0.039520666,0.6091077,0.44678372,0.6779881,0.7895559,20.555445,20.51866,20.335232,20.45795,3.5086603,20.19294,2760.9512,117.819466,248.36093,0.82268876,49.38892,3.9000654,1.2712712,20.438408,2782.2876,84.716484,68.17564,0.8041579,2.5431564,5.0222735,0.9832122,19.797329,3015.5708,244.06987,403.24615,0.89891684,209.33899,2.367974,0.1553151,20.324844,2804.2307,3.328016,18.491589,0.090464145,16.981016,0.5167963
121,0.14595222,1.9480143,2.236106,0.1649437,0.07132912,0.06758118,0.171381,0.12737656,2.9916317,38.136604,27.074198,0.9940448,0.20987654,0.012269938,0.013793103,0.34042552,0.0,0.0,0.0,0.0,0.29310274,0.11481063,0.12955627,0.39730197,0.69341874,1.9200703,1.9514637,0.37503862,1.1196879e+07,9.827239e+06,2.0026852e+07,23025.496,8.564708e-06,0.00016488926,0.00034501703,1.6691092e-05,2.4759078,139.87804,102.21586,-0.85100794,0.42815325,0.96045804,0.9759001,0.18792997,426.3125,6625.0156,8714.891,286.09766,21.191942,20.532356,20.105433,19.869003,0.002999459,0.012943152,0.018969916,0.004231644,21.19542,20.510342,20.041985,19.859077,0.032520294,0.03385544,0.072696686,0.060964584,0.20987654,0.9877301,0.9655172,0.08510638,0.19208336,0.012901278,0.03983418,0.074074075,3.2667503,0.072017476,0.0,0.993865,4.2064,0.15363061,0.0,0.99310344,0.14304161,0.037332088,0.050639335,0.5319149,0.19474411,3.2687263,4.240841,0.19586372,0.01180634,0.008668388,0.015899278,0.013649798,26.232992,39.78171,66.417595,24.765152,3.4793613,3.451983,6.59515,4.1027794,-1.3569082,11.302468,9.532177,0.32905164,0.06356436,0.26575342,0.38139838,0.08407855,0.67792857,0.5522876,0.8147523,0.824314,21.19035,20.518797,20.098217,19.886328,0.22258316,20.970861,2958.474,201.66086,126.21611,0.5407218,35.19231,6.691362,1.2374774,20.485605,2597.9666,384.4597,170.20988,0.8216358,3.7076755,20.645565,2.4286342,19.968426,2697.0361,135.3125,77.616135,0.68933934,26.365318,24.728148,0.19841595,19.809824,2814.9312,3.81582,0.99215937,0.0037453969,5.6437073,4.089303
122,0.579072,0.8874321,1.7202368,1.4323721,0.074165344,0.10288429,0.15315819,0.057250977,9.773519,24.26363,17.747738,27.718079,0.03846154,0.10559006,0.06802721,0.009803922,1.958923e-10,0.0,0.0,0.0,0.11511563,0.19191214,0.16091421,0.09689569,2.0103154,0.7004958,1.7761357,2.0314755,5.138879e+07,2.8298545e+06,1.823909e+07,49706.465,2.7511544e-05,0.00011304235,0.00014904648,0.00018779794,53.402527,5.8255653,70.36264,97.16448,1.0051631,0.3504707,0.8880768,1.0177298,2159.0352,1721.0859,6359.957,3911.3308,22.694212,22.063158,20.834965,20.097939,0.0056760935,0.011879053,0.014052938,0.013874647,22.677952,21.998682,20.800688,20.062891,0.031757355,0.051872253,0.0771656,0.027944565,0.7307692,0.7329193,0.877551,0.99019605,1.0389786,0.05282002,0.0,0.98717946,0.8530235,0.10003417,0.13253522,0.9130435,2.95994,0.1621953,0.0,0.99319726,2.7832813,0.042765908,0.0,0.99019605,1.0419197,1.0029297,2.974081,2.7910404,0.008265756,0.044305246,0.02443352,0.0069474145,2.3585472,12.177336,12.455244,4.8024216,1.003832,1.920027,3.0878131,1.6849858,6.6883764,2.2223132,7.2909994,9.743807,0.12881447,0.26208943,0.29279247,0.2788518,0.6453354,0.5539467,0.83801395,0.77161765,22.674051,22.003641,20.76423,20.065735,0.700447,22.629044,2730.4346,203.96312,192.2303,0.9128612,88.740944,1.2692097,0.83387905,21.403225,3168.4683,340.89487,18.787731,0.98910785,196.84395,6.276702,1.8702866,20.738405,2534.065,565.0515,568.37854,0.99700004,290.8004,5.7879615,0.8289125,20.065157,2779.0227,2.2003973,0.2645754,0.15989596,1.2086239,2.5532835
123,0.44294453,1.9762449,0.6451998,0.55545044,0.07653046,0.1041832,0.20251083,0.1679821,11.4612875,27.48606,7.7071457,1.0674582,0.051282052,0.086419754,0.24475524,0.24742268,0.0,0.0,0.0,2.9642955e-14,0.22538458,0.12973355,0.2781943,0.23102903,0.32168555,1.6549677,0.6317362,1.3319608,5.6077735e+06,1.0538568e+07,3.9254025e+06,81163.78,4.748281e-05,0.00016736789,4.8285965e-05,2.3021226e-05,12.188844,47.267315,0.8100691,7.9343987,0.25551137,0.8377948,0.32526696,0.6722352,337.41016,6619.3867,1641.75,1600.125,22.680752,22.236132,21.755392,21.48383,0.007210897,0.01674134,0.010370721,0.0067590293,22.710783,22.221027,21.813341,21.476377,0.0393095,0.052835464,0.09371567,0.08687782,0.55128205,0.8888889,0.36363637,0.2783505,0.6915474,0.0682832,0.056225352,0.051282052,2.89394,0.18557315,0.5410833,0.9876543,0.4921913,0.12621629,0.10226188,0.2027972,0.21391487,0.0699858,0.12783429,0.5670103,0.75504494,3.2559204,0.89214325,0.7961407,0.023172857,0.036795106,0.031155497,0.018610265,31.63197,51.439884,29.044193,2.4948404,2.2158372,2.8566568,3.3567603,1.2787162,-3.434664,5.7210836,-1.1308687,1.6986945,0.16354856,0.37226263,0.22561911,0.14520983,0.5703709,0.73835844,0.7662016,0.80480516,22.613577,21.965961,21.681787,21.472897,0.5356536,21.942892,3004.3171,184.96967,56.593315,0.8977711,38.05334,0.7834819,1.8055186,21.501793,2791.4197,135.89232,69.27792,0.2404315,27.174335,0.6438212,0.6239902,21.340864,2850.921,89.982025,0.2593628,0.21379119,6.4440503,0.99743843,0.6103849,21.214119,2811.6516,7.5589995,5.4382405,0.27124014,8.028687,0.889808
124,1.5599623,0.70047665,3.1488914,0.02894783,0.014762878,0.009521484,0.01738739,0.017242432,24.658133,45.75971,46.023087,0.5234064,0.013333334,0.049382716,0.006993007,0.34020618,0.0,0.0,0.0,0.0,0.112526625,0.07443579,0.08268948,0.26234356,1.9905164,1.8503991,1.985489,1.2916815,4.4650876e+07,1.3368088e+07,5.0968145e+06,116228.79,0.00030723718,3.0168632e-05,0.00076391484,2.9083895e-07,71.23879,131.2385,139.23831,-0.05527258,0.99810296,0.9328789,0.9931762,0.6494321,5916.0156,2567.7031,8374.0,206.83594,19.310509,18.742851,18.682642,18.678768,0.017530227,0.0055039995,0.027664293,0.0006962645,19.284527,18.741444,18.657007,18.677544,0.0073623657,0.0048093796,0.009393692,0.008584976,0.93333334,0.9444444,0.993007,0.22680412,2.895525,0.05333982,0.0,0.9866667,1.2465096,0.03251787,0.0,0.99382716,6.14032,0.05906987,0.0,0.993007,0.021995544,0.0074211787,0.008357388,0.6597938,2.8829002,1.240221,6.12302,0.034589767,0.010007076,0.002889604,0.009973169,0.002322002,371.87256,245.38507,242.79218,3.0143764,7.225228,4.582343,7.7126403,1.3991135,8.321101,10.742017,11.720616,0.4583796,0.3385176,0.10316064,0.51684207,0.013005363,0.45252278,0.3772002,0.7035771,0.802495,19.269056,18.731129,18.628576,18.678064,0.8353794,18.848501,2788.556,205.46512,148.3738,0.08765827,91.58821,75.51683,0.503751,18.506403,2789.526,171.52316,143.75061,0.18498239,42.630108,60.140507,3.193934,18.344624,2689.1077,213.55725,214.27267,0.8401314,120.98478,5.0418086,0.027157923,18.671083,2810.573,14.70345,0.043964982,0.51180923,10.876535,1.2126416
125,1.4023018,1.0322666,1.5485897,1.4183731,0.64492416,0.5088978,1.2212582,1.0251312,0.99416083,4.2406955,2.8366137,0.9337291,0.2278481,0.2969697,0.41095892,0.37373737,0.0,0.0,0.0,0.0,0.3409164,0.3099878,0.41657415,0.40180945,0.40149674,0.37653375,0.14643356,0.4076211,8.656883e+06,1.4773002e+06,907481.1,22173.025,0.00042266477,0.00037039735,0.0010376706,0.00087237684,1.7114253,-0.030557156,-0.91349006,-0.72759414,0.24212736,0.1883139,0.07422767,0.2088479,1733.3242,1530.8359,1428.3281,2962.6133,23.793266,22.154846,21.865683,21.52965,0.021349505,0.020663649,0.03274692,0.030020826,23.7607,22.02739,21.66267,21.525782,0.33246994,0.23986816,0.4909382,0.5068035,0.2278481,0.22424242,0.21232876,0.1010101,0.783165,0.38578644,0.22694458,0.56962025,0.9296608,0.24032146,0.24883524,0.77575755,1.315176,0.36830702,0.30602473,0.65753424,1.0973663,0.28040168,0.3895977,0.5050505,1.6469879,1.3368225,1.6902676,1.6887646,0.07007349,0.07088229,0.10197537,0.093763806,49.532307,62.845554,69.43522,54.10558,4.178149,6.0427957,6.8907886,7.640648,-0.7854243,0.8159926,0.29211548,0.32166603,0.50797445,0.45779994,0.71603376,0.64633787,0.7627836,0.7496287,0.81749004,0.8710058,23.227564,21.992062,21.643353,21.098051,2.736462,22.08348,2929.776,150.88417,107.87318,0.8590464,109.66221,5.2743354,1.2535396,21.507433,2870.287,75.564354,290.97888,0.050777603,268.82516,26.476257,1.4589301,21.436596,2701.8909,114.044495,3.2676752,0.27088407,118.33844,23.573326,1.5384694,20.919712,2814.6362,1.8115934,0.643014,0.35253567,5.4265594,12.042972
126,0.3188038,1.321949,2.7489595,0.35012436,0.13242722,0.21390343,0.34646416,0.25933075,1.2543579,8.679528,16.291252,0.99284065,0.22891566,0.15337424,0.020547945,0.37,0.0,0.0,0.0,0.0,0.32367465,0.24199891,0.21887851,0.39770553,0.2900186,1.386575,1.5743893,0.30273274,5.735354e+06,6.9438305e+06,1.6639517e+07,14890.332,3.329313e-05,0.00017280893,0.000695419,9.742479e-05,3.7299902,60.900314,92.28639,-0.8398557,0.22499315,0.69392544,0.7876356,0.16537052,351.5,4864.2656,10008.75,684.84375,18.82157,18.13811,17.764091,17.54772,0.0057720677,0.013147839,0.026378527,0.009872092,18.823462,18.101677,17.668976,17.523018,0.06937599,0.10031319,0.11573219,0.12929535,0.31325302,0.6441718,0.7123288,0.14,0.1579628,0.0932935,0.054709785,0.45783132,2.3952599,0.14767498,0.0,0.993865,5.0621357,0.21063712,0.0,0.9931507,0.29830933,0.088218875,0.09577721,0.59,0.42700577,2.416994,5.1225777,0.37125015,0.016953535,0.02746117,0.037489075,0.0312797,1757.7618,4136.453,5536.428,3671.0195,28.789227,49.203156,59.623318,50.02525,-1.2820125,6.273495,8.635532,0.26298293,0.108639374,0.23847695,0.46859056,0.1732327,0.687978,0.7689521,0.8635567,0.82497245,18.810629,18.110476,17.754799,17.536152,0.4433298,18.432854,2689.518,32.749664,163.51143,0.06825215,129.77621,455.0852,2.47673,18.0623,2664.2454,186.84889,252.11746,0.98572475,160.00102,1906.2584,0.98605514,17.521149,2742.6543,460.31137,257.76447,0.58022636,87.89806,2567.527,0.47009507,17.199333,2823.6821,5.1475406,0.093545415,0.5532786,0.8221339,669.5701
127,0.4890089,0.39507198,0.38632488,0.54273033,0.038619995,0.03348732,0.05596161,0.07252884,12.993931,16.225214,9.926821,7.833333,0.07594936,0.09090909,0.20394737,0.09375,0.0,0.0,0.0,8.770762e-15,0.17951886,0.12933084,0.2458025,0.082770616,1.3133497,1.5654616,0.7978439,2.1045175,2.940836e+07,8.820524e+06,6.302172e+06,122556.086,2.3375924e-05,9.940919e-06,4.0952427e-06,1.8572255e-05,31.686687,37.10045,5.4164014,42.345592,0.67235994,0.81177914,0.41784948,1.0532793,1398.1406,1102.5664,1103.8242,1737.6094,21.126091,20.69635,20.808996,20.861181,0.004875487,0.0034449864,0.0049358523,0.0049889483,21.13102,20.695765,20.824276,20.852158,0.01947403,0.01674366,0.02554512,0.032920837,0.89873415,0.8116883,0.6381579,0.7083333,0.72826195,0.06281813,0.0,0.98734176,0.47974396,0.04373376,0.18610565,0.987013,0.20534325,0.043633666,0.07272815,0.16447368,0.83568764,0.059956834,0.0,0.9895833,0.71411324,0.60569954,0.45889473,0.83600426,0.011248391,0.007924213,0.014904857,0.009318881,44.739628,14.3200445,15.8042345,2.5464966,3.127904,1.8997877,2.4011083,1.0315024,3.7055001,4.281508,0.66961366,5.2412977,0.102999985,0.071298644,0.10271013,0.10407536,0.5235664,0.54832745,0.70690703,0.64738315,21.11327,20.681955,20.78851,20.857323,0.48703557,20.845364,2824.329,112.86489,104.306786,0.27756554,7.3448033,7.8308845,0.3983562,20.514812,2818.3086,93.64914,92.492134,0.12526141,2.9324522,1.4316821,0.44326508,20.633095,2700.5427,156.5805,42.95777,0.34217188,119.64753,0.72845036,0.5304547,20.595974,2821.6213,11.018291,5.4075956,0.42644146,5.7801595,1.2752253
128,0.62842274,1.2927942,1.0178967,0.251029,0.079696655,0.0584774,0.049106598,0.01612091,9.95528,29.951384,31.838013,20.427082,0.086419754,0.03164557,0.034013607,0.019607844,0.0,0.0,0.0,0.0,0.1651595,0.09830823,0.10903503,0.12648055,1.3165497,1.9293816,2.0137062,1.9651368,1.0285136e+07,1.4088223e+07,1.5772727e+07,134919.06,5.3773056e-05,9.129603e-05,8.377518e-05,7.4392997e-06,21.962719,91.27443,95.42256,72.903854,0.6725503,0.96668184,1.0069385,0.9843787,1128.8672,4804.703,4034.7031,966.91406,22.877548,21.43868,19.43552,18.428177,0.0077336826,0.009949194,0.009257322,0.0027495923,22.893719,21.427177,19.414585,18.422802,0.04024124,0.029127121,0.020877838,0.008255005,0.6296296,0.9113924,0.93877554,0.92156863,0.9975605,0.012935374,0.08495847,0.024691358,1.6650085,0.070800446,0.9442148,0.98734176,1.9593201,0.0793695,0.0,0.99319726,0.4706211,0.019999681,0.0,0.99019605,0.99824333,2.3230991,1.9669247,0.47138214,0.01206075,0.010680779,0.010266795,0.0025543403,47.068443,8.878778,50.514175,41.752533,2.1347258,1.6576573,3.7389994,2.6177244,-4.2310147,8.814061,9.099945,8.093788,0.1769277,0.21329759,0.17992087,0.05066997,0.5167294,0.5647383,0.5241618,0.4145613,22.763607,21.419119,19.411657,18.428108,0.60405093,21.980543,2903.354,128.88673,79.664154,0.28156638,6.91329,4.691321,1.5626998,21.41504,2749.8599,143.41336,23.814518,0.9480892,9.905546,4.615536,0.58449847,19.129908,2885.2014,208.10081,279.8578,0.47006443,204.52896,25.213438,0.20081133,18.333652,2819.751,9.254521,6.621246,0.16825321,3.6468465,21.231173
129,0.33168793,2.0771475,1.3351727,0.368865,0.050352097,0.088523865,0.11620712,0.16526604,11.752971,23.832798,9.278061,1.4749929,0.077922076,0.08219178,0.1849315,0.2580645,0.0,0.0,0.0,0.064932704,0.23194702,0.11015568,0.15521502,0.100551344,0.43078476,1.9564466,1.5511,2.365725,8.782417e+06,4.0269902e+06,9.5023e+06,227301.97,2.4460262e-05,0.00014535165,-8.470853e-05,4.7019757e-06,8.191888,66.87007,19.856056,1.763408,0.29969916,0.98373485,0.7833686,1.232155,527.71484,2880.6172,2247.0469,2772.2188,22.088703,22.027136,21.711506,21.744251,0.0051106755,0.012949188,0.010882331,0.006325502,22.114948,22.016815,21.738136,21.726612,0.023527145,0.045193672,0.05605793,0.07617569,0.6233766,0.9109589,0.7123288,0.2580645,0.4243183,0.019252261,0.042005796,0.064935066,2.8097286,0.16575631,0.0,0.9931507,0.3759308,0.15700623,0.18505976,0.21232876,0.23745346,0.07225421,0.11658088,0.72043014,0.45192528,2.800806,1.6739769,0.48602867,0.021079378,0.0216479,0.025880482,0.020248175,26.723831,14.290258,8.883886,1.2320547,2.2968018,1.8171469,1.8252684,0.91452044,-2.7625988,5.788985,1.988642,1.0787178,0.112888195,0.28523353,0.2362718,0.1375433,0.56217504,0.6506576,0.7070503,0.8142572,22.068346,21.93308,21.686018,21.710342,0.4498094,21.687159,2943.0093,223.15977,15.080504,0.93982136,71.67161,1.0989034,2.0507972,21.352518,2591.0256,171.20021,226.5173,0.3148839,113.630264,1.0120955,1.9219375,21.384003,2500.2324,93.93415,133.80342,0.24500091,140.48407,1.1766256,0.00059807656,21.709227,2828.0503,6.374447,0.4539421,0.0422546,1.3822439,0.6590565
130,0.16448402,0.33257294,1.9290228,1.5975094,0.06622887,0.04445076,0.060100555,0.053323746,2.0944426,9.015195,37.991226,27.318363,0.2,0.10828026,0.013422819,0.021505376,0.0,0.0,0.0,0.0,0.3264622,0.13022774,0.07948837,0.10957638,0.42972875,1.8025624,1.9956559,2.0400481,5.8583775e+06,1.2242889e+07,1.2830706e+07,169060.69,8.060255e-06,5.9791323e-06,0.00020719833,0.00027364478,2.3226924,30.45776,135.4175,71.675316,0.26688114,0.9026688,0.99782974,1.0206401,228.58203,1071.0547,7376.7383,6396.215,20.688057,20.711676,20.364016,20.412638,0.0028757749,0.0029455395,0.014861433,0.016745878,20.687084,20.709085,20.346457,20.36602,0.02843666,0.022306442,0.028507233,0.025356293,0.33333334,0.6751592,0.9597315,0.97849464,0.17367744,0.023047112,0.041534703,0.06666667,0.39297867,0.04043788,0.15445033,0.9872612,3.608595,0.064983025,0.0,0.9932886,3.0849285,0.1211384,0.0,0.9892473,0.18735695,0.49977875,3.6019382,3.0983753,0.011729128,0.005727272,0.0072643734,0.0060752076,47.097576,10.303852,6.6501436,3.5213494,4.614784,1.972106,1.9621028,1.1953595,-0.9456695,3.98915,11.371274,8.22673,0.059494194,0.06100706,0.30263844,0.34182754,0.66828054,0.6141099,0.75785476,0.6368034,20.688234,20.707487,20.346878,20.373936,0.1961056,20.448988,3026.2727,148.66089,91.52698,0.91729593,34.102787,10.463158,0.30198053,20.5845,2841.4753,77.86118,108.47546,0.010227033,15.960801,3.6474838,2.9891903,20.26387,2783.8064,74.39953,121.7263,0.9330333,3.50404,2.2414877,0.84623,19.96591,2818.0176,15.900485,9.271677,0.17209692,5.372591,1.7679851
131,0.4804182,0.7285166,1.0701208,1.1458197,0.09869957,0.23800659,0.3134575,0.24188232,9.294654,3.6125906,4.608525,2.9715798,0.09876543,0.17419355,0.2720588,0.19387755,0.0,0.0,0.0,0.92038643,0.2332155,0.13323732,0.23794669,0.10306626,0.77612215,1.1512353,0.8815152,2.0392518,9.185165e+06,6.646442e+06,7.877366e+06,118602.586,5.0051058e-05,1.21714465e-05,3.763066e-05,-8.847865e-05,10.579419,2.1355548,3.0608232,4.999813,0.46722093,0.61774004,0.5031053,1.0266753,726.57294,1593.3516,2632.8242,2593.504,23.047604,23.156176,22.811613,22.665964,0.0076303016,0.010292119,0.014598222,0.013267628,23.078503,23.169653,22.89867,22.62337,0.049461365,0.12013245,0.13557911,0.12778854,0.49382716,0.32258064,0.4117647,0.45918366,0.7354889,0.024080763,0.0739387,0.049382716,0.6385231,0.115624964,0.16963568,0.077419356,0.6424885,0.27355725,0.15733637,0.23529412,0.5389824,0.18588646,0.30069423,0.8061224,0.75608444,0.744051,1.4644394,1.2702198,0.024083657,0.040398613,0.0395827,0.036068812,18.9211,9.947847,5.262179,0.8051912,1.8568112,1.6617188,1.6986994,0.7201194,-3.100632,-0.6754819,-1.3297912,0.9364838,0.17586017,0.23832613,0.333009,0.30072358,0.5703023,0.7366074,0.81972694,0.7817084,22.974712,22.91776,22.730915,22.576775,0.50075734,22.38741,2871.9297,147.95457,61.311234,0.49328536,11.154177,1.1844664,0.79689807,22.481161,2846.7378,101.17625,77.276344,0.4306595,11.081555,0.555204,1.6197059,21.882845,2314.384,114.18985,297.9965,0.009765643,375.69196,0.5408821,3.5462608,20.306702,2792.8523,16.738998,10.089201,0.94203997,111.34655,0.42679453
132,1.6130009,1.7435074,1.9703655,1.0655823,0.7094593,0.7691002,1.4950581,0.7340641,1.7210592,0.57739747,1.0249691,0.4535647,0.2638889,0.33333334,0.3902439,0.3283582,0.0,0.0,0.0,0.781329,0.29321554,0.25417522,0.36079907,0.26947176,0.6510442,1.0698271,0.5446907,1.4056416,1.5763221e+07,5.8505275e+06,4.519995e+06,122927.27,0.00012819728,0.00018308108,0.0005185438,-0.00056732656,1.6893053,0.6618886,-0.9084954,-0.6022811,0.36632133,0.5419107,0.2735905,0.70960826,2198.504,3012.4375,3193.3906,2169.3594,25.110603,23.96497,23.722351,23.458387,0.02719832,0.022901405,0.037643753,0.021257887,25.138838,23.922369,23.749168,23.404427,0.35978603,0.3788433,0.801342,0.3589096,0.30555555,0.29787233,0.1300813,0.13432837,1.7087193,0.49573123,0.45400804,0.097222224,0.89834976,0.33743954,0.32179517,0.61702126,1.5157871,0.445827,0.49434,0.46341464,0.83514977,0.2634249,0.291135,0.5671642,2.0064068,2.0395088,2.2847424,1.2018337,0.10659749,0.07760649,0.111462854,0.066773996,10.794031,5.4268622,5.453613,0.86152923,2.35125,1.9167491,2.4797578,0.82595253,-1.0045245,0.0012499725,-0.029410912,0.22675551,0.68296623,0.54883146,0.89299834,0.49867573,0.9313775,0.8359603,0.8824865,0.8162469,23.817348,23.4257,22.997269,23.162004,1.4013704,23.287205,2912.492,52.598434,13.829513,0.37416118,4.8282156,0.49437785,2.1614718,23.181847,2629.0713,193.09497,8.7502165,0.5648862,192.26659,1.2091644,2.215074,22.764383,2608.9622,185.60442,15.886995,0.48998868,210.23271,1.3789662,1.7200722,22.038042,2807.8462,6.315829,4.1075277,0.049461875,14.512588,0.37596688
133,0.27779484,1.8535337,2.8659048,0.16884613,0.04071808,0.14430046,0.24001122,0.14214706,14.43884,33.71206,32.56571,0.9922312,0.05952381,0.012903226,0.013157895,0.37,0.0,0.0,0.0,0.0,0.20255393,0.10295527,0.064655945,0.414417,0.6530909,2.0355303,2.0439034,0.31272635,1.2227482e+07,1.6180764e+07,1.0075101e+07,16113.103,2.311045e-05,0.00037550123,0.00094420306,2.1812188e-05,14.210964,68.521645,65.834114,-0.9577515,0.32666487,1.0189401,1.022157,0.15668051,1085.1523,7431.3594,11519.711,242.45312,20.520254,19.97959,19.708624,19.199844,0.0048249396,0.019469293,0.0318169,0.004711484,20.535885,19.917297,19.613174,19.189728,0.02044487,0.06205368,0.12200165,0.068837166,0.63095236,0.9612903,0.9736842,0.1,0.44220543,0.02651596,0.02903206,0.04761905,3.3420105,0.08745929,0.29921025,0.9870968,5.3418217,0.14305437,0.08260918,0.9868421,0.15647697,0.04508285,0.04784977,0.57,0.47182083,3.5727577,5.425396,0.18338585,0.010388031,0.013913564,0.022136347,0.015474791,240.32361,129.42017,287.36765,90.89241,6.102736,8.550305,13.38322,7.994605,-3.760559,8.110037,7.957247,0.22412011,0.099008985,0.3889885,0.6270673,0.09045976,0.4838453,0.758726,0.7766119,0.8377125,20.50575,19.924726,19.660398,19.210308,0.24761684,20.164753,2921.7688,187.55807,17.516594,0.5306077,17.270279,29.996328,2.1650035,19.713608,2737.838,140.19522,163.59116,0.90108156,90.05199,30.577482,0.48482066,19.100702,3077.514,374.6119,149.40392,0.12828863,11.801141,72.23251,0.27936876,19.118723,2815.4397,3.899771,0.78370917,0.26143909,6.0310097,14.742987
134,0.3310957,1.336503,0.92164516,0.76190376,0.0988121,0.13999748,0.15272713,0.13997269,3.4674056,12.273936,4.706981,4.081167,0.17721519,0.13496932,0.21830986,0.14150943,0.0,0.0,0.0,0.4042315,0.20030783,0.11173531,0.17080349,0.0731233,0.94208175,1.8612424,1.9020122,2.2499223,1.8198722e+07,1.2822294e+07,1.6982994e+07,257011.42,1.6167021e-05,9.438481e-06,-5.1289073e-05,2.4852147e-06,3.6387296,53.66791,8.429462,16.752638,0.5328127,0.9350772,0.95326966,1.1385365,600.7344,4763.379,2440.5625,5600.2344,23.123425,22.570148,22.091108,21.780704,0.0050275354,0.010597348,0.008440711,0.0076582604,23.138302,22.54748,22.112816,21.75737,0.050556183,0.06648064,0.07759094,0.07005024,0.32911393,0.73619634,0.59859157,0.5566038,0.30216217,0.10698694,0.06735544,0.101265825,2.3173294,0.15625201,0.0,0.993865,0.32596016,0.1532502,0.12898439,0.1971831,0.4464817,0.10325642,0.30910718,0.9339623,0.4120083,2.3257828,0.9308491,1.101656,0.017327975,0.024223328,0.021417031,0.01961379,3.7807555,5.6814947,3.3487759,1.0273635,1.2046582,1.4081881,1.3073777,0.83484495,-1.4869374,5.781704,0.052773766,2.727576,0.11625384,0.23918372,0.18646465,0.1668023,0.66195166,0.70570093,0.7408457,0.8208389,23.10061,22.462622,22.079626,21.761005,0.37068325,22.754772,2848.6597,123.09829,96.96516,0.36381653,8.068853,0.569543,1.525634,22.09468,2713.8528,139.81871,150.59161,0.55686307,104.971825,0.68094045,1.6280624,21.886839,2412.372,2.096141,74.258675,0.8030966,387.18268,0.5843624,0.64367944,21.4534,2815.3196,8.459258,3.8019998,0.5137933,11.584463,0.52642816
135,0.17149544,0.94471645,0.6355381,0.3321972,0.0560112,0.061174393,0.101428986,0.075136185,4.4561586,23.538649,6.3234096,1.8317091,0.16455697,0.06329114,0.19480519,0.24,0.0,0.0,0.0,0.3930741,0.22933172,0.096777655,0.17537518,0.114605926,0.6662453,1.8738335,1.5711538,1.729608,1.3896086e+07,1.00838e+07,1.2991461e+07,127730.38,7.1771537e-06,4.4064232e-05,-0.00010950387,1.4478482e-07,4.9637384,54.922993,10.960096,6.3345666,0.4039986,0.94524825,0.79368025,0.892672,235.15234,3191.664,2341.7266,941.875,21.696726,21.473791,21.307571,21.307346,0.0028384596,0.007979431,0.0064775962,0.0040742364,21.708855,21.457556,21.316372,21.303537,0.022834778,0.0312109,0.048534393,0.03801632,0.4050633,0.84177214,0.6363636,0.46,0.20631981,0.031743422,0.035584528,0.06329114,1.3769054,0.07202088,0.24866101,0.98734176,0.4364643,0.09644397,0.21746944,0.95454544,0.15473175,0.053051706,0.09203203,0.81,0.24984932,1.5515461,0.83896255,0.44056702,0.010875975,0.012339533,0.015487945,0.01165304,11.461932,8.743701,5.27946,1.0321827,2.034238,1.6509212,1.6422694,0.8076903,-1.9380754,6.676068,1.6985452,1.44051,0.06158528,0.17134863,0.13802184,0.08681116,0.6440111,0.6080858,0.7463497,0.7853684,21.691494,21.430937,21.295969,21.294851,0.15964478,21.497091,2847.4646,129.24333,64.74413,0.28417233,4.1502066,1.6268638,0.57876873,21.260105,2800.084,178.37201,105.986176,0.37591064,22.264387,1.7455117,0.627411,21.16164,2704.4194,39.88246,43.853703,0.08062816,62.272945,0.6920939,0.43754828,21.078186,2814.1704,10.179714,10.124524,0.32462728,9.422785,0.53993046
136,1.6803675,1.3598309,1.8626366,1.227561,0.54332733,0.52980614,1.3914299,0.93304825,4.428993,3.893589,2.8250704,0.7015279,0.1097561,0.21341464,0.37931034,0.3883495,0.0,0.0,0.0,0.0,0.27061528,0.26124364,0.38333395,0.36222896,0.46927708,0.4331073,0.16130583,0.65042025,9.223189e+06,2.1280632e+06,925570.75,30230.145,0.0005391111,0.0005072855,0.0018423024,0.00044540715,6.1880846,2.0555665,-0.6551573,-0.8170302,0.30080792,0.2567726,0.09908683,0.33739814,3502.2266,2665.2695,2207.1367,3215.9922,23.545113,22.754173,22.685871,22.74052,0.023689346,0.024296645,0.044987243,0.025944393,23.62717,22.754307,22.72735,22.682735,0.26255894,0.2588892,0.7295971,0.48313713,0.35365853,0.28658536,0.22068965,0.13592233,2.090105,0.053475715,0.33359957,0.048780486,1.5682106,0.3089665,0.3942648,0.067073174,1.9479904,0.49800104,0.58391595,0.2551724,0.99110985,0.28945693,0.3513846,0.5339806,2.1313,1.6364269,1.9848747,1.3799896,0.073526315,0.109474756,0.14423083,0.080796495,232.50502,198.5986,125.829834,5.44844,7.8326926,9.486668,15.578093,2.1249456,-1.9518466,-0.88131887,-0.49807325,0.24829853,0.55776834,0.55285007,1.0205748,0.589989,0.8921207,0.9294886,0.90986365,0.84577084,22.359396,21.503199,20.989939,22.378086,2.2204244,21.386036,2955.4434,158.3249,120.9302,0.8405761,50.57055,4.516544,1.8200047,20.974194,2853.9631,110.01993,127.41428,0.58364594,15.261842,4.901938,1.2501007,20.70912,2841.5493,45.998302,118.60864,0.58812517,3.5925868,5.285296,1.3071544,21.747465,2823.4487,4.1463914,3.5388231,0.29309434,0.42834827,1.3997774
137,0.23137283,0.78977776,1.0663652,0.23682499,0.035131454,0.055290222,0.18511963,0.15599442,15.441574,17.44324,4.873511,0.29387474,0.06329114,0.09150327,0.19310345,0.35714287,0.0,0.0,0.0,0.0,0.23487467,0.15313618,0.2479839,0.3656872,0.24704076,1.577621,1.3718276,0.61745155,1.285475e+06,1.2022809e+07,7.7146445e+06,38435.387,1.90753e-05,3.459594e-05,5.5149667e-05,1.9178664e-05,10.282735,61.515095,24.397438,-0.5791781,0.2187679,0.80604213,0.6916329,0.31501696,114.21484,2625.2695,3034.4648,513.6875,21.272318,21.09177,21.01984,20.870022,0.0044226614,0.0062267142,0.00910774,0.005004151,21.289658,21.092695,21.036707,20.865582,0.017515182,0.026069641,0.092466354,0.07704067,0.65822786,0.8627451,0.5724138,0.1734694,0.37272263,0.020790396,0.022817604,0.06329114,1.2973499,0.079301916,0.0,0.99346405,0.2850933,0.10019796,0.15535563,0.28275862,0.1726551,0.061518535,0.055249583,0.53061223,0.40167618,1.2879486,1.4631519,0.24671555,0.018564383,0.01383379,0.019830463,0.016370015,67.97315,32.919113,34.293106,6.626555,3.3732836,2.6652415,4.19214,2.0771446,-3.3278916,5.9242225,2.7103033,-0.0543153,0.094080254,0.13133243,0.19144323,0.10443673,0.5292892,0.5545159,0.72909164,0.80482537,21.259096,21.058304,21.011936,20.88382,0.30554432,20.906124,2945.6902,166.6428,58.156048,0.7875246,33.119648,1.4423367,1.0054529,20.722256,2798.2715,46.55796,138.71158,0.511842,31.354591,3.02983,1.1931527,20.743734,2533.8513,102.49124,100.41462,0.13617423,183.41264,3.4714828,0.25868604,20.593336,2824.976,6.142915,7.1765094,0.2871521,0.3847934,1.4405934
138,1.429533,1.2359724,1.0297546,0.39782238,0.08749008,0.10369873,0.15807533,0.15711975,15.397658,15.677899,8.493829,0.574474,0.0625,0.088607594,0.16546762,0.2755102,0.0,0.0,0.0,0.7824277,0.121641085,0.07900269,0.15295522,0.102986135,1.8303751,1.9816315,1.5465046,1.8382657,4.172515e+07,8.209087e+06,1.4478444e+07,126221.89,0.00015849849,-2.508019e-06,-0.00010320059,-1.2327941e-05,64.27567,45.13094,6.1253786,0.8587792,0.9167774,0.9996336,0.7736716,0.9364471,5063.4062,2817.862,3179.0703,1298.2695,22.940815,22.34541,22.125443,22.018734,0.01304338,0.009498233,0.011715102,0.006397874,22.921696,22.327986,22.146217,22.016556,0.041054726,0.05302143,0.059415817,0.082193375,0.875,0.79746836,0.63309354,0.2755102,2.538826,0.09529246,0.0,0.9875,1.176012,0.11603895,0.6813462,0.98101264,0.67300797,0.18547626,0.27175248,0.92805755,0.21376228,0.08827637,0.09873758,0.5714286,2.526207,1.9407063,1.1201591,0.44186974,0.015194919,0.016437652,0.038485758,0.021661237,4.1026297,3.8103368,3.9275374,0.8856676,1.2787758,1.2119441,1.3419502,0.7610843,7.558674,5.238727,0.5788647,0.24360263,0.29922578,0.2122419,0.25920182,0.14087309,0.6538505,0.69505507,0.753463,0.8046985,22.896399,22.27625,22.091297,22.003119,1.172154,22.31761,2798.1616,127.172195,179.44902,0.04992194,28.063557,0.87793386,1.093726,21.804049,2839.0989,166.63962,140.03995,0.032407176,56.324917,0.6185952,1.4148254,21.433395,2994.3916,90.85927,119.33553,0.43257183,25.314905,0.732915,0.4518325,21.7588,2814.0828,6.58424,1.0055271,0.5322595,16.502672,0.44559994
139,0.29111195,0.27379704,2.3323479,0.22224808,0.04032898,0.04516411,0.06955719,0.064188,10.164874,5.2381725,32.516445,1.4797778,0.07692308,0.15476191,0.046666667,0.24489796,0.0,0.0,0.0,0.0007820987,0.22167595,0.17361866,0.098156475,0.16924714,0.5056392,1.4773521,1.9569436,2.1790936,8.759335e+06,8.429024e+06,1.1157095e+07,155164.64,1.27373205e-05,2.3427044e-06,0.00022197155,1.1666681e-06,7.841056,12.119861,82.043976,7.9447994,0.32923055,0.75209993,0.97872853,1.0978793,466.5039,855.64453,7929.4688,866.0664,21.555904,21.050613,20.90052,20.89944,0.0036702356,0.0027964795,0.018005555,0.002936201,21.569006,21.04942,20.878347,20.892456,0.019405365,0.022589684,0.030205727,0.029478073,0.6923077,0.5833333,0.94666666,0.37755102,0.27897263,0.028320216,0.039889537,0.06410257,0.074459076,0.03614147,0.054748382,0.53571427,2.833643,0.13657863,1.58571,0.9866667,0.10323715,0.032907877,0.06083363,0.74489796,0.3188572,0.3787403,3.9392986,0.3393116,0.013879895,0.008398184,0.014967477,0.0082838945,24.878922,6.9452257,7.4456763,1.5165832,2.4181218,1.6217881,1.9176282,0.906324,-1.8434387,1.8515285,8.242662,1.8129134,0.07911525,0.05886761,0.3763255,0.06136496,0.54334575,0.64876324,0.7538846,0.73215526,21.547026,21.036726,20.858402,20.892254,0.31472868,21.270454,2905.1653,152.33217,66.92162,0.6624027,34.582584,2.1612055,0.25080758,20.941221,2798.7788,137.35641,27.239742,0.05812216,20.069263,0.8271305,2.0300462,20.716759,2629.4502,359.09644,245.647,0.921812,202.64137,0.8724156,0.3758986,20.726618,2817.3762,4.1134152,13.22324,0.21431479,0.69168824,0.76134825
140,0.15935135,1.5802622,0.586545,0.15563965,0.034282684,0.030483246,0.0464077,0.050712585,10.539569,38.199196,13.06222,1.0770499,0.077922076,0.031055901,0.21527778,0.20618556,0.0,0.0,0.0,0.08308558,0.22939232,0.09668994,0.19046305,0.09895526,0.36813855,2.0231247,1.7610197,2.1874528,4.279312e+06,1.445819e+07,1.828617e+07,144377.0,9.072091e-06,0.00014369353,-4.4039994e-06,6.56937e-07,8.291184,116.63958,19.223072,2.260617,0.3154795,1.0126436,0.88949555,1.0942814,115.5625,6217.0234,2367.9922,531.64453,21.388151,20.793087,20.600021,20.581514,0.0031057324,0.012174528,0.006276454,0.0022275208,21.39856,20.759512,20.606674,20.575306,0.017030716,0.016807556,0.022170067,0.024820328,0.48051947,0.93167704,0.75,0.31958762,0.25095558,0.015405766,0.023720717,0.064935066,2.9653893,0.097591974,0.0,0.99378884,0.6638298,0.084177665,0.22811581,0.9791667,0.072668076,0.027727084,0.035624735,0.6701031,0.26000214,2.980545,0.88689804,0.18054771,0.012921374,0.010221461,0.014600005,0.0067952513,22.673813,29.261967,17.434465,1.2056284,2.325711,2.4355545,2.473353,0.8721738,-2.89944,10.177794,3.0139446,0.5919538,0.066425875,0.25314602,0.12929508,0.04584575,0.55874324,0.48453578,0.70158833,0.79629225,21.380407,20.745655,20.574821,20.580727,0.18000047,21.140898,2842.2573,118.67315,97.272675,0.33322138,3.5396287,0.98498946,1.7184457,20.596834,2744.4685,146.9918,63.031315,0.82266057,70.26218,7.532833,0.6031224,20.303312,2823.313,79.98436,145.81427,0.10627621,7.8948593,0.67462575,0.1391678,20.51226,2809.7524,8.689721,5.7762437,0.57892394,18.107962,0.6382171
141,0.4482336,1.7331886,1.2044907,0.23937225,0.1037693,0.11608887,0.1728363,0.11798859,3.4979236,26.13311,7.543145,1.3717006,0.175,0.03821656,0.14788732,0.31683168,0.0,0.0,0.0,0.15961343,0.27472606,0.09679405,0.15513523,0.18843524,1.2507954,1.7318974,1.6830567,1.4793475,4.4714544e+07,1.3160233e+07,1.6496061e+07,92207.41,2.7350223e-05,0.00012881945,-6.466978e-05,-3.7623975e-06,13.36978,109.80227,13.567702,-0.16040254,0.6301362,0.86601406,0.8431308,0.76633775,1666.1484,6241.5664,3276.582,919.4453,21.786232,21.746923,21.728342,21.7073,0.00533243,0.012283863,0.011332325,0.004731201,21.794075,21.7289,21.723404,21.688145,0.050870895,0.057044983,0.087986946,0.056072235,0.4625,0.9426752,0.6830986,0.22772278,0.54891396,0.076617256,0.16327082,0.975,3.0642605,0.10783955,0.0,0.9936306,0.7055874,0.16360001,0.41930744,0.943662,0.19508553,0.05998509,0.0535946,0.75247526,0.64279747,3.0627651,1.5342617,0.2830429,0.011312164,0.0115548335,0.033108123,0.01619371,21.228815,5.1692147,5.7659984,1.1403425,3.2547264,1.6442548,1.811469,0.8443476,2.5243046,9.672587,1.923782,0.49034318,0.11617355,0.26713622,0.24623263,0.102701604,0.731891,0.72184736,0.74908537,0.79630566,21.769615,21.737831,21.738873,21.703465,0.32375237,21.633509,2819.729,112.90118,169.46683,0.28101596,2.2803535,10.560108,0.7926283,21.690275,2696.7373,383.8258,360.72675,0.9246973,127.21299,2.603286,1.637896,20.260633,2644.3232,42.676926,363.90726,0.15641153,401.13132,2.497902,0.33274555,21.471012,2804.1704,5.5914125,9.191604,0.118504904,15.424752,0.47246853
142,0.109687805,0.596159,0.5119505,0.2846794,0.044534683,0.04232788,0.08083153,0.0684433,4.00325,20.973293,9.445036,1.4026841,0.1392405,0.055900622,0.104166664,0.24242425,0.0,0.0,0.0,4.652905e-06,0.27457094,0.08373223,0.15017441,0.2476958,0.4203304,1.9374493,1.731043,1.5348858,5.838993e+06,1.3436708e+07,1.3878253e+07,100953.67,3.6412657e-06,1.712738e-05,6.965546e-06,4.910656e-06,5.964278,85.249146,27.78238,5.2810583,0.33231345,0.9723334,0.86757886,0.7674505,111.12891,2287.8594,1969.1406,630.3594,21.106775,20.95639,20.741463,20.874298,0.0020057291,0.0047205654,0.0056579467,0.0033289322,21.11124,20.94506,20.738503,20.872091,0.022424698,0.02132988,0.037819862,0.0328331,0.30379745,0.8757764,0.6111111,0.42424244,0.15758324,0.0074521783,0.024749212,0.050632913,1.070919,0.051765863,0.0,0.99378884,0.79675484,0.07101958,0.078850344,0.9861111,0.09797859,0.04628577,0.05387086,0.56565654,0.15873909,1.0755959,0.8444042,0.3249302,0.0068059703,0.006798319,0.011376767,0.009881854,13.277303,6.591777,12.128922,1.7640426,2.2659786,1.5356393,2.277132,1.0316257,-2.1209252,8.211431,4.33383,0.49878073,0.042334475,0.09892601,0.117354095,0.06948912,0.63107115,0.5958957,0.6564971,0.77450037,21.106016,20.943525,20.732784,20.876644,0.12468183,20.942362,2957.1348,180.9166,65.08389,0.6708399,27.274258,1.9831475,0.66248685,20.86659,2745.8552,201.66049,132.65552,0.8186075,80.02781,2.551632,0.3628201,20.528566,2936.4233,179.92282,165.95319,0.3956264,57.915333,4.0692334,0.41824725,20.635492,2809.5652,2.983543,13.641996,0.9271665,26.963816,0.7417145
143,0.17844105,0.19035912,1.4382954,0.80528736,0.036806107,0.031095505,0.06011772,0.061405182,5.46377,9.709503,30.678452,22.948992,0.09876543,0.1125,0.047945205,0.029411765,0.0,0.0,0.0,0.0,0.2309918,0.17081782,0.072682716,0.1078692,0.8945824,1.0523536,1.9132366,1.5441232,1.8124922e+07,6.8116795e+06,1.7849154e+07,62027.66,4.522512e-06,1.7729759e-06,0.00018579973,0.00011621343,7.8575,9.466919,55.13754,31.745687,0.82531065,0.5409554,0.95698005,0.77210885,323.90625,460.89844,5100.1953,2985.371,20.914064,20.768124,20.548626,20.597569,0.0021941648,0.0022855266,0.014261386,0.011076859,20.913666,20.764576,20.521643,20.555723,0.01786995,0.01618576,0.026721954,0.029788971,0.49382716,0.5875,0.91780823,0.89215684,0.14242172,0.014725026,0.03454286,0.049382716,0.21441078,0.033786707,0.02582153,0.975,2.344267,0.10373626,0.2702901,0.98630136,1.2798824,0.052510682,0.32984403,0.9705882,0.2041626,0.23190498,2.53026,1.4928932,0.0054166135,0.0059453724,0.014351557,0.010392295,16.207008,7.1980863,11.905486,3.2492683,2.4184983,1.4833276,2.1889822,1.1627737,0.22730508,1.5810083,7.061694,5.527418,0.045888904,0.0474661,0.2930519,0.22815636,0.60457486,0.6085747,0.65105116,0.6407627,20.911161,20.753181,20.50973,20.554348,0.18802588,20.770605,2829.9392,173.02405,85.44395,0.43496224,7.8099055,3.222401,0.18394895,20.66641,2827.03,134.64905,7.7606783,0.34451652,13.88011,0.87792003,1.1444987,20.358765,2668.3748,297.7572,250.04912,0.7894148,156.98947,3.2998054,0.88849473,20.510746,2801.7146,10.993963,14.932563,0.88125587,7.57804,1.6754392
144,0.5833578,0.7747183,2.5245228,0.77418137,0.13432121,0.11346245,0.35940933,0.23724747,10.224893,10.709392,9.429819,1.3736564,0.088607594,0.13664596,0.15328467,0.23584905,0.0,0.0,0.0,0.106383525,0.1868936,0.144488,0.15837099,0.2146821,0.80148107,1.0922359,1.5605042,1.5701344,3.0917362e+07,4.969974e+06,8.1039345e+06,102866.37,8.3925406e-05,4.543657e-06,0.00030746503,-4.1067437e-05,8.203432,6.5341606,36.26148,4.3152037,0.5174874,0.5691814,0.7844507,0.7854838,3459.6797,1692.2461,6531.7266,2114.1328,23.080023,22.56331,22.455805,22.478956,0.009620999,0.0078062466,0.020937057,0.009795774,23.125313,22.584644,22.526083,22.483768,0.06695938,0.056451797,0.12487793,0.10407066,0.4556962,0.65217394,0.7080292,0.41509435,0.8415413,0.04826037,0.08438477,0.06329114,0.50359917,0.11791768,0.10961121,0.08074534,3.9794846,0.32593992,0.0,0.99270076,0.32268524,0.11860701,0.17416567,0.35849056,0.9020767,0.8505497,3.8801594,1.020647,0.040188137,0.029148648,0.041750934,0.030143527,35.483273,14.547194,12.395078,1.1749747,2.599135,1.7378709,2.4128137,0.80683094,-2.8526149,-0.76051474,4.0013604,1.0029813,0.22205287,0.17613477,0.47015846,0.22019878,0.670744,0.6959406,0.8183905,0.75955397,22.938585,22.419422,22.349333,22.425726,0.8590568,22.19555,2975.9597,210.03462,34.63955,0.8218305,59.7575,6.7926726,0.77956134,22.064302,2863.284,160.12904,72.81823,0.94777083,71.00088,0.47457802,1.6719134,21.621746,2755.4976,59.733093,164.96928,0.045292616,25.740026,0.9623553,0.74199915,22.091974,2813.1548,7.1054473,4.668608,0.17255844,6.722434,0.46991456
145,0.6814871,0.7785721,1.9952478,0.41791248,0.05864334,0.08603287,0.16926575,0.17197037,14.569939,11.714836,14.9904175,0.5975227,0.09756097,0.11949685,0.07971015,0.28282827,0.0,0.0,0.0,1.2126089e-05,0.21436563,0.14030273,0.13940455,0.114077374,0.5304116,1.622609,1.897152,1.8233137,1.2118529e+07,9.790836e+06,2.0054052e+07,112875.31,6.6504894e-05,1.6932143e-05,0.00016319413,1.27848125e-05,9.010551,15.967755,50.0431,0.93308425,0.36014575,0.82834697,0.95261216,0.91320884,1296.6289,2187.6484,6644.2266,1483.3711,22.398508,21.955359,21.74143,21.831198,0.0083238315,0.0070818393,0.01622384,0.006717468,22.432117,21.955257,21.78069,21.818762,0.029251099,0.04329872,0.0583086,0.09226799,0.8292683,0.7295597,0.76086956,0.25252524,0.6922779,0.0530013,0.08539713,0.06097561,0.5336094,0.10720766,0.292828,0.9622642,2.2940273,0.19140115,1.3141725,0.98550725,0.22592163,0.079457834,0.107742324,0.53535354,0.7490883,1.0735188,3.1507835,0.4751339,0.031629834,0.02011619,0.025769234,0.021021364,57.6838,15.963426,14.7100725,1.720728,2.9689162,1.8593875,2.4033945,1.034914,-2.1445708,1.9651176,5.6271586,0.51531655,0.1864414,0.15548432,0.3527295,0.14665037,0.60139894,0.6265494,0.7446144,0.7856813,22.32549,21.87838,21.695139,21.822508,0.83865863,21.693945,2950.6648,189.75105,51.308372,0.89378494,71.58201,1.7260455,0.8115859,21.589308,2798.294,130.10986,58.78978,0.09638265,19.316463,1.0867414,1.9430375,20.83445,2818.0095,96.10646,228.07361,0.22355488,17.375944,1.1027066,0.42308363,21.56217,2807.0508,7.2015796,7.460404,0.21409465,14.359892,0.82909536
146,1.410039,1.513813,0.7944679,0.26679134,0.02850914,0.036125183,0.07660866,0.11652756,24.486917,38.887814,12.20569,0.3282347,0.049382716,0.067073174,0.23129252,0.28037384,0.0,0.0,0.0,1.4432899e-15,0.11043404,0.11712002,0.23687425,0.23319785,1.8568919,1.9640739,1.1179187,1.1837641,3.2237628e+07,1.3806949e+07,9.374919e+06,72990.0,0.00024029563,0.000116130635,4.3991597e-05,7.279522e-06,61.2934,123.71052,6.928832,0.9845989,0.9740259,0.98759305,0.5697431,0.5927606,5664.8086,6168.4336,2129.6836,864.53906,21.103415,20.8592,20.967272,20.996958,0.015537305,0.011620316,0.008851881,0.0040273834,21.05202,20.82351,20.925898,21.003208,0.014564514,0.017731667,0.039089203,0.06137085,0.9506173,0.9268293,0.6666667,0.27102804,2.7546673,0.118345425,0.0,0.9876543,2.896082,0.087510884,0.0,0.99390244,0.40685272,0.08154981,0.16597523,0.82312924,0.13461685,0.048370868,0.054383982,0.42990655,2.7720547,2.914112,1.0685062,0.3071041,0.012416147,0.016161185,0.02454682,0.0125107495,38.533638,30.239157,23.559141,2.4971683,2.6661768,2.2575748,2.7967036,1.2796804,7.5431066,10.515658,1.7848457,0.19997776,0.3278902,0.24239048,0.1855998,0.0845628,0.43784449,0.4982827,0.6553585,0.80608547,21.058018,20.845406,20.95753,21.003017,1.303573,20.443098,2861.0596,122.83733,234.5725,0.38215727,200.45699,17.175394,1.41885,20.353306,2876.985,75.71015,156.99704,0.025641035,86.17279,1.0886095,0.8499831,20.463911,2803.3557,92.74939,156.80685,0.074255414,240.44691,3.5731792,0.38896,20.693062,2806.82,3.6315057,14.773597,0.09662122,13.341033,0.83998984
147,0.63370323,1.5962973,1.8229055,0.6420183,0.11960983,0.18555641,0.3339882,0.2989502,11.986384,10.97704,8.552322,0.18100588,0.077922076,0.125,0.2173913,0.3298969,0.0,0.0,0.0,3.330669e-16,0.21283883,0.12236091,0.22311719,0.31211418,0.3814542,1.4404087,1.305403,1.1692878,4.372398e+06,9.865787e+06,1.2067556e+07,111264.57,9.6093136e-05,-1.5748194e-05,0.00024982358,3.7654245e-05,11.915106,21.405216,19.922194,0.14688683,0.37462002,0.73808205,0.6573366,0.58970577,542.90625,4478.4414,5724.8906,3808.4453,23.104858,22.651684,22.174921,22.13394,0.010267915,0.012825874,0.020491723,0.010610562,23.16102,22.678638,22.22459,22.1306,0.055789948,0.08922291,0.13463879,0.14538765,0.5584416,0.74375,0.6304348,0.19587629,1.004776,0.045249574,0.07842167,0.051948052,0.69098854,0.17126404,0.22461388,0.08125,2.829668,0.30339998,0.28116196,0.98550725,0.37236595,0.14852291,0.13637744,0.5051546,1.0722561,2.1703415,2.9378014,0.65900993,0.036591563,0.040576402,0.041493945,0.0346679,47.155067,24.831224,30.07789,2.6435187,2.649733,2.2515807,3.6424627,1.3121568,-3.4273968,1.903208,3.1851501,-0.10369686,0.23723873,0.29052764,0.45440233,0.23485354,0.65829223,0.7145657,0.804733,0.8016885,22.923418,22.419613,21.972109,22.100687,0.609359,22.137796,2917.428,145.99576,56.234478,0.7296704,18.371113,0.63875145,1.5260887,21.982271,2803.9814,124.9847,28.220486,0.039021563,14.852773,0.73148555,1.7563071,21.37337,2779.635,103.43284,111.560234,0.12211129,37.452026,1.0945988,0.7234846,21.66974,2805.1982,9.522681,5.269029,0.06802824,15.0435,0.8661613
148,1.0330553,1.6398516,1.3202105,0.8148346,0.18931198,0.34972954,0.62454796,0.55286217,7.492499,4.0872893,1.7054069,0.75151736,0.102564104,0.20547946,0.33587787,0.2804878,0.0,0.0,0.0,0.99992317,0.23130058,0.18924844,0.24406187,0.17896794,0.5791298,1.1939067,0.68094176,1.7365981,1.2802069e+07,8.0759715e+06,7.039807e+06,146477.92,0.00015304457,5.479436e-05,0.0001114023,-0.00041571583,6.083394,4.1202164,0.06259799,-0.33196902,0.35393602,0.611364,0.3522552,0.86990225,1714.6172,4825.5938,2885.7617,2783.8672,23.715933,23.742983,23.551119,23.378958,0.013455971,0.017702563,0.020972162,0.015369239,23.774967,23.791847,23.611868,23.34387,0.08700752,0.17465687,0.2838955,0.26052666,0.525641,0.47260273,0.26717559,0.12195122,1.1055679,0.060845513,0.17107007,0.06410257,0.84708405,0.37798774,0.26502317,0.15753424,0.92080116,0.27794337,0.27797312,0.26717559,0.5937767,0.16066167,0.23621309,0.5121951,1.1584377,2.0763226,1.6089649,0.894577,0.053780727,0.05817026,0.06711179,0.05253,25.802427,9.035348,3.9393272,0.511346,2.33624,1.8869069,1.5742633,0.64858973,-1.8237108,-0.9414424,-0.5557573,0.40571865,0.3191209,0.42031166,0.49391788,0.3593168,0.7311704,0.8507633,0.8655914,0.85074013,23.426249,23.232294,23.270023,23.225687,0.86079943,22.664515,2864.6555,136.57533,24.697918,0.38226375,8.576755,0.6978157,1.8407972,22.309784,2723.71,8.296068,492.01065,0.9515046,415.0947,0.5950855,1.0370291,22.901134,2522.3374,189.79938,35.276535,0.12946787,298.99258,0.49066487,0.85558283,22.700521,2814.01,4.7703676,10.37207,0.15988183,8.002768,0.23235588
149,1.5351973,1.5861502,1.9886923,0.3271904,0.1587429,0.17681694,0.34443283,0.28912354,16.05675,18.448273,9.259387,0.85470736,0.048780486,0.019480519,0.06122449,0.41,0.0,0.0,0.0,0.0,0.1366627,0.17830737,0.21018325,0.3926781,2.1299136,1.5788685,1.56625,0.46436173,2.9095452e+07,1.2470247e+07,1.2247927e+07,20469.086,0.0004021434,0.000294027,0.0004193191,9.8876684e-05,31.999477,50.600834,54.796307,-1.0407608,1.1261889,0.7895624,0.78330463,0.23846462,3915.302,5549.7383,7790.8945,1045.1797,19.249956,18.483435,18.110453,17.870192,0.020054786,0.017149774,0.020514948,0.009946213,19.178337,18.418146,18.030464,17.88036,0.0708065,0.07164383,0.15942383,0.14396858,0.902439,0.75974023,0.5714286,0.11,1.8677902,0.097044975,0.79197747,0.9634146,2.366396,0.15733959,0.76236296,0.987013,3.5294685,0.23165368,0.0,0.99319726,0.30378914,0.08353263,0.0986268,0.48,2.7284927,2.9400253,3.5854454,0.34456253,0.015461008,0.024626536,0.03495605,0.03101534,1937.7037,2830.9307,3724.7158,2579.0671,29.054468,38.19563,51.999165,43.286556,5.3503833,6.323843,6.0640225,0.06693256,0.38605374,0.31698674,0.371535,0.17774074,0.6588884,0.7402832,0.8520402,0.84498656,19.18719,18.447968,18.118368,17.85649,1.3263464,18.83483,2872.2688,38.380703,151.87341,0.72366244,98.148186,1002.6898,1.4602559,18.432137,2665.5205,252.64377,235.6403,0.9842578,157.78816,1419.6257,2.3162937,17.990284,2728.584,165.1376,26.078592,0.6900564,62.33861,1632.0647,0.3980869,17.330433,2825.5583,6.938135,8.367576,0.2791423,0.35546702,517.50934
150,0.5792322,1.6234007,2.2806606,0.79811764,0.13049316,0.072610855,0.036922455,0.025619507,2.880573,25.946148,41.353313,28.579119,0.12162162,0.052287582,0.0069444445,0.00990099,9.372795e-05,0.0,0.0,0.0,0.17530887,0.10501544,0.081556015,0.097492374,1.639281,1.9568757,2.0233047,1.9835492,3.9642116e+07,9.823127e+06,1.61509e+07,88275.7,2.5719903e-05,8.736983e-05,0.0003125772,6.0812483e-05,13.364273,72.59644,135.67633,96.73482,0.8509815,0.9784725,1.0116675,0.9919685,1508.9648,5259.1523,8845.07,3058.9336,23.347061,21.927462,20.115456,19.255768,0.0063284296,0.011027982,0.018097619,0.0078354,23.329834,21.913244,20.092278,19.238905,0.06526756,0.035287857,0.019292831,0.013849258,0.45945945,0.9281046,0.9722222,0.980198,0.27996826,0.08204209,0.21029732,0.8513514,2.4738312,0.13637517,0.0,0.99346405,4.305229,0.06195238,0.0,0.9930556,1.5004978,0.021829963,0.0,0.990099,0.8485527,2.47188,4.2985096,1.5025043,0.0145625835,0.011624661,0.009837917,0.0036292248,1.7392797,3.5040965,5.7030716,7.377614,1.0062034,1.2197478,1.6840062,1.6835403,2.5072944,7.223683,11.479705,9.731489,0.14775023,0.24181566,0.36404184,0.15087664,0.75108767,0.653818,0.6989792,0.6239493,23.318663,21.892612,20.09444,19.241228,0.63028026,23.211662,2630.557,69.745186,80.03432,0.22117552,75.327126,0.8687608,1.1508609,21.346294,2856.9902,152.56749,154.85707,0.32338053,167.96011,1.8035003,3.1953506,20.036572,2666.3655,239.64174,188.03036,0.9420855,33.56757,2.2493947,1.1257148,19.014797,2757.2178,47.844353,74.00177,0.45452678,6.578851,3.508222
151,0.27269745,1.9802723,2.5245018,0.34517384,0.029434204,0.03863716,0.065237045,0.07691002,15.734312,42.65034,27.454979,2.0011046,0.03797468,0.01863354,0.021428572,0.19,0.0,0.0,0.0,0.18705976,0.18657312,0.07765184,0.07692304,0.11239109,0.43805495,1.9200227,2.0282912,2.2289925,2.9911268e+06,1.4102388e+07,1.1285112e+06,138063.08,1.6889879e-05,0.00018231352,0.00026739665,2.320024e-06,20.126965,142.09349,98.423134,10.1640625,0.37968847,0.9621982,1.0152739,1.1212847,186.08984,7346.168,1358.1224,1136.6641,21.613213,21.154535,21.07308,21.097221,0.0042085196,0.013787593,0.01877737,0.0037929788,21.628841,21.14405,21.080044,21.093706,0.01477623,0.019090652,0.025899887,0.039707184,0.73417723,0.94409937,0.8642857,0.47,0.45672035,0.035532996,0.02332503,0.03797468,3.5889072,0.07142659,0.0,0.99378884,4.2920074,0.15867057,0.0,0.99285716,0.10815048,0.048839822,0.07208652,0.58,0.4937477,3.5771008,4.254387,0.45669556,0.0043321094,0.011289629,0.019969212,0.009782283,48.34536,27.86323,19.82514,1.1244755,2.2746599,2.0584586,2.549567,0.8462074,-4.4632225,11.512722,9.12063,1.527994,0.09095963,0.2916701,0.39569703,0.080021314,0.4654766,0.5887906,0.7419381,0.79581505,21.592484,21.095373,21.019846,21.096247,1.2282387,20.966343,2652.5317,95.07849,102.87225,1.0,455.13724,0.80089194,1.9738222,20.684845,2794.1775,146.87991,153.79095,0.49536163,1.4242765,0.9575979,2.5094442,19.935423,2950.646,121.81087,184.5987,0.452687,73.83575,0.627137,0.3404383,20.934029,2816.921,9.321895,3.5888371,0.79659,17.355648,0.5850017
152,3.3111973,0.6822405,0.5178318,1.5378551,0.04591179,0.09924698,0.185009,0.16625023,26.142363,8.261319,1.2009548,16.443817,0.012658228,0.111801244,0.2993197,0.020408163,0.0,0.0,0.0,0.0,0.110329546,0.17096755,0.32106408,0.14403448,2.1756968,1.724524,1.0725604,1.8664784,3.5617148e+07,9.499874e+06,9.118604e+06,138385.39,0.0010481292,1.1474799e-05,1.970812e-05,0.00022446015,76.79371,27.206589,4.155919,61.956165,1.0893857,0.86414874,0.5363166,0.9334395,13549.266,2021.6914,1566.3008,5966.617,22.268656,21.518583,20.87384,20.59715,0.032415736,0.0054116193,0.006757111,0.015946196,22.188305,21.497427,20.861784,20.543388,0.022975922,0.046653748,0.091350555,0.08938885,0.9746835,0.6708075,0.3265306,0.877551,6.3723755,0.08456512,0.0,0.98734176,0.58945847,0.07803368,0.30882123,0.98136646,0.21607399,0.10880827,0.06284305,0.5578231,2.8974876,0.14980175,0.0,0.9897959,6.3720627,0.95355797,0.71531105,2.9216843,0.008070532,0.011547583,0.020054156,0.015603326,25.2415,5.6198716,22.90115,11.798041,1.8262769,1.7255163,3.7877035,2.6885965,8.707605,3.4812098,-1.116553,7.3481603,0.72185487,0.116450384,0.14104685,0.3284462,0.36399168,0.7380676,0.7935835,0.79780346,22.182133,21.50998,20.905008,20.565466,2.1597683,21.204458,2973.1714,247.55394,122.79972,0.023547357,11.48761,12.651601,0.5340383,21.456802,2786.1023,173.6359,5.891132,0.88295597,40.30042,2.1557822,0.8310574,20.757963,2269.492,232.3568,53.577225,0.4018527,501.5598,6.3868227,1.4984777,19.703304,2809.9678,3.0082111,11.508507,0.506243,14.579658,3.1908143
153,0.25830173,0.32039928,0.69501877,0.22920895,0.048879623,0.05893135,0.07267952,0.12063408,5.075491,7.3906207,12.306056,0.31757024,0.09876543,0.17197452,0.104166664,0.2857143,0.0,0.0,0.0,0.09883734,0.24310789,0.114740655,0.16280429,0.0892,0.9592687,1.732644,1.6431403,2.0174534,2.1226006e+07,1.0165142e+07,1.385897e+07,167389.11,7.1177187e-06,1.50442e-06,-2.9002136e-05,-8.3080243e-07,10.66706,4.755867,12.402094,0.45693302,0.48928863,0.8800968,0.8215938,1.0087564,574.58984,1008.08984,2286.9648,1403.4922,21.618347,21.60494,21.315584,21.312916,0.0028177449,0.0039626304,0.006779033,0.003870052,21.62389,21.613047,21.313374,21.306463,0.024490356,0.027381897,0.03713894,0.062458992,0.56790125,0.5477707,0.6875,0.21428572,0.22035599,0.012154638,0.045051955,0.037037037,0.18268204,0.081030466,0.058438618,0.12101911,0.57605743,0.09536406,0.17973842,0.9652778,0.13278198,0.045430306,0.05198297,0.5102041,0.29120636,0.3415947,0.7928982,0.27336693,0.0057270145,0.0112737445,0.013920994,0.011345372,13.004186,4.9191456,3.5650263,1.18894,1.9880451,1.3830237,1.3326848,0.93375784,-0.10629412,-0.5091021,1.6389207,0.26287827,0.060914986,0.085612394,0.14449905,0.08248209,0.5620604,0.6662552,0.7229469,0.8521987,21.615307,21.586964,21.296968,21.30764,0.4264884,21.34388,2690.5896,81.77789,162.44125,0.18263054,126.405754,3.308399,0.46743828,21.485079,2758.7769,227.04657,26.116488,0.67799944,85.69419,0.74931264,0.6962702,21.173836,2513.3008,171.13223,108.969536,0.1179848,167.23572,0.6578509,0.23801717,21.094376,2828.1123,9.80705,6.778749,0.33524275,1.2568947,0.5979913
154,0.41222572,0.28056908,0.4798956,0.20056343,0.036338806,0.06271362,0.13214874,0.107917786,11.951184,10.827974,6.013898,0.34186375,0.06666667,0.15625,0.23129252,0.2857143,0.0,0.0,0.0,1.785791e-07,0.2008528,0.159614,0.23837753,0.24642475,0.96251416,1.0353093,1.4191186,1.6997876,1.6298257e+07,6.303871e+06,1.2216975e+07,104980.805,1.8368215e-05,5.8330315e-06,-2.4839203e-06,5.654548e-06,14.556196,4.0378838,1.8285472,0.25934505,0.50860006,0.5626731,0.719432,0.861495,1005.66406,700.2461,1915.5352,620.34375,21.530878,21.447948,21.289404,21.00874,0.0043726256,0.004232444,0.0069248476,0.0037044964,21.537891,21.461258,21.331789,21.014797,0.020830154,0.030574799,0.05644989,0.051639557,0.85333335,0.45625,0.4217687,0.20408164,0.31554604,0.054651853,0.062095277,0.053333335,0.27783966,0.04914119,0.04960496,0.08125,0.2971897,0.10096506,0.07528867,0.21768707,0.124010086,0.044873938,0.04970597,0.42857143,0.4849186,0.3240528,0.55511665,0.20907211,0.010760926,0.016607536,0.019067416,0.0121497875,35.186237,22.969107,14.152514,1.9090441,2.5113456,2.1652238,2.5085678,1.144813,0.10285432,-1.6329346,-0.9251142,0.09475364,0.09414647,0.09077723,0.14742588,0.0778268,0.4819338,0.61273897,0.73924017,0.8256773,21.517412,21.402626,21.27484,21.013039,0.6811452,21.2106,2656.8406,150.62929,83.57628,0.31578487,159.48752,4.3836884,0.25912365,21.16657,2845.346,130.11324,66.35006,0.76107347,11.514572,0.9283616,0.5768224,21.084185,2651.4116,175.61157,13.477199,0.33698782,169.81392,0.83698475,0.1282275,20.96752,2813.6418,8.168087,0.60641485,0.16866678,8.185855,0.7232291
155,0.14380932,1.7810259,0.9531307,0.106143,0.033550262,0.021190643,0.03490448,0.038593292,10.288217,49.70601,23.52168,0.7667746,0.048780486,0.0124223605,0.04,0.23469388,0.0,0.0,0.0,1.6123505e-06,0.23679504,0.07739231,0.14353536,0.13393363,0.36763272,1.9867442,1.8183955,1.9413365,3.878492e+06,1.4609802e+07,3.7578052e+07,132460.11,6.4034543e-06,0.00018123716,6.419588e-05,9.57995e-07,11.760065,153.3652,72.304794,2.0426195,0.34088576,0.9939852,0.91123015,0.98458236,133.42578,7000.965,6943.3594,380.26562,20.431938,20.146154,20.019348,20.025959,0.0025617203,0.013556787,0.008452677,0.0016465419,20.437931,20.126122,20.012402,20.02732,0.015089989,0.01076889,0.017383575,0.019203186,0.47560975,0.9875776,0.7733333,0.25510204,0.22320557,0.015867593,0.020254917,0.048780486,3.4243546,0.042077266,0.0,0.99378884,1.2353382,0.07258856,0.6932179,0.9866667,0.05052948,0.017727064,0.02390599,0.41836736,0.24177551,3.4231167,1.7159901,0.13053322,0.007128457,0.004936275,0.0123533895,0.005581765,55.202763,21.348585,26.918396,1.81555,3.5734115,2.0830998,3.0631247,1.0617057,-3.319343,12.24369,7.566164,0.5678239,0.05234091,0.27311713,0.16921708,0.03297358,0.51234674,0.54060006,0.71324307,0.793552,20.428478,20.110998,19.987835,20.024916,0.1205336,20.220373,2898.6658,149.4157,36.93449,0.4586405,9.200278,3.409961,1.7317679,19.927786,2771.2769,108.120605,147.43367,0.7606348,14.154886,1.7960008,0.746394,19.686268,2659.0325,279.08054,296.9559,0.30134556,158.22302,2.5321555,0.0791124,19.993513,2810.462,6.209704,7.887113,0.70607823,14.311277,0.90477777
156,1.0099659,0.16827393,0.18424034,0.07492828,0.023452759,0.020778656,0.033992767,0.026638031,24.217875,15.985067,8.8025055,0.54066795,0.048780486,0.099378884,0.24675325,0.32,0.0,0.0,0.0,0.02434276,0.084908925,0.16191126,0.25951397,0.09031063,2.0847375,1.0644196,1.0763861,2.3097372,6.657657e+07,6.397741e+06,9.296269e+06,146511.9,0.00015096027,2.4366702e-06,4.1851517e-06,2.362571e-07,38.264835,8.9917,2.429266,0.734555,1.048744,0.57127106,0.54990923,1.1593459,5556.625,505.6953,531.84766,264.875,20.516014,20.041817,19.861067,19.93763,0.0122953085,0.0019101914,0.0028733,0.0012892702,20.485611,20.047754,19.87092,19.937407,0.0130672455,0.010425568,0.016269684,0.013270378,0.9268293,0.72670805,0.5519481,0.28,1.5786018,0.05008442,0.30575818,0.9756098,0.12129021,0.03606058,0.02178702,0.06832298,0.12314987,0.01690525,0.0358664,0.16883117,0.03907013,0.016457528,0.017660309,0.58,1.7867069,0.18034172,0.2319355,0.075733185,0.0061125513,0.005238613,0.009808232,0.0039028244,133.91122,28.846165,24.181347,1.2991127,4.3384266,2.2279155,2.9005876,0.90024954,6.051461,-1.4336085,-0.038108084,0.1674747,0.25225073,0.038283706,0.057066806,0.025704993,0.39446327,0.5490422,0.70501566,0.78594345,20.47792,20.03065,19.849562,19.937313,0.9392772,20.024654,2818.9998,131.61443,135.52747,0.04771744,63.069984,48.19259,0.19286226,19.896809,2947.6936,127.33873,46.23906,0.901027,59.846535,1.2829381,0.17296797,19.742579,2945.1924,201.58844,20.737404,0.47185886,49.579586,0.9750436,0.019738032,19.933344,2835.1323,6.729833,15.432786,0.18735152,7.18898,0.6901306
157,0.46725368,0.2713337,1.5036707,0.12155342,0.043748856,0.040245056,0.059692383,0.06332207,9.738547,10.536033,24.418587,0.22961907,0.06849315,0.14556962,0.046666667,0.3069307,0.0,0.0,0.0,0.012667321,0.15034993,0.14614108,0.13297088,0.16245295,1.4973066,1.7540947,1.8610511,2.0825408,4.8732724e+07,1.2488321e+07,1.8473382e+07,133147.0,1.8930412e-05,6.7497017e-06,0.00010210234,-1.1074749e-06,21.14166,4.212289,72.748924,0.07035017,0.7689344,0.9011927,0.93427134,1.0512406,1264.7969,1111.3828,5553.5625,378.1289,21.706306,21.021643,20.833315,20.784136,0.0044617136,0.003560167,0.012589148,0.0022445435,21.704111,21.025438,20.82848,20.784607,0.019329071,0.020002365,0.028565407,0.03170204,0.8082192,0.62658226,0.8,0.22772278,0.59113693,0.068243474,0.0,0.98630136,0.1901207,0.049004477,0.053963043,0.08227848,1.9379826,0.109126434,1.0427791,0.9866667,0.073820114,0.028736966,0.029278738,0.57425743,0.5852337,0.2791195,2.654333,0.122369766,0.005425599,0.0131406095,0.015172175,0.007371489,20.572104,19.673803,22.153269,1.3425331,2.0867512,2.1254814,2.6883545,0.88360137,1.9051028,-0.1321903,7.5929112,0.17764671,0.09684732,0.07484056,0.2622737,0.046650898,0.47431195,0.5709143,0.70186555,0.760629,21.693575,20.996748,20.785053,20.78619,0.4988181,21.34471,2869.055,116.618645,108.18357,0.50518507,28.896006,3.2989364,0.33156338,20.803587,2899.2642,141.72563,64.75783,0.66423935,59.06897,2.24667,1.3896685,20.563108,2690.0125,165.86261,110.031654,0.6341884,104.57917,1.4728142,0.14882125,20.680614,2825.0664,9.779745,0.8644452,0.61689955,2.8918788,0.62760234
158,0.18765926,1.2276697,0.63936424,0.9583101,0.032978058,0.0521183,0.077056885,0.08834648,9.698278,30.09692,13.37397,16.941843,0.1,0.05263158,0.12162162,0.031578947,0.0,0.0,0.0,1.6003405e-06,0.20744495,0.0839271,0.15895148,0.08325046,0.59695685,1.8939517,1.1943042,2.059639,7.373822e+06,1.5392195e+07,9.723089e+06,115864.17,8.069999e-06,7.5406184e-05,1.4130348e-05,0.0001063748,14.487909,119.315155,21.169115,39.166252,0.44446853,0.94888264,0.59943336,1.030375,230.74219,4658.289,1770.5117,3527.5547,21.31388,21.255169,20.994654,21.123436,0.0029324992,0.009148279,0.007419979,0.010935661,21.325691,21.24504,20.986725,21.083605,0.016759872,0.025841713,0.037900925,0.03995323,0.55,0.92105263,0.6554054,0.85263157,0.29372215,0.016353102,0.027855482,0.0375,2.2590065,0.0653096,0.0,0.9934211,0.78699684,0.08254809,0.24656016,0.972973,1.5118904,0.071035706,0.27616367,0.97894734,0.31336403,2.2542706,1.0166817,1.715168,0.0061698603,0.009602802,0.014138304,0.012254519,24.232946,12.780577,7.708935,1.8312274,2.2222023,1.7717518,1.8625147,0.9914133,-3.5761778,10.297132,3.871104,5.9872375,0.062502936,0.19444822,0.1557799,0.23099874,0.5011104,0.60090727,0.73255026,0.7261343,21.307564,21.210896,20.961618,21.08159,0.37702364,21.064129,2630.3967,182.78825,38.388466,0.0650284,188.65063,1.7256908,0.48874122,20.977062,2760.66,222.35501,137.20525,0.036092512,64.438484,1.253262,0.5729835,20.762278,2800.5464,203.06567,166.56026,0.41821888,35.86452,0.7458308,0.18193294,20.97571,2825.562,22.626783,21.384115,0.58673966,8.52975,0.9693439
